row_id,label
0,normal
1,normal
2,normal
3,normal
4,normal
5,normal
6,normal
7,normal
8,normal
9,normal
10,normal
11,normal
12,normal
13,normal
14,normal
15,normal
16,normal
17,normal
18,normal
19,normal
20,normal
21,normal
22,normal
23,normal
24,normal
25,normal
26,normal
27,normal
28,normal
29,normal
30,normal
31,normal
32,normal
33,normal
34,normal
35,normal
36,normal
37,normal
38,normal
39,normal
40,normal
41,normal
42,normal
43,normal
44,normal
45,normal
46,normal
47,normal
48,normal
49,normal
50,normal
51,normal
52,normal
53,normal
54,normal
55,normal
56,normal
57,normal
58,normal
59,normal
60,normal
61,normal
62,normal
63,normal
64,normal
65,normal
66,normal
67,normal
68,normal
69,normal
70,normal
71,normal
72,normal
73,normal
74,normal
75,normal
76,normal
77,normal
78,normal
79,normal
80,normal
81,normal
82,normal
83,normal
84,normal
85,normal
86,normal
87,normal
88,normal
89,normal
90,normal
91,normal
92,normal
93,normal
94,normal
95,normal
96,normal
97,normal
98,normal
99,normal
100,normal
101,normal
102,normal
103,normal
104,normal
105,normal
106,normal
107,normal
108,normal
109,normal
110,normal
111,normal
112,normal
113,normal
114,normal
115,normal
116,normal
117,normal
118,normal
119,normal
120,normal
121,normal
122,normal
123,normal
124,normal
125,normal
126,normal
127,normal
128,normal
129,normal
130,normal
131,normal
132,normal
133,normal
134,normal
135,normal
136,normal
137,normal
138,normal
139,normal
140,normal
141,normal
142,normal
143,normal
144,normal
145,normal
146,normal
147,normal
148,normal
149,normal
150,normal
151,normal
152,normal
153,normal
154,normal
155,normal
156,normal
157,normal
158,normal
159,normal
160,impossible_travel
161,normal
162,normal
163,impossible_travel
164,normal
165,normal
166,normal
167,normal
168,normal
169,normal
170,normal
171,normal
172,normal
173,normal
174,normal
175,normal
176,normal
177,normal
178,normal
179,normal
180,normal
181,normal
182,normal
183,normal
184,normal
185,normal
186,normal
187,normal
188,normal
189,normal
190,normal
191,normal
192,normal
193,normal
194,normal
195,normal
196,normal
197,normal
198,normal
199,normal
200,normal
201,normal
202,normal
203,normal
204,normal
205,normal
206,normal
207,normal
208,normal
209,normal
210,normal
211,normal
212,normal
213,normal
214,normal
215,normal
216,normal
217,normal
218,normal
219,normal
220,insider_drift
221,normal
222,normal
223,normal
224,normal
225,normal
226,normal
227,normal
228,normal
229,normal
230,normal
231,normal
232,normal
233,normal
234,normal
235,normal
236,normal
237,normal
238,normal
239,normal
240,normal
241,normal
242,normal
243,device_spoofing
244,normal
245,normal
246,normal
247,normal
248,normal
249,normal
250,normal
251,normal
252,normal
253,normal
254,normal
255,normal
256,normal
257,normal
258,normal
259,normal
260,normal
261,normal
262,normal
263,normal
264,normal
265,normal
266,normal
267,normal
268,normal
269,normal
270,normal
271,normal
272,normal
273,normal
274,normal
275,normal
276,normal
277,normal
278,normal
279,normal
280,normal
281,normal
282,normal
283,normal
284,normal
285,normal
286,normal
287,normal
288,normal
289,normal
290,normal
291,normal
292,normal
293,normal
294,normal
295,normal
296,normal
297,normal
298,normal
299,normal
300,normal
301,normal
302,normal
303,normal
304,normal
305,normal
306,normal
307,normal
308,normal
309,normal
310,normal
311,normal
312,normal
313,normal
314,normal
315,normal
316,normal
317,normal
318,normal
319,normal
320,normal
321,normal
322,normal
323,normal
324,normal
325,normal
326,normal
327,normal
328,normal
329,normal
330,normal
331,normal
332,normal
333,normal
334,normal
335,normal
336,device_spoofing
337,normal
338,normal
339,normal
340,normal
341,normal
342,normal
343,normal
344,normal
345,normal
346,normal
347,normal
348,normal
349,normal
350,normal
351,normal
352,normal
353,normal
354,normal
355,normal
356,normal
357,normal
358,normal
359,normal
360,normal
361,normal
362,normal
363,normal
364,normal
365,normal
366,normal
367,normal
368,credential_stuffing
369,credential_stuffing
370,credential_stuffing
371,credential_stuffing
372,credential_stuffing
373,credential_stuffing
374,credential_stuffing
375,credential_stuffing
376,credential_stuffing
377,credential_stuffing
378,credential_stuffing
379,credential_stuffing
380,credential_stuffing
381,credential_stuffing
382,credential_stuffing
383,credential_stuffing
384,credential_stuffing
385,credential_stuffing
386,credential_stuffing
387,credential_stuffing
388,normal
389,normal
390,normal
391,normal
392,normal
393,normal
394,normal
395,normal
396,normal
397,normal
398,normal
399,normal
400,normal
401,normal
402,normal
403,normal
404,normal
405,normal
406,normal
407,normal
408,normal
409,normal
410,normal
411,normal
412,normal
413,normal
414,normal
415,normal
416,normal
417,normal
418,normal
419,normal
420,normal
421,normal
422,normal
423,normal
424,normal
425,normal
426,normal
427,normal
428,normal
429,normal
430,normal
431,normal
432,normal
433,normal
434,normal
435,normal
436,normal
437,normal
438,normal
439,normal
440,normal
441,normal
442,normal
443,normal
444,normal
445,normal
446,normal
447,normal
448,normal
449,normal
450,normal
451,normal
452,normal
453,normal
454,normal
455,normal
456,normal
457,normal
458,normal
459,normal
460,normal
461,normal
462,normal
463,normal
464,normal
465,normal
466,normal
467,normal
468,normal
469,normal
470,normal
471,normal
472,normal
473,normal
474,normal
475,normal
476,normal
477,normal
478,normal
479,normal
480,normal
481,normal
482,normal
483,normal
484,normal
485,normal
486,normal
487,normal
488,normal
489,normal
490,normal
491,normal
492,normal
493,normal
494,normal
495,normal
496,normal
497,normal
498,normal
499,normal
500,normal
501,normal
502,normal
503,normal
504,normal
505,normal
506,normal
507,normal
508,normal
509,normal
510,normal
511,normal
512,normal
513,normal
514,normal
515,normal
516,normal
517,normal
518,normal
519,normal
520,normal
521,normal
522,normal
523,normal
524,normal
525,normal
526,normal
527,normal
528,normal
529,normal
530,normal
531,normal
532,normal
533,device_spoofing
534,normal
535,normal
536,normal
537,normal
538,normal
539,normal
540,normal
541,normal
542,normal
543,normal
544,normal
545,normal
546,normal
547,normal
548,normal
549,normal
550,normal
551,normal
552,normal
553,normal
554,normal
555,normal
556,normal
557,normal
558,normal
559,normal
560,normal
561,normal
562,normal
563,normal
564,normal
565,normal
566,normal
567,normal
568,normal
569,normal
570,normal
571,normal
572,normal
573,normal
574,normal
575,normal
576,normal
577,normal
578,normal
579,normal
580,normal
581,normal
582,normal
583,normal
584,normal
585,normal
586,normal
587,normal
588,normal
589,normal
590,normal
591,normal
592,normal
593,normal
594,normal
595,normal
596,normal
597,normal
598,normal
599,normal
600,normal
601,normal
602,normal
603,normal
604,normal
605,normal
606,normal
607,normal
608,normal
609,normal
610,normal
611,normal
612,normal
613,normal
614,normal
615,normal
616,normal
617,normal
618,normal
619,normal
620,normal
621,normal
622,normal
623,normal
624,normal
625,normal
626,normal
627,normal
628,normal
629,normal
630,normal
631,normal
632,normal
633,normal
634,normal
635,insider_drift
636,normal
637,normal
638,normal
639,normal
640,normal
641,normal
642,normal
643,normal
644,normal
645,normal
646,normal
647,normal
648,normal
649,normal
650,normal
651,normal
652,normal
653,normal
654,normal
655,normal
656,normal
657,normal
658,normal
659,normal
660,normal
661,normal
662,normal
663,normal
664,normal
665,normal
666,normal
667,normal
668,normal
669,normal
670,normal
671,normal
672,normal
673,normal
674,normal
675,normal
676,normal
677,normal
678,normal
679,normal
680,normal
681,normal
682,normal
683,normal
684,normal
685,normal
686,normal
687,normal
688,normal
689,normal
690,normal
691,normal
692,normal
693,normal
694,normal
695,normal
696,normal
697,normal
698,normal
699,normal
700,normal
701,normal
702,normal
703,normal
704,normal
705,normal
706,normal
707,normal
708,normal
709,normal
710,normal
711,normal
712,normal
713,normal
714,normal
715,normal
716,normal
717,normal
718,normal
719,normal
720,normal
721,normal
722,normal
723,normal
724,normal
725,normal
726,normal
727,normal
728,normal
729,normal
730,normal
731,normal
732,normal
733,normal
734,normal
735,normal
736,normal
737,normal
738,normal
739,normal
740,normal
741,normal
742,normal
743,normal
744,normal
745,normal
746,normal
747,normal
748,normal
749,normal
750,normal
751,normal
752,normal
753,normal
754,normal
755,normal
756,normal
757,normal
758,normal
759,normal
760,normal
761,normal
762,normal
763,normal
764,normal
765,normal
766,normal
767,normal
768,normal
769,normal
770,normal
771,normal
772,normal
773,normal
774,normal
775,normal
776,normal
777,normal
778,normal
779,normal
780,normal
781,normal
782,normal
783,normal
784,normal
785,normal
786,normal
787,normal
788,normal
789,normal
790,normal
791,normal
792,normal
793,normal
794,normal
795,normal
796,normal
797,normal
798,normal
799,normal
800,normal
801,normal
802,normal
803,normal
804,normal
805,normal
806,normal
807,normal
808,normal
809,normal
810,normal
811,normal
812,normal
813,normal
814,normal
815,normal
816,normal
817,normal
818,normal
819,normal
820,normal
821,normal
822,normal
823,normal
824,normal
825,normal
826,normal
827,normal
828,normal
829,normal
830,normal
831,normal
832,normal
833,normal
834,normal
835,normal
836,normal
837,normal
838,normal
839,normal
840,normal
841,normal
842,normal
843,normal
844,normal
845,normal
846,normal
847,normal
848,normal
849,normal
850,normal
851,normal
852,normal
853,normal
854,normal
855,normal
856,normal
857,normal
858,normal
859,normal
860,normal
861,normal
862,normal
863,normal
864,normal
865,normal
866,normal
867,normal
868,normal
869,normal
870,normal
871,normal
872,normal
873,normal
874,normal
875,normal
876,normal
877,normal
878,normal
879,normal
880,normal
881,normal
882,normal
883,normal
884,normal
885,normal
886,normal
887,normal
888,normal
889,normal
890,normal
891,normal
892,normal
893,normal
894,normal
895,normal
896,normal
897,normal
898,normal
899,normal
900,normal
901,normal
902,normal
903,normal
904,normal
905,normal
906,normal
907,normal
908,normal
909,normal
910,normal
911,normal
912,normal
913,normal
914,normal
915,normal
916,normal
917,normal
918,normal
919,normal
920,normal
921,normal
922,normal
923,normal
924,normal
925,normal
926,normal
927,normal
928,normal
929,normal
930,normal
931,normal
932,normal
933,normal
934,normal
935,normal
936,normal
937,normal
938,normal
939,normal
940,normal
941,normal
942,normal
943,normal
944,normal
945,normal
946,normal
947,normal
948,normal
949,normal
950,normal
951,normal
952,normal
953,normal
954,normal
955,normal
956,normal
957,normal
958,normal
959,normal
960,normal
961,normal
962,normal
963,normal
964,normal
965,normal
966,normal
967,normal
968,normal
969,normal
970,normal
971,normal
972,normal
973,insider_drift
974,normal
975,normal
976,normal
977,lateral_movement
978,lateral_movement
979,lateral_movement
980,normal
981,normal
982,lateral_movement
983,lateral_movement
984,lateral_movement
985,lateral_movement
986,normal
987,normal
988,normal
989,normal
990,normal
991,normal
992,normal
993,normal
994,normal
995,normal
996,normal
997,normal
998,normal
999,normal
1000,normal
1001,normal
1002,normal
1003,normal
1004,normal
1005,normal
1006,normal
1007,normal
1008,normal
1009,normal
1010,normal
1011,normal
1012,normal
1013,normal
1014,normal
1015,normal
1016,normal
1017,normal
1018,normal
1019,normal
1020,normal
1021,normal
1022,normal
1023,normal
1024,normal
1025,normal
1026,normal
1027,normal
1028,normal
1029,normal
1030,normal
1031,normal
1032,normal
1033,normal
1034,normal
1035,normal
1036,normal
1037,normal
1038,normal
1039,normal
1040,normal
1041,normal
1042,normal
1043,normal
1044,normal
1045,normal
1046,normal
1047,normal
1048,normal
1049,normal
1050,normal
1051,normal
1052,normal
1053,normal
1054,normal
1055,normal
1056,normal
1057,normal
1058,normal
1059,normal
1060,normal
1061,normal
1062,normal
1063,normal
1064,normal
1065,normal
1066,normal
1067,normal
1068,normal
1069,normal
1070,normal
1071,normal
1072,normal
1073,normal
1074,normal
1075,normal
1076,normal
1077,normal
1078,normal
1079,normal
1080,normal
1081,normal
1082,normal
1083,normal
1084,normal
1085,normal
1086,normal
1087,normal
1088,normal
1089,normal
1090,normal
1091,normal
1092,normal
1093,normal
1094,normal
1095,normal
1096,normal
1097,normal
1098,normal
1099,normal
1100,normal
1101,normal
1102,normal
1103,normal
1104,normal
1105,normal
1106,normal
1107,normal
1108,normal
1109,normal
1110,normal
1111,normal
1112,normal
1113,normal
1114,normal
1115,normal
1116,normal
1117,normal
1118,normal
1119,normal
1120,normal
1121,normal
1122,normal
1123,normal
1124,normal
1125,normal
1126,normal
1127,normal
1128,normal
1129,normal
1130,normal
1131,normal
1132,normal
1133,normal
1134,normal
1135,normal
1136,normal
1137,normal
1138,normal
1139,normal
1140,normal
1141,normal
1142,normal
1143,normal
1144,normal
1145,normal
1146,normal
1147,normal
1148,normal
1149,normal
1150,normal
1151,normal
1152,normal
1153,normal
1154,normal
1155,normal
1156,normal
1157,normal
1158,normal
1159,normal
1160,normal
1161,normal
1162,normal
1163,normal
1164,normal
1165,normal
1166,normal
1167,normal
1168,normal
1169,normal
1170,normal
1171,normal
1172,normal
1173,normal
1174,normal
1175,normal
1176,normal
1177,normal
1178,normal
1179,normal
1180,normal
1181,normal
1182,normal
1183,normal
1184,normal
1185,normal
1186,normal
1187,impossible_travel
1188,normal
1189,normal
1190,normal
1191,normal
1192,normal
1193,normal
1194,normal
1195,normal
1196,normal
1197,impossible_travel
1198,normal
1199,normal
1200,normal
1201,normal
1202,normal
1203,normal
1204,normal
1205,normal
1206,normal
1207,normal
1208,normal
1209,normal
1210,normal
1211,normal
1212,normal
1213,normal
1214,normal
1215,normal
1216,normal
1217,normal
1218,normal
1219,normal
1220,normal
1221,normal
1222,normal
1223,normal
1224,normal
1225,normal
1226,normal
1227,normal
1228,normal
1229,normal
1230,normal
1231,normal
1232,normal
1233,normal
1234,normal
1235,normal
1236,normal
1237,normal
1238,normal
1239,normal
1240,normal
1241,normal
1242,normal
1243,normal
1244,normal
1245,normal
1246,normal
1247,normal
1248,normal
1249,normal
1250,normal
1251,normal
1252,normal
1253,normal
1254,normal
1255,normal
1256,normal
1257,normal
1258,normal
1259,normal
1260,normal
1261,normal
1262,normal
1263,normal
1264,normal
1265,normal
1266,normal
1267,normal
1268,normal
1269,normal
1270,normal
1271,normal
1272,normal
1273,normal
1274,normal
1275,normal
1276,normal
1277,normal
1278,normal
1279,normal
1280,normal
1281,normal
1282,normal
1283,normal
1284,normal
1285,normal
1286,normal
1287,normal
1288,normal
1289,normal
1290,normal
1291,normal
1292,normal
1293,normal
1294,normal
1295,normal
1296,normal
1297,normal
1298,normal
1299,normal
1300,normal
1301,normal
1302,normal
1303,normal
1304,normal
1305,normal
1306,normal
1307,normal
1308,normal
1309,normal
1310,normal
1311,normal
1312,normal
1313,normal
1314,normal
1315,normal
1316,normal
1317,normal
1318,normal
1319,normal
1320,normal
1321,normal
1322,normal
1323,normal
1324,normal
1325,normal
1326,normal
1327,normal
1328,normal
1329,normal
1330,normal
1331,normal
1332,normal
1333,normal
1334,normal
1335,normal
1336,normal
1337,normal
1338,normal
1339,normal
1340,normal
1341,normal
1342,normal
1343,normal
1344,normal
1345,normal
1346,normal
1347,normal
1348,normal
1349,normal
1350,normal
1351,normal
1352,normal
1353,normal
1354,normal
1355,normal
1356,normal
1357,normal
1358,normal
1359,normal
1360,normal
1361,normal
1362,normal
1363,normal
1364,normal
1365,normal
1366,normal
1367,normal
1368,normal
1369,normal
1370,normal
1371,normal
1372,normal
1373,normal
1374,normal
1375,normal
1376,normal
1377,normal
1378,normal
1379,normal
1380,normal
1381,normal
1382,normal
1383,normal
1384,normal
1385,normal
1386,normal
1387,normal
1388,normal
1389,normal
1390,normal
1391,normal
1392,normal
1393,normal
1394,normal
1395,normal
1396,normal
1397,normal
1398,normal
1399,normal
1400,normal
1401,normal
1402,normal
1403,normal
1404,normal
1405,normal
1406,normal
1407,normal
1408,normal
1409,normal
1410,normal
1411,normal
1412,normal
1413,normal
1414,normal
1415,normal
1416,normal
1417,normal
1418,normal
1419,normal
1420,normal
1421,normal
1422,normal
1423,normal
1424,normal
1425,normal
1426,normal
1427,normal
1428,normal
1429,normal
1430,normal
1431,normal
1432,normal
1433,normal
1434,normal
1435,normal
1436,normal
1437,normal
1438,normal
1439,normal
1440,normal
1441,device_spoofing
1442,normal
1443,normal
1444,normal
1445,normal
1446,normal
1447,normal
1448,normal
1449,normal
1450,normal
1451,normal
1452,normal
1453,normal
1454,normal
1455,normal
1456,normal
1457,normal
1458,normal
1459,normal
1460,normal
1461,normal
1462,normal
1463,normal
1464,normal
1465,normal
1466,normal
1467,normal
1468,normal
1469,normal
1470,normal
1471,normal
1472,normal
1473,normal
1474,normal
1475,normal
1476,normal
1477,normal
1478,normal
1479,normal
1480,normal
1481,normal
1482,normal
1483,normal
1484,normal
1485,normal
1486,normal
1487,normal
1488,normal
1489,normal
1490,normal
1491,normal
1492,normal
1493,normal
1494,normal
1495,normal
1496,normal
1497,normal
1498,normal
1499,normal
1500,normal
1501,normal
1502,normal
1503,normal
1504,normal
1505,normal
1506,normal
1507,normal
1508,normal
1509,normal
1510,normal
1511,normal
1512,normal
1513,normal
1514,normal
1515,normal
1516,normal
1517,normal
1518,normal
1519,normal
1520,normal
1521,normal
1522,normal
1523,normal
1524,normal
1525,normal
1526,normal
1527,normal
1528,normal
1529,normal
1530,normal
1531,normal
1532,normal
1533,normal
1534,normal
1535,normal
1536,normal
1537,normal
1538,normal
1539,normal
1540,normal
1541,normal
1542,normal
1543,normal
1544,normal
1545,normal
1546,normal
1547,normal
1548,normal
1549,normal
1550,normal
1551,normal
1552,normal
1553,normal
1554,normal
1555,normal
1556,normal
1557,normal
1558,normal
1559,normal
1560,normal
1561,normal
1562,normal
1563,normal
1564,normal
1565,normal
1566,normal
1567,normal
1568,normal
1569,normal
1570,normal
1571,normal
1572,normal
1573,normal
1574,normal
1575,normal
1576,normal
1577,normal
1578,normal
1579,normal
1580,normal
1581,normal
1582,normal
1583,normal
1584,normal
1585,normal
1586,normal
1587,normal
1588,normal
1589,normal
1590,normal
1591,normal
1592,normal
1593,normal
1594,normal
1595,normal
1596,normal
1597,normal
1598,normal
1599,normal
1600,normal
1601,normal
1602,normal
1603,normal
1604,normal
1605,normal
1606,normal
1607,normal
1608,normal
1609,normal
1610,normal
1611,normal
1612,normal
1613,normal
1614,normal
1615,normal
1616,normal
1617,normal
1618,normal
1619,normal
1620,normal
1621,normal
1622,normal
1623,normal
1624,normal
1625,normal
1626,normal
1627,normal
1628,normal
1629,normal
1630,normal
1631,normal
1632,normal
1633,normal
1634,normal
1635,normal
1636,normal
1637,normal
1638,normal
1639,normal
1640,normal
1641,normal
1642,normal
1643,normal
1644,normal
1645,normal
1646,normal
1647,normal
1648,normal
1649,normal
1650,normal
1651,normal
1652,device_spoofing
1653,normal
1654,normal
1655,normal
1656,normal
1657,normal
1658,normal
1659,normal
1660,normal
1661,normal
1662,normal
1663,normal
1664,normal
1665,normal
1666,normal
1667,normal
1668,normal
1669,normal
1670,normal
1671,normal
1672,normal
1673,normal
1674,normal
1675,normal
1676,normal
1677,normal
1678,normal
1679,normal
1680,normal
1681,normal
1682,normal
1683,normal
1684,normal
1685,normal
1686,normal
1687,normal
1688,normal
1689,normal
1690,normal
1691,normal
1692,normal
1693,normal
1694,normal
1695,normal
1696,normal
1697,normal
1698,normal
1699,normal
1700,normal
1701,normal
1702,normal
1703,normal
1704,normal
1705,normal
1706,normal
1707,normal
1708,normal
1709,normal
1710,normal
1711,normal
1712,normal
1713,normal
1714,normal
1715,normal
1716,normal
1717,normal
1718,normal
1719,normal
1720,normal
1721,normal
1722,normal
1723,normal
1724,normal
1725,normal
1726,normal
1727,normal
1728,normal
1729,normal
1730,normal
1731,normal
1732,normal
1733,normal
1734,normal
1735,normal
1736,normal
1737,normal
1738,normal
1739,normal
1740,normal
1741,normal
1742,normal
1743,normal
1744,normal
1745,normal
1746,normal
1747,normal
1748,normal
1749,normal
1750,normal
1751,normal
1752,normal
1753,normal
1754,normal
1755,normal
1756,normal
1757,normal
1758,normal
1759,normal
1760,normal
1761,normal
1762,normal
1763,normal
1764,normal
1765,normal
1766,normal
1767,normal
1768,normal
1769,normal
1770,normal
1771,normal
1772,normal
1773,normal
1774,normal
1775,normal
1776,normal
1777,normal
1778,normal
1779,normal
1780,normal
1781,normal
1782,normal
1783,normal
1784,normal
1785,normal
1786,insider_drift
1787,normal
1788,normal
1789,normal
1790,normal
1791,normal
1792,normal
1793,normal
1794,normal
1795,normal
1796,normal
1797,normal
1798,normal
1799,normal
1800,normal
1801,normal
1802,normal
1803,normal
1804,normal
1805,normal
1806,normal
1807,normal
1808,normal
1809,normal
1810,normal
1811,normal
1812,normal
1813,normal
1814,normal
1815,normal
1816,normal
1817,normal
1818,normal
1819,normal
1820,normal
1821,normal
1822,normal
1823,normal
1824,normal
1825,normal
1826,normal
1827,normal
1828,normal
1829,normal
1830,normal
1831,normal
1832,normal
1833,normal
1834,normal
1835,normal
1836,normal
1837,normal
1838,normal
1839,normal
1840,normal
1841,normal
1842,normal
1843,normal
1844,normal
1845,normal
1846,normal
1847,normal
1848,normal
1849,normal
1850,normal
1851,normal
1852,normal
1853,normal
1854,normal
1855,normal
1856,normal
1857,normal
1858,normal
1859,normal
1860,normal
1861,normal
1862,normal
1863,normal
1864,normal
1865,normal
1866,normal
1867,normal
1868,normal
1869,normal
1870,normal
1871,normal
1872,normal
1873,normal
1874,normal
1875,normal
1876,normal
1877,normal
1878,normal
1879,normal
1880,normal
1881,normal
1882,normal
1883,normal
1884,normal
1885,normal
1886,normal
1887,normal
1888,normal
1889,normal
1890,normal
1891,normal
1892,normal
1893,normal
1894,normal
1895,normal
1896,normal
1897,normal
1898,normal
1899,normal
1900,normal
1901,normal
1902,normal
1903,normal
1904,normal
1905,normal
1906,normal
1907,normal
1908,normal
1909,normal
1910,normal
1911,normal
1912,normal
1913,normal
1914,normal
1915,normal
1916,normal
1917,normal
1918,normal
1919,normal
1920,normal
1921,normal
1922,normal
1923,normal
1924,normal
1925,normal
1926,normal
1927,normal
1928,normal
1929,normal
1930,normal
1931,normal
1932,normal
1933,normal
1934,normal
1935,normal
1936,normal
1937,normal
1938,normal
1939,normal
1940,normal
1941,normal
1942,normal
1943,normal
1944,normal
1945,normal
1946,normal
1947,normal
1948,normal
1949,normal
1950,normal
1951,normal
1952,normal
1953,normal
1954,normal
1955,normal
1956,normal
1957,normal
1958,normal
1959,normal
1960,normal
1961,normal
1962,normal
1963,normal
1964,normal
1965,normal
1966,normal
1967,normal
1968,normal
1969,normal
1970,normal
1971,normal
1972,normal
1973,normal
1974,normal
1975,normal
1976,normal
1977,normal
1978,normal
1979,normal
1980,normal
1981,normal
1982,normal
1983,normal
1984,normal
1985,normal
1986,normal
1987,normal
1988,normal
1989,normal
1990,normal
1991,normal
1992,normal
1993,normal
1994,normal
1995,normal
1996,normal
1997,normal
1998,normal
1999,normal
2000,normal
2001,normal
2002,normal
2003,normal
2004,normal
2005,normal
2006,normal
2007,normal
2008,normal
2009,normal
2010,normal
2011,normal
2012,normal
2013,normal
2014,normal
2015,normal
2016,normal
2017,normal
2018,normal
2019,normal
2020,normal
2021,normal
2022,normal
2023,normal
2024,normal
2025,normal
2026,normal
2027,normal
2028,normal
2029,normal
2030,normal
2031,normal
2032,normal
2033,device_spoofing
2034,normal
2035,normal
2036,normal
2037,normal
2038,normal
2039,normal
2040,normal
2041,normal
2042,normal
2043,normal
2044,normal
2045,normal
2046,device_spoofing
2047,normal
2048,normal
2049,normal
2050,normal
2051,normal
2052,normal
2053,normal
2054,normal
2055,normal
2056,normal
2057,normal
2058,normal
2059,normal
2060,normal
2061,normal
2062,normal
2063,normal
2064,normal
2065,normal
2066,normal
2067,normal
2068,normal
2069,normal
2070,normal
2071,normal
2072,normal
2073,normal
2074,normal
2075,normal
2076,normal
2077,normal
2078,normal
2079,device_spoofing
2080,normal
2081,normal
2082,normal
2083,normal
2084,normal
2085,normal
2086,normal
2087,normal
2088,normal
2089,normal
2090,normal
2091,normal
2092,normal
2093,normal
2094,normal
2095,normal
2096,normal
2097,normal
2098,normal
2099,normal
2100,normal
2101,normal
2102,normal
2103,normal
2104,normal
2105,normal
2106,normal
2107,normal
2108,normal
2109,normal
2110,normal
2111,normal
2112,normal
2113,normal
2114,normal
2115,normal
2116,normal
2117,normal
2118,normal
2119,normal
2120,normal
2121,normal
2122,normal
2123,normal
2124,normal
2125,normal
2126,normal
2127,normal
2128,normal
2129,normal
2130,normal
2131,normal
2132,normal
2133,normal
2134,normal
2135,normal
2136,normal
2137,normal
2138,normal
2139,normal
2140,normal
2141,normal
2142,normal
2143,normal
2144,normal
2145,normal
2146,normal
2147,normal
2148,normal
2149,normal
2150,normal
2151,normal
2152,normal
2153,normal
2154,normal
2155,normal
2156,normal
2157,normal
2158,normal
2159,normal
2160,normal
2161,normal
2162,normal
2163,normal
2164,normal
2165,normal
2166,normal
2167,normal
2168,normal
2169,normal
2170,normal
2171,normal
2172,normal
2173,normal
2174,normal
2175,normal
2176,normal
2177,normal
2178,normal
2179,normal
2180,normal
2181,normal
2182,normal
2183,normal
2184,normal
2185,normal
2186,normal
2187,normal
2188,normal
2189,normal
2190,normal
2191,normal
2192,normal
2193,normal
2194,normal
2195,normal
2196,normal
2197,normal
2198,normal
2199,normal
2200,normal
2201,normal
2202,normal
2203,normal
2204,normal
2205,normal
2206,normal
2207,normal
2208,normal
2209,normal
2210,normal
2211,normal
2212,normal
2213,normal
2214,normal
2215,normal
2216,normal
2217,normal
2218,normal
2219,normal
2220,normal
2221,normal
2222,normal
2223,device_spoofing
2224,normal
2225,normal
2226,normal
2227,normal
2228,normal
2229,normal
2230,normal
2231,normal
2232,normal
2233,normal
2234,normal
2235,normal
2236,normal
2237,normal
2238,normal
2239,normal
2240,normal
2241,normal
2242,normal
2243,normal
2244,normal
2245,normal
2246,normal
2247,normal
2248,normal
2249,normal
2250,normal
2251,normal
2252,normal
2253,normal
2254,normal
2255,normal
2256,normal
2257,normal
2258,normal
2259,normal
2260,normal
2261,normal
2262,normal
2263,normal
2264,normal
2265,normal
2266,normal
2267,normal
2268,normal
2269,normal
2270,normal
2271,normal
2272,normal
2273,normal
2274,normal
2275,normal
2276,normal
2277,normal
2278,normal
2279,normal
2280,normal
2281,normal
2282,normal
2283,normal
2284,normal
2285,normal
2286,normal
2287,normal
2288,normal
2289,normal
2290,normal
2291,normal
2292,normal
2293,normal
2294,normal
2295,normal
2296,normal
2297,normal
2298,normal
2299,normal
2300,normal
2301,normal
2302,normal
2303,normal
2304,normal
2305,normal
2306,normal
2307,normal
2308,normal
2309,normal
2310,normal
2311,normal
2312,normal
2313,normal
2314,normal
2315,normal
2316,normal
2317,normal
2318,normal
2319,normal
2320,normal
2321,normal
2322,normal
2323,normal
2324,normal
2325,normal
2326,normal
2327,normal
2328,normal
2329,normal
2330,normal
2331,normal
2332,normal
2333,normal
2334,normal
2335,normal
2336,normal
2337,normal
2338,normal
2339,normal
2340,normal
2341,normal
2342,normal
2343,normal
2344,normal
2345,normal
2346,normal
2347,normal
2348,normal
2349,normal
2350,normal
2351,normal
2352,normal
2353,normal
2354,normal
2355,normal
2356,normal
2357,normal
2358,normal
2359,normal
2360,normal
2361,normal
2362,normal
2363,normal
2364,normal
2365,normal
2366,normal
2367,normal
2368,normal
2369,normal
2370,normal
2371,normal
2372,normal
2373,normal
2374,normal
2375,normal
2376,normal
2377,normal
2378,normal
2379,normal
2380,normal
2381,normal
2382,normal
2383,normal
2384,normal
2385,normal
2386,normal
2387,normal
2388,normal
2389,normal
2390,normal
2391,normal
2392,normal
2393,normal
2394,normal
2395,normal
2396,normal
2397,normal
2398,normal
2399,normal
2400,normal
2401,normal
2402,normal
2403,normal
2404,normal
2405,normal
2406,normal
2407,normal
2408,normal
2409,normal
2410,normal
2411,normal
2412,normal
2413,normal
2414,normal
2415,normal
2416,normal
2417,normal
2418,normal
2419,normal
2420,normal
2421,normal
2422,normal
2423,normal
2424,normal
2425,normal
2426,normal
2427,normal
2428,normal
2429,normal
2430,normal
2431,normal
2432,normal
2433,normal
2434,normal
2435,normal
2436,normal
2437,normal
2438,normal
2439,normal
2440,normal
2441,normal
2442,normal
2443,normal
2444,normal
2445,normal
2446,normal
2447,normal
2448,normal
2449,normal
2450,normal
2451,normal
2452,normal
2453,normal
2454,normal
2455,normal
2456,normal
2457,normal
2458,normal
2459,normal
2460,normal
2461,normal
2462,normal
2463,normal
2464,normal
2465,normal
2466,normal
2467,normal
2468,normal
2469,normal
2470,normal
2471,normal
2472,normal
2473,normal
2474,normal
2475,normal
2476,normal
2477,normal
2478,normal
2479,normal
2480,normal
2481,normal
2482,normal
2483,normal
2484,normal
2485,normal
2486,normal
2487,normal
2488,normal
2489,normal
2490,normal
2491,normal
2492,normal
2493,normal
2494,normal
2495,normal
2496,normal
2497,normal
2498,normal
2499,normal
2500,normal
2501,normal
2502,normal
2503,normal
2504,normal
2505,normal
2506,normal
2507,normal
2508,normal
2509,normal
2510,normal
2511,normal
2512,normal
2513,normal
2514,normal
2515,normal
2516,normal
2517,normal
2518,normal
2519,normal
2520,normal
2521,normal
2522,normal
2523,normal
2524,normal
2525,normal
2526,normal
2527,normal
2528,normal
2529,normal
2530,normal
2531,normal
2532,normal
2533,normal
2534,normal
2535,normal
2536,normal
2537,normal
2538,normal
2539,normal
2540,normal
2541,normal
2542,normal
2543,normal
2544,normal
2545,normal
2546,normal
2547,normal
2548,normal
2549,normal
2550,normal
2551,normal
2552,normal
2553,normal
2554,normal
2555,normal
2556,normal
2557,normal
2558,normal
2559,normal
2560,normal
2561,normal
2562,normal
2563,normal
2564,normal
2565,normal
2566,normal
2567,normal
2568,normal
2569,normal
2570,normal
2571,normal
2572,normal
2573,normal
2574,normal
2575,normal
2576,normal
2577,normal
2578,normal
2579,normal
2580,normal
2581,normal
2582,normal
2583,normal
2584,normal
2585,normal
2586,normal
2587,normal
2588,normal
2589,normal
2590,normal
2591,normal
2592,normal
2593,normal
2594,normal
2595,normal
2596,normal
2597,normal
2598,normal
2599,normal
2600,normal
2601,normal
2602,normal
2603,normal
2604,normal
2605,normal
2606,normal
2607,normal
2608,normal
2609,normal
2610,normal
2611,normal
2612,normal
2613,normal
2614,normal
2615,normal
2616,normal
2617,normal
2618,normal
2619,normal
2620,normal
2621,normal
2622,insider_drift
2623,normal
2624,normal
2625,normal
2626,normal
2627,normal
2628,normal
2629,normal
2630,normal
2631,normal
2632,normal
2633,normal
2634,normal
2635,normal
2636,normal
2637,normal
2638,normal
2639,normal
2640,normal
2641,normal
2642,normal
2643,normal
2644,normal
2645,normal
2646,normal
2647,normal
2648,normal
2649,normal
2650,normal
2651,normal
2652,normal
2653,normal
2654,normal
2655,normal
2656,normal
2657,normal
2658,normal
2659,normal
2660,normal
2661,normal
2662,normal
2663,normal
2664,normal
2665,normal
2666,normal
2667,normal
2668,normal
2669,normal
2670,normal
2671,normal
2672,normal
2673,normal
2674,normal
2675,normal
2676,normal
2677,normal
2678,normal
2679,normal
2680,normal
2681,normal
2682,normal
2683,normal
2684,normal
2685,normal
2686,normal
2687,normal
2688,normal
2689,normal
2690,normal
2691,normal
2692,normal
2693,normal
2694,normal
2695,normal
2696,normal
2697,normal
2698,normal
2699,normal
2700,normal
2701,normal
2702,normal
2703,normal
2704,normal
2705,normal
2706,normal
2707,normal
2708,normal
2709,normal
2710,normal
2711,normal
2712,normal
2713,normal
2714,normal
2715,normal
2716,normal
2717,normal
2718,normal
2719,normal
2720,normal
2721,normal
2722,normal
2723,normal
2724,normal
2725,normal
2726,normal
2727,normal
2728,normal
2729,normal
2730,normal
2731,normal
2732,normal
2733,normal
2734,normal
2735,normal
2736,normal
2737,normal
2738,normal
2739,normal
2740,normal
2741,normal
2742,normal
2743,normal
2744,normal
2745,normal
2746,normal
2747,normal
2748,normal
2749,normal
2750,normal
2751,normal
2752,normal
2753,normal
2754,normal
2755,normal
2756,normal
2757,normal
2758,normal
2759,normal
2760,normal
2761,normal
2762,normal
2763,normal
2764,normal
2765,normal
2766,normal
2767,normal
2768,normal
2769,normal
2770,normal
2771,normal
2772,normal
2773,normal
2774,normal
2775,normal
2776,normal
2777,normal
2778,normal
2779,normal
2780,normal
2781,normal
2782,normal
2783,normal
2784,normal
2785,normal
2786,normal
2787,normal
2788,normal
2789,normal
2790,normal
2791,normal
2792,normal
2793,normal
2794,normal
2795,normal
2796,normal
2797,normal
2798,normal
2799,normal
2800,normal
2801,normal
2802,normal
2803,normal
2804,normal
2805,normal
2806,normal
2807,normal
2808,normal
2809,normal
2810,normal
2811,normal
2812,normal
2813,normal
2814,normal
2815,normal
2816,normal
2817,normal
2818,normal
2819,normal
2820,normal
2821,normal
2822,normal
2823,normal
2824,normal
2825,normal
2826,normal
2827,normal
2828,normal
2829,normal
2830,normal
2831,normal
2832,normal
2833,normal
2834,normal
2835,normal
2836,normal
2837,normal
2838,normal
2839,normal
2840,normal
2841,normal
2842,normal
2843,normal
2844,normal
2845,normal
2846,normal
2847,normal
2848,normal
2849,normal
2850,normal
2851,normal
2852,normal
2853,normal
2854,normal
2855,normal
2856,normal
2857,normal
2858,normal
2859,normal
2860,normal
2861,normal
2862,normal
2863,normal
2864,normal
2865,normal
2866,normal
2867,normal
2868,normal
2869,normal
2870,normal
2871,normal
2872,normal
2873,normal
2874,normal
2875,normal
2876,normal
2877,normal
2878,normal
2879,normal
2880,normal
2881,normal
2882,normal
2883,normal
2884,normal
2885,normal
2886,normal
2887,normal
2888,normal
2889,normal
2890,normal
2891,normal
2892,normal
2893,normal
2894,normal
2895,normal
2896,normal
2897,normal
2898,normal
2899,normal
2900,normal
2901,normal
2902,normal
2903,normal
2904,normal
2905,normal
2906,normal
2907,normal
2908,normal
2909,normal
2910,normal
2911,normal
2912,normal
2913,normal
2914,normal
2915,normal
2916,normal
2917,normal
2918,normal
2919,normal
2920,normal
2921,normal
2922,normal
2923,normal
2924,normal
2925,normal
2926,normal
2927,normal
2928,normal
2929,normal
2930,normal
2931,normal
2932,normal
2933,normal
2934,normal
2935,normal
2936,normal
2937,normal
2938,normal
2939,normal
2940,normal
2941,normal
2942,normal
2943,normal
2944,normal
2945,normal
2946,normal
2947,normal
2948,normal
2949,normal
2950,normal
2951,normal
2952,normal
2953,normal
2954,normal
2955,normal
2956,normal
2957,insider_drift
2958,normal
2959,normal
2960,normal
2961,normal
2962,normal
2963,normal
2964,normal
2965,normal
2966,normal
2967,normal
2968,normal
2969,normal
2970,normal
2971,normal
2972,normal
2973,normal
2974,normal
2975,normal
2976,normal
2977,normal
2978,normal
2979,normal
2980,normal
2981,normal
2982,normal
2983,normal
2984,normal
2985,normal
2986,normal
2987,normal
2988,normal
2989,normal
2990,normal
2991,normal
2992,normal
2993,normal
2994,normal
2995,normal
2996,normal
2997,normal
2998,normal
2999,normal
3000,normal
3001,normal
3002,normal
3003,normal
3004,normal
3005,normal
3006,normal
3007,normal
3008,normal
3009,normal
3010,normal
3011,normal
3012,normal
3013,normal
3014,normal
3015,normal
3016,normal
3017,normal
3018,normal
3019,normal
3020,normal
3021,normal
3022,normal
3023,normal
3024,normal
3025,normal
3026,normal
3027,normal
3028,normal
3029,normal
3030,normal
3031,normal
3032,normal
3033,normal
3034,normal
3035,normal
3036,normal
3037,normal
3038,normal
3039,normal
3040,normal
3041,normal
3042,normal
3043,normal
3044,normal
3045,normal
3046,normal
3047,normal
3048,normal
3049,normal
3050,normal
3051,normal
3052,normal
3053,normal
3054,normal
3055,normal
3056,normal
3057,normal
3058,normal
3059,normal
3060,normal
3061,normal
3062,normal
3063,normal
3064,normal
3065,normal
3066,normal
3067,normal
3068,normal
3069,normal
3070,normal
3071,device_spoofing
3072,normal
3073,normal
3074,normal
3075,normal
3076,normal
3077,normal
3078,normal
3079,normal
3080,normal
3081,normal
3082,normal
3083,normal
3084,normal
3085,normal
3086,normal
3087,normal
3088,normal
3089,normal
3090,normal
3091,normal
3092,normal
3093,normal
3094,normal
3095,normal
3096,normal
3097,normal
3098,normal
3099,normal
3100,normal
3101,normal
3102,normal
3103,normal
3104,normal
3105,normal
3106,normal
3107,normal
3108,normal
3109,normal
3110,normal
3111,normal
3112,normal
3113,normal
3114,normal
3115,normal
3116,normal
3117,normal
3118,normal
3119,normal
3120,normal
3121,normal
3122,normal
3123,normal
3124,normal
3125,normal
3126,normal
3127,normal
3128,normal
3129,normal
3130,normal
3131,normal
3132,normal
3133,normal
3134,normal
3135,normal
3136,normal
3137,normal
3138,impossible_travel
3139,normal
3140,normal
3141,impossible_travel
3142,normal
3143,normal
3144,normal
3145,normal
3146,normal
3147,normal
3148,normal
3149,normal
3150,normal
3151,normal
3152,normal
3153,normal
3154,normal
3155,normal
3156,normal
3157,insider_drift
3158,normal
3159,normal
3160,normal
3161,normal
3162,normal
3163,normal
3164,normal
3165,normal
3166,normal
3167,normal
3168,normal
3169,normal
3170,normal
3171,normal
3172,normal
3173,normal
3174,normal
3175,normal
3176,normal
3177,normal
3178,normal
3179,normal
3180,normal
3181,normal
3182,normal
3183,normal
3184,normal
3185,device_spoofing
3186,normal
3187,normal
3188,normal
3189,normal
3190,normal
3191,normal
3192,normal
3193,normal
3194,normal
3195,normal
3196,normal
3197,normal
3198,normal
3199,normal
3200,normal
3201,normal
3202,normal
3203,normal
3204,normal
3205,normal
3206,normal
3207,normal
3208,normal
3209,normal
3210,normal
3211,normal
3212,normal
3213,normal
3214,normal
3215,normal
3216,normal
3217,normal
3218,normal
3219,normal
3220,normal
3221,normal
3222,normal
3223,normal
3224,normal
3225,normal
3226,normal
3227,normal
3228,normal
3229,normal
3230,normal
3231,insider_drift
3232,normal
3233,normal
3234,normal
3235,normal
3236,normal
3237,normal
3238,normal
3239,normal
3240,normal
3241,normal
3242,normal
3243,normal
3244,normal
3245,normal
3246,normal
3247,normal
3248,normal
3249,normal
3250,normal
3251,normal
3252,normal
3253,normal
3254,normal
3255,normal
3256,normal
3257,normal
3258,normal
3259,normal
3260,normal
3261,normal
3262,normal
3263,normal
3264,normal
3265,normal
3266,normal
3267,normal
3268,normal
3269,normal
3270,normal
3271,normal
3272,normal
3273,normal
3274,normal
3275,normal
3276,normal
3277,normal
3278,normal
3279,normal
3280,normal
3281,normal
3282,normal
3283,normal
3284,normal
3285,normal
3286,normal
3287,normal
3288,normal
3289,normal
3290,normal
3291,normal
3292,normal
3293,normal
3294,normal
3295,normal
3296,normal
3297,normal
3298,normal
3299,normal
3300,normal
3301,normal
3302,normal
3303,normal
3304,normal
3305,normal
3306,normal
3307,normal
3308,normal
3309,normal
3310,normal
3311,normal
3312,normal
3313,normal
3314,normal
3315,normal
3316,normal
3317,normal
3318,normal
3319,normal
3320,normal
3321,normal
3322,normal
3323,normal
3324,normal
3325,normal
3326,normal
3327,normal
3328,normal
3329,normal
3330,normal
3331,normal
3332,normal
3333,normal
3334,normal
3335,normal
3336,normal
3337,normal
3338,normal
3339,normal
3340,normal
3341,normal
3342,normal
3343,normal
3344,normal
3345,normal
3346,normal
3347,normal
3348,normal
3349,normal
3350,normal
3351,normal
3352,normal
3353,normal
3354,normal
3355,normal
3356,normal
3357,normal
3358,normal
3359,normal
3360,normal
3361,normal
3362,normal
3363,normal
3364,normal
3365,normal
3366,normal
3367,normal
3368,normal
3369,normal
3370,normal
3371,normal
3372,normal
3373,normal
3374,normal
3375,normal
3376,normal
3377,normal
3378,normal
3379,normal
3380,normal
3381,normal
3382,normal
3383,normal
3384,normal
3385,normal
3386,normal
3387,normal
3388,normal
3389,normal
3390,normal
3391,normal
3392,normal
3393,normal
3394,normal
3395,normal
3396,normal
3397,normal
3398,normal
3399,normal
3400,normal
3401,normal
3402,normal
3403,normal
3404,normal
3405,normal
3406,normal
3407,normal
3408,normal
3409,normal
3410,normal
3411,normal
3412,normal
3413,normal
3414,normal
3415,normal
3416,normal
3417,normal
3418,normal
3419,normal
3420,normal
3421,normal
3422,normal
3423,normal
3424,normal
3425,normal
3426,normal
3427,normal
3428,normal
3429,normal
3430,normal
3431,normal
3432,normal
3433,normal
3434,normal
3435,normal
3436,normal
3437,normal
3438,normal
3439,normal
3440,normal
3441,normal
3442,normal
3443,normal
3444,normal
3445,normal
3446,normal
3447,normal
3448,normal
3449,normal
3450,normal
3451,normal
3452,normal
3453,normal
3454,normal
3455,normal
3456,normal
3457,normal
3458,lateral_movement
3459,normal
3460,normal
3461,normal
3462,normal
3463,normal
3464,lateral_movement
3465,normal
3466,normal
3467,normal
3468,lateral_movement
3469,lateral_movement
3470,normal
3471,normal
3472,normal
3473,normal
3474,normal
3475,normal
3476,normal
3477,lateral_movement
3478,normal
3479,normal
3480,lateral_movement
3481,normal
3482,lateral_movement
3483,normal
3484,lateral_movement
3485,lateral_movement
3486,normal
3487,normal
3488,lateral_movement
3489,normal
3490,normal
3491,lateral_movement
3492,lateral_movement
3493,normal
3494,normal
3495,normal
3496,lateral_movement
3497,normal
3498,normal
3499,normal
3500,normal
3501,lateral_movement
3502,normal
3503,normal
3504,normal
3505,normal
3506,normal
3507,normal
3508,normal
3509,normal
3510,normal
3511,normal
3512,normal
3513,normal
3514,normal
3515,normal
3516,normal
3517,normal
3518,normal
3519,normal
3520,normal
3521,normal
3522,normal
3523,normal
3524,normal
3525,normal
3526,normal
3527,normal
3528,normal
3529,normal
3530,normal
3531,normal
3532,normal
3533,normal
3534,normal
3535,normal
3536,normal
3537,normal
3538,normal
3539,normal
3540,normal
3541,normal
3542,normal
3543,normal
3544,normal
3545,normal
3546,normal
3547,normal
3548,normal
3549,normal
3550,normal
3551,normal
3552,normal
3553,normal
3554,normal
3555,normal
3556,normal
3557,normal
3558,normal
3559,normal
3560,normal
3561,normal
3562,normal
3563,normal
3564,normal
3565,normal
3566,normal
3567,normal
3568,normal
3569,normal
3570,normal
3571,normal
3572,normal
3573,normal
3574,normal
3575,normal
3576,normal
3577,normal
3578,normal
3579,normal
3580,normal
3581,normal
3582,normal
3583,normal
3584,normal
3585,normal
3586,normal
3587,normal
3588,normal
3589,normal
3590,normal
3591,normal
3592,normal
3593,normal
3594,normal
3595,normal
3596,normal
3597,normal
3598,normal
3599,normal
3600,normal
3601,normal
3602,normal
3603,normal
3604,normal
3605,normal
3606,normal
3607,normal
3608,normal
3609,normal
3610,normal
3611,normal
3612,normal
3613,normal
3614,normal
3615,normal
3616,normal
3617,normal
3618,normal
3619,normal
3620,normal
3621,normal
3622,normal
3623,normal
3624,normal
3625,normal
3626,normal
3627,normal
3628,normal
3629,normal
3630,normal
3631,normal
3632,normal
3633,normal
3634,normal
3635,normal
3636,normal
3637,normal
3638,normal
3639,normal
3640,normal
3641,normal
3642,normal
3643,normal
3644,normal
3645,normal
3646,normal
3647,normal
3648,normal
3649,normal
3650,normal
3651,normal
3652,normal
3653,normal
3654,normal
3655,normal
3656,normal
3657,normal
3658,normal
3659,normal
3660,normal
3661,normal
3662,normal
3663,normal
3664,normal
3665,normal
3666,normal
3667,normal
3668,normal
3669,normal
3670,normal
3671,normal
3672,normal
3673,normal
3674,normal
3675,normal
3676,normal
3677,normal
3678,normal
3679,normal
3680,normal
3681,normal
3682,normal
3683,normal
3684,normal
3685,normal
3686,normal
3687,normal
3688,normal
3689,normal
3690,normal
3691,normal
3692,normal
3693,normal
3694,normal
3695,normal
3696,normal
3697,normal
3698,normal
3699,normal
3700,normal
3701,normal
3702,normal
3703,normal
3704,normal
3705,normal
3706,normal
3707,normal
3708,normal
3709,normal
3710,normal
3711,normal
3712,normal
3713,normal
3714,normal
3715,normal
3716,normal
3717,normal
3718,normal
3719,normal
3720,normal
3721,normal
3722,normal
3723,normal
3724,normal
3725,normal
3726,normal
3727,normal
3728,normal
3729,normal
3730,normal
3731,normal
3732,normal
3733,normal
3734,normal
3735,normal
3736,normal
3737,normal
3738,normal
3739,normal
3740,normal
3741,normal
3742,normal
3743,normal
3744,normal
3745,normal
3746,normal
3747,normal
3748,normal
3749,normal
3750,normal
3751,normal
3752,normal
3753,normal
3754,normal
3755,normal
3756,normal
3757,normal
3758,normal
3759,normal
3760,normal
3761,normal
3762,normal
3763,normal
3764,normal
3765,normal
3766,normal
3767,normal
3768,normal
3769,normal
3770,normal
3771,normal
3772,normal
3773,normal
3774,normal
3775,normal
3776,normal
3777,normal
3778,normal
3779,normal
3780,normal
3781,normal
3782,normal
3783,normal
3784,normal
3785,normal
3786,normal
3787,normal
3788,normal
3789,normal
3790,normal
3791,normal
3792,normal
3793,normal
3794,normal
3795,normal
3796,normal
3797,normal
3798,normal
3799,normal
3800,normal
3801,normal
3802,normal
3803,normal
3804,normal
3805,normal
3806,normal
3807,normal
3808,normal
3809,normal
3810,normal
3811,normal
3812,normal
3813,normal
3814,normal
3815,normal
3816,normal
3817,normal
3818,normal
3819,normal
3820,normal
3821,normal
3822,normal
3823,normal
3824,normal
3825,normal
3826,normal
3827,normal
3828,normal
3829,normal
3830,normal
3831,normal
3832,normal
3833,normal
3834,normal
3835,normal
3836,normal
3837,normal
3838,normal
3839,normal
3840,normal
3841,normal
3842,normal
3843,normal
3844,normal
3845,normal
3846,normal
3847,normal
3848,normal
3849,normal
3850,normal
3851,normal
3852,normal
3853,normal
3854,normal
3855,normal
3856,normal
3857,normal
3858,insider_drift
3859,normal
3860,normal
3861,normal
3862,normal
3863,normal
3864,normal
3865,normal
3866,normal
3867,normal
3868,normal
3869,normal
3870,normal
3871,normal
3872,normal
3873,normal
3874,normal
3875,normal
3876,normal
3877,normal
3878,normal
3879,normal
3880,normal
3881,normal
3882,normal
3883,normal
3884,normal
3885,normal
3886,normal
3887,normal
3888,normal
3889,normal
3890,normal
3891,normal
3892,normal
3893,normal
3894,normal
3895,normal
3896,normal
3897,normal
3898,normal
3899,normal
3900,normal
3901,normal
3902,normal
3903,normal
3904,normal
3905,normal
3906,normal
3907,normal
3908,normal
3909,normal
3910,normal
3911,normal
3912,normal
3913,normal
3914,normal
3915,normal
3916,normal
3917,normal
3918,normal
3919,normal
3920,normal
3921,normal
3922,normal
3923,normal
3924,normal
3925,normal
3926,normal
3927,normal
3928,normal
3929,normal
3930,normal
3931,normal
3932,normal
3933,normal
3934,normal
3935,normal
3936,normal
3937,normal
3938,normal
3939,normal
3940,normal
3941,normal
3942,normal
3943,normal
3944,normal
3945,normal
3946,normal
3947,normal
3948,normal
3949,normal
3950,normal
3951,normal
3952,normal
3953,normal
3954,normal
3955,normal
3956,normal
3957,normal
3958,normal
3959,normal
3960,normal
3961,normal
3962,normal
3963,normal
3964,normal
3965,normal
3966,normal
3967,normal
3968,normal
3969,normal
3970,normal
3971,normal
3972,normal
3973,normal
3974,normal
3975,normal
3976,normal
3977,normal
3978,normal
3979,normal
3980,normal
3981,normal
3982,normal
3983,normal
3984,normal
3985,normal
3986,normal
3987,normal
3988,normal
3989,normal
3990,normal
3991,normal
3992,normal
3993,normal
3994,normal
3995,normal
3996,normal
3997,normal
3998,normal
3999,normal
4000,normal
4001,normal
4002,normal
4003,normal
4004,normal
4005,normal
4006,normal
4007,normal
4008,normal
4009,normal
4010,normal
4011,normal
4012,normal
4013,normal
4014,normal
4015,normal
4016,normal
4017,normal
4018,normal
4019,normal
4020,normal
4021,normal
4022,insider_drift
4023,normal
4024,normal
4025,normal
4026,normal
4027,normal
4028,normal
4029,normal
4030,normal
4031,normal
4032,normal
4033,normal
4034,normal
4035,normal
4036,normal
4037,normal
4038,normal
4039,normal
4040,normal
4041,normal
4042,normal
4043,normal
4044,normal
4045,normal
4046,normal
4047,normal
4048,normal
4049,normal
4050,normal
4051,normal
4052,normal
4053,normal
4054,normal
4055,normal
4056,normal
4057,normal
4058,normal
4059,normal
4060,normal
4061,normal
4062,normal
4063,normal
4064,normal
4065,normal
4066,normal
4067,normal
4068,normal
4069,normal
4070,normal
4071,normal
4072,normal
4073,normal
4074,impossible_travel
4075,normal
4076,normal
4077,normal
4078,impossible_travel
4079,normal
4080,normal
4081,normal
4082,normal
4083,normal
4084,normal
4085,normal
4086,normal
4087,normal
4088,normal
4089,normal
4090,normal
4091,normal
4092,normal
4093,normal
4094,normal
4095,normal
4096,normal
4097,normal
4098,normal
4099,normal
4100,normal
4101,normal
4102,normal
4103,normal
4104,normal
4105,normal
4106,normal
4107,normal
4108,normal
4109,normal
4110,normal
4111,normal
4112,normal
4113,normal
4114,normal
4115,normal
4116,normal
4117,normal
4118,lateral_movement
4119,lateral_movement
4120,lateral_movement
4121,lateral_movement
4122,lateral_movement
4123,normal
4124,lateral_movement
4125,normal
4126,lateral_movement
4127,lateral_movement
4128,normal
4129,normal
4130,normal
4131,normal
4132,normal
4133,normal
4134,normal
4135,normal
4136,normal
4137,normal
4138,normal
4139,normal
4140,normal
4141,normal
4142,normal
4143,normal
4144,normal
4145,normal
4146,normal
4147,normal
4148,normal
4149,normal
4150,normal
4151,normal
4152,normal
4153,normal
4154,normal
4155,normal
4156,normal
4157,normal
4158,normal
4159,normal
4160,normal
4161,normal
4162,normal
4163,normal
4164,normal
4165,normal
4166,normal
4167,normal
4168,normal
4169,normal
4170,normal
4171,normal
4172,normal
4173,normal
4174,normal
4175,normal
4176,normal
4177,normal
4178,normal
4179,normal
4180,normal
4181,normal
4182,normal
4183,normal
4184,normal
4185,normal
4186,normal
4187,normal
4188,normal
4189,normal
4190,normal
4191,normal
4192,normal
4193,normal
4194,normal
4195,normal
4196,normal
4197,normal
4198,normal
4199,normal
4200,normal
4201,normal
4202,normal
4203,normal
4204,normal
4205,normal
4206,normal
4207,normal
4208,normal
4209,normal
4210,normal
4211,normal
4212,normal
4213,normal
4214,normal
4215,normal
4216,normal
4217,normal
4218,normal
4219,normal
4220,normal
4221,normal
4222,normal
4223,normal
4224,normal
4225,normal
4226,normal
4227,normal
4228,normal
4229,normal
4230,normal
4231,normal
4232,normal
4233,normal
4234,normal
4235,normal
4236,normal
4237,normal
4238,normal
4239,normal
4240,normal
4241,normal
4242,normal
4243,normal
4244,normal
4245,normal
4246,normal
4247,normal
4248,normal
4249,normal
4250,normal
4251,normal
4252,normal
4253,normal
4254,normal
4255,normal
4256,normal
4257,normal
4258,normal
4259,normal
4260,normal
4261,normal
4262,normal
4263,normal
4264,normal
4265,normal
4266,normal
4267,normal
4268,normal
4269,normal
4270,normal
4271,normal
4272,normal
4273,normal
4274,normal
4275,normal
4276,normal
4277,normal
4278,normal
4279,normal
4280,normal
4281,normal
4282,normal
4283,normal
4284,normal
4285,normal
4286,normal
4287,normal
4288,normal
4289,normal
4290,normal
4291,normal
4292,normal
4293,normal
4294,normal
4295,normal
4296,normal
4297,normal
4298,normal
4299,normal
4300,normal
4301,normal
4302,normal
4303,normal
4304,normal
4305,normal
4306,normal
4307,normal
4308,normal
4309,normal
4310,normal
4311,normal
4312,normal
4313,normal
4314,normal
4315,normal
4316,normal
4317,normal
4318,normal
4319,normal
4320,normal
4321,normal
4322,normal
4323,normal
4324,normal
4325,normal
4326,normal
4327,normal
4328,normal
4329,normal
4330,normal
4331,normal
4332,normal
4333,normal
4334,normal
4335,normal
4336,normal
4337,normal
4338,normal
4339,normal
4340,normal
4341,normal
4342,normal
4343,normal
4344,normal
4345,normal
4346,normal
4347,normal
4348,normal
4349,normal
4350,normal
4351,normal
4352,normal
4353,normal
4354,normal
4355,normal
4356,normal
4357,normal
4358,normal
4359,normal
4360,normal
4361,normal
4362,normal
4363,normal
4364,normal
4365,normal
4366,normal
4367,normal
4368,normal
4369,normal
4370,normal
4371,normal
4372,normal
4373,insider_drift
4374,normal
4375,normal
4376,normal
4377,normal
4378,normal
4379,normal
4380,normal
4381,normal
4382,normal
4383,normal
4384,normal
4385,normal
4386,normal
4387,normal
4388,normal
4389,normal
4390,normal
4391,normal
4392,normal
4393,normal
4394,normal
4395,normal
4396,normal
4397,normal
4398,normal
4399,normal
4400,normal
4401,normal
4402,normal
4403,normal
4404,normal
4405,normal
4406,normal
4407,normal
4408,normal
4409,normal
4410,normal
4411,normal
4412,normal
4413,normal
4414,normal
4415,normal
4416,normal
4417,normal
4418,normal
4419,normal
4420,normal
4421,normal
4422,normal
4423,normal
4424,normal
4425,normal
4426,normal
4427,normal
4428,normal
4429,normal
4430,normal
4431,normal
4432,normal
4433,normal
4434,normal
4435,normal
4436,normal
4437,normal
4438,normal
4439,normal
4440,normal
4441,normal
4442,normal
4443,normal
4444,normal
4445,normal
4446,normal
4447,normal
4448,normal
4449,normal
4450,normal
4451,normal
4452,normal
4453,normal
4454,normal
4455,normal
4456,normal
4457,normal
4458,normal
4459,normal
4460,normal
4461,normal
4462,normal
4463,normal
4464,normal
4465,normal
4466,normal
4467,normal
4468,normal
4469,normal
4470,normal
4471,normal
4472,normal
4473,normal
4474,normal
4475,normal
4476,normal
4477,normal
4478,normal
4479,normal
4480,normal
4481,normal
4482,normal
4483,normal
4484,normal
4485,normal
4486,normal
4487,normal
4488,normal
4489,normal
4490,normal
4491,normal
4492,normal
4493,normal
4494,normal
4495,normal
4496,normal
4497,normal
4498,normal
4499,normal
4500,normal
4501,normal
4502,normal
4503,normal
4504,normal
4505,normal
4506,normal
4507,normal
4508,normal
4509,normal
4510,normal
4511,normal
4512,normal
4513,normal
4514,normal
4515,normal
4516,normal
4517,normal
4518,normal
4519,normal
4520,normal
4521,normal
4522,normal
4523,normal
4524,normal
4525,normal
4526,normal
4527,normal
4528,normal
4529,normal
4530,normal
4531,normal
4532,normal
4533,normal
4534,normal
4535,normal
4536,normal
4537,normal
4538,normal
4539,normal
4540,normal
4541,normal
4542,normal
4543,normal
4544,normal
4545,normal
4546,normal
4547,normal
4548,normal
4549,normal
4550,normal
4551,normal
4552,normal
4553,normal
4554,normal
4555,normal
4556,normal
4557,normal
4558,normal
4559,normal
4560,normal
4561,normal
4562,normal
4563,normal
4564,normal
4565,normal
4566,normal
4567,normal
4568,normal
4569,normal
4570,normal
4571,normal
4572,normal
4573,normal
4574,normal
4575,normal
4576,normal
4577,normal
4578,normal
4579,normal
4580,normal
4581,normal
4582,normal
4583,normal
4584,normal
4585,normal
4586,normal
4587,normal
4588,normal
4589,normal
4590,normal
4591,normal
4592,normal
4593,normal
4594,normal
4595,normal
4596,normal
4597,normal
4598,normal
4599,normal
4600,normal
4601,normal
4602,normal
4603,normal
4604,normal
4605,normal
4606,normal
4607,normal
4608,normal
4609,normal
4610,normal
4611,normal
4612,normal
4613,normal
4614,normal
4615,normal
4616,normal
4617,normal
4618,normal
4619,normal
4620,normal
4621,normal
4622,normal
4623,normal
4624,normal
4625,normal
4626,normal
4627,normal
4628,normal
4629,normal
4630,normal
4631,normal
4632,normal
4633,normal
4634,normal
4635,normal
4636,normal
4637,normal
4638,normal
4639,normal
4640,normal
4641,normal
4642,normal
4643,normal
4644,normal
4645,normal
4646,normal
4647,normal
4648,normal
4649,normal
4650,normal
4651,normal
4652,normal
4653,normal
4654,normal
4655,normal
4656,normal
4657,normal
4658,normal
4659,normal
4660,normal
4661,normal
4662,normal
4663,normal
4664,normal
4665,normal
4666,normal
4667,normal
4668,normal
4669,normal
4670,normal
4671,normal
4672,normal
4673,normal
4674,normal
4675,normal
4676,normal
4677,normal
4678,normal
4679,normal
4680,normal
4681,normal
4682,normal
4683,normal
4684,normal
4685,normal
4686,normal
4687,normal
4688,normal
4689,normal
4690,normal
4691,normal
4692,normal
4693,normal
4694,normal
4695,normal
4696,normal
4697,normal
4698,normal
4699,normal
4700,normal
4701,normal
4702,normal
4703,normal
4704,normal
4705,normal
4706,normal
4707,normal
4708,normal
4709,normal
4710,normal
4711,normal
4712,normal
4713,normal
4714,normal
4715,normal
4716,normal
4717,normal
4718,normal
4719,normal
4720,normal
4721,normal
4722,normal
4723,normal
4724,normal
4725,normal
4726,normal
4727,normal
4728,normal
4729,normal
4730,normal
4731,normal
4732,normal
4733,normal
4734,normal
4735,normal
4736,normal
4737,normal
4738,normal
4739,normal
4740,normal
4741,normal
4742,normal
4743,normal
4744,normal
4745,normal
4746,normal
4747,normal
4748,normal
4749,normal
4750,normal
4751,normal
4752,normal
4753,normal
4754,normal
4755,normal
4756,normal
4757,normal
4758,normal
4759,normal
4760,normal
4761,normal
4762,normal
4763,normal
4764,normal
4765,normal
4766,normal
4767,normal
4768,normal
4769,normal
4770,normal
4771,normal
4772,normal
4773,normal
4774,normal
4775,normal
4776,normal
4777,normal
4778,normal
4779,normal
4780,normal
4781,normal
4782,normal
4783,normal
4784,normal
4785,normal
4786,normal
4787,normal
4788,normal
4789,normal
4790,normal
4791,normal
4792,normal
4793,normal
4794,normal
4795,normal
4796,normal
4797,normal
4798,normal
4799,normal
4800,normal
4801,normal
4802,normal
4803,normal
4804,normal
4805,normal
4806,normal
4807,normal
4808,normal
4809,normal
4810,normal
4811,normal
4812,normal
4813,normal
4814,normal
4815,normal
4816,normal
4817,normal
4818,normal
4819,normal
4820,normal
4821,normal
4822,normal
4823,normal
4824,normal
4825,normal
4826,normal
4827,normal
4828,normal
4829,normal
4830,normal
4831,normal
4832,normal
4833,normal
4834,normal
4835,normal
4836,normal
4837,normal
4838,normal
4839,normal
4840,normal
4841,normal
4842,normal
4843,normal
4844,normal
4845,normal
4846,normal
4847,normal
4848,normal
4849,normal
4850,normal
4851,normal
4852,normal
4853,normal
4854,normal
4855,normal
4856,normal
4857,normal
4858,normal
4859,normal
4860,normal
4861,normal
4862,normal
4863,normal
4864,normal
4865,normal
4866,normal
4867,normal
4868,normal
4869,normal
4870,normal
4871,normal
4872,normal
4873,normal
4874,normal
4875,normal
4876,normal
4877,normal
4878,normal
4879,normal
4880,normal
4881,normal
4882,normal
4883,normal
4884,normal
4885,normal
4886,normal
4887,normal
4888,normal
4889,normal
4890,normal
4891,normal
4892,normal
4893,normal
4894,normal
4895,normal
4896,normal
4897,normal
4898,normal
4899,normal
4900,normal
4901,normal
4902,normal
4903,normal
4904,normal
4905,normal
4906,normal
4907,normal
4908,normal
4909,normal
4910,normal
4911,normal
4912,normal
4913,normal
4914,normal
4915,normal
4916,normal
4917,normal
4918,normal
4919,normal
4920,normal
4921,normal
4922,normal
4923,normal
4924,normal
4925,normal
4926,normal
4927,normal
4928,normal
4929,normal
4930,normal
4931,normal
4932,normal
4933,normal
4934,normal
4935,normal
4936,normal
4937,normal
4938,normal
4939,normal
4940,normal
4941,normal
4942,normal
4943,normal
4944,normal
4945,normal
4946,normal
4947,normal
4948,normal
4949,normal
4950,normal
4951,normal
4952,normal
4953,normal
4954,normal
4955,normal
4956,normal
4957,normal
4958,normal
4959,normal
4960,normal
4961,normal
4962,normal
4963,normal
4964,normal
4965,normal
4966,normal
4967,normal
4968,normal
4969,normal
4970,normal
4971,normal
4972,normal
4973,normal
4974,normal
4975,normal
4976,normal
4977,normal
4978,normal
4979,normal
4980,normal
4981,normal
4982,normal
4983,normal
4984,normal
4985,normal
4986,normal
4987,normal
4988,normal
4989,normal
4990,normal
4991,normal
4992,normal
4993,normal
4994,normal
4995,normal
4996,normal
4997,normal
4998,normal
4999,normal
5000,normal
5001,normal
5002,normal
5003,normal
5004,normal
5005,normal
5006,normal
5007,normal
5008,normal
5009,normal
5010,normal
5011,normal
5012,normal
5013,normal
5014,normal
5015,normal
5016,normal
5017,normal
5018,normal
5019,normal
5020,normal
5021,normal
5022,normal
5023,normal
5024,normal
5025,normal
5026,normal
5027,normal
5028,normal
5029,normal
5030,normal
5031,normal
5032,normal
5033,normal
5034,normal
5035,normal
5036,normal
5037,normal
5038,normal
5039,normal
5040,normal
5041,normal
5042,normal
5043,normal
5044,normal
5045,normal
5046,normal
5047,normal
5048,normal
5049,normal
5050,normal
5051,normal
5052,normal
5053,normal
5054,normal
5055,normal
5056,normal
5057,normal
5058,normal
5059,normal
5060,normal
5061,normal
5062,normal
5063,device_spoofing
5064,normal
5065,normal
5066,normal
5067,normal
5068,normal
5069,normal
5070,normal
5071,normal
5072,normal
5073,normal
5074,normal
5075,normal
5076,normal
5077,normal
5078,normal
5079,normal
5080,normal
5081,normal
5082,normal
5083,normal
5084,normal
5085,normal
5086,normal
5087,normal
5088,normal
5089,normal
5090,normal
5091,normal
5092,normal
5093,normal
5094,normal
5095,normal
5096,device_spoofing
5097,normal
5098,normal
5099,normal
5100,normal
5101,normal
5102,normal
5103,normal
5104,normal
5105,normal
5106,normal
5107,normal
5108,normal
5109,normal
5110,normal
5111,normal
5112,normal
5113,normal
5114,normal
5115,normal
5116,normal
5117,normal
5118,normal
5119,normal
5120,normal
5121,normal
5122,normal
5123,normal
5124,normal
5125,normal
5126,normal
5127,normal
5128,normal
5129,normal
5130,normal
5131,normal
5132,normal
5133,normal
5134,normal
5135,normal
5136,normal
5137,normal
5138,normal
5139,normal
5140,normal
5141,normal
5142,normal
5143,normal
5144,normal
5145,normal
5146,normal
5147,normal
5148,normal
5149,normal
5150,normal
5151,normal
5152,normal
5153,normal
5154,normal
5155,normal
5156,normal
5157,normal
5158,normal
5159,normal
5160,normal
5161,normal
5162,normal
5163,normal
5164,normal
5165,normal
5166,normal
5167,normal
5168,normal
5169,normal
5170,normal
5171,normal
5172,normal
5173,normal
5174,normal
5175,normal
5176,normal
5177,normal
5178,normal
5179,normal
5180,normal
5181,normal
5182,normal
5183,normal
5184,normal
5185,normal
5186,normal
5187,normal
5188,normal
5189,normal
5190,normal
5191,normal
5192,normal
5193,normal
5194,normal
5195,normal
5196,normal
5197,normal
5198,normal
5199,normal
5200,normal
5201,normal
5202,normal
5203,normal
5204,normal
5205,normal
5206,normal
5207,normal
5208,normal
5209,normal
5210,normal
5211,normal
5212,normal
5213,normal
5214,normal
5215,normal
5216,normal
5217,normal
5218,normal
5219,normal
5220,normal
5221,normal
5222,normal
5223,normal
5224,normal
5225,normal
5226,normal
5227,normal
5228,normal
5229,normal
5230,normal
5231,normal
5232,normal
5233,normal
5234,normal
5235,normal
5236,normal
5237,normal
5238,normal
5239,normal
5240,normal
5241,normal
5242,normal
5243,normal
5244,normal
5245,normal
5246,normal
5247,normal
5248,normal
5249,normal
5250,normal
5251,normal
5252,normal
5253,normal
5254,normal
5255,normal
5256,normal
5257,normal
5258,normal
5259,normal
5260,normal
5261,normal
5262,normal
5263,normal
5264,normal
5265,normal
5266,normal
5267,normal
5268,normal
5269,normal
5270,normal
5271,normal
5272,normal
5273,normal
5274,normal
5275,normal
5276,normal
5277,normal
5278,normal
5279,normal
5280,normal
5281,normal
5282,normal
5283,normal
5284,normal
5285,normal
5286,normal
5287,normal
5288,normal
5289,normal
5290,normal
5291,normal
5292,normal
5293,normal
5294,normal
5295,normal
5296,normal
5297,normal
5298,normal
5299,normal
5300,normal
5301,normal
5302,normal
5303,normal
5304,normal
5305,normal
5306,normal
5307,normal
5308,normal
5309,normal
5310,normal
5311,normal
5312,normal
5313,normal
5314,normal
5315,normal
5316,normal
5317,normal
5318,normal
5319,normal
5320,normal
5321,normal
5322,normal
5323,normal
5324,normal
5325,normal
5326,normal
5327,normal
5328,normal
5329,normal
5330,normal
5331,normal
5332,normal
5333,normal
5334,normal
5335,normal
5336,normal
5337,normal
5338,normal
5339,normal
5340,normal
5341,normal
5342,normal
5343,normal
5344,normal
5345,normal
5346,normal
5347,normal
5348,normal
5349,normal
5350,normal
5351,normal
5352,normal
5353,normal
5354,normal
5355,normal
5356,normal
5357,normal
5358,normal
5359,normal
5360,normal
5361,normal
5362,normal
5363,normal
5364,normal
5365,normal
5366,normal
5367,normal
5368,normal
5369,normal
5370,normal
5371,normal
5372,normal
5373,normal
5374,normal
5375,normal
5376,normal
5377,normal
5378,normal
5379,normal
5380,normal
5381,normal
5382,normal
5383,normal
5384,normal
5385,normal
5386,normal
5387,normal
5388,normal
5389,normal
5390,normal
5391,normal
5392,normal
5393,insider_drift
5394,normal
5395,normal
5396,normal
5397,normal
5398,normal
5399,normal
5400,normal
5401,normal
5402,normal
5403,normal
5404,normal
5405,normal
5406,normal
5407,normal
5408,normal
5409,normal
5410,normal
5411,normal
5412,normal
5413,normal
5414,normal
5415,normal
5416,normal
5417,normal
5418,normal
5419,normal
5420,normal
5421,normal
5422,normal
5423,normal
5424,normal
5425,normal
5426,normal
5427,normal
5428,normal
5429,normal
5430,normal
5431,normal
5432,normal
5433,normal
5434,normal
5435,normal
5436,normal
5437,normal
5438,normal
5439,normal
5440,normal
5441,normal
5442,normal
5443,normal
5444,normal
5445,normal
5446,normal
5447,normal
5448,normal
5449,normal
5450,normal
5451,normal
5452,normal
5453,normal
5454,normal
5455,normal
5456,normal
5457,normal
5458,normal
5459,normal
5460,normal
5461,normal
5462,normal
5463,normal
5464,normal
5465,normal
5466,normal
5467,normal
5468,normal
5469,normal
5470,normal
5471,normal
5472,normal
5473,normal
5474,normal
5475,normal
5476,normal
5477,normal
5478,normal
5479,normal
5480,normal
5481,normal
5482,normal
5483,normal
5484,normal
5485,normal
5486,normal
5487,normal
5488,normal
5489,normal
5490,normal
5491,normal
5492,normal
5493,normal
5494,normal
5495,normal
5496,normal
5497,normal
5498,normal
5499,normal
5500,normal
5501,normal
5502,normal
5503,normal
5504,normal
5505,normal
5506,normal
5507,normal
5508,normal
5509,normal
5510,normal
5511,normal
5512,normal
5513,normal
5514,normal
5515,normal
5516,normal
5517,normal
5518,normal
5519,normal
5520,normal
5521,normal
5522,normal
5523,normal
5524,normal
5525,normal
5526,normal
5527,normal
5528,normal
5529,normal
5530,normal
5531,normal
5532,normal
5533,normal
5534,normal
5535,normal
5536,normal
5537,normal
5538,normal
5539,normal
5540,normal
5541,normal
5542,normal
5543,normal
5544,normal
5545,normal
5546,normal
5547,normal
5548,normal
5549,normal
5550,normal
5551,normal
5552,normal
5553,normal
5554,normal
5555,normal
5556,normal
5557,normal
5558,normal
5559,normal
5560,normal
5561,normal
5562,normal
5563,normal
5564,normal
5565,normal
5566,normal
5567,normal
5568,normal
5569,normal
5570,normal
5571,normal
5572,normal
5573,normal
5574,normal
5575,normal
5576,normal
5577,normal
5578,normal
5579,normal
5580,normal
5581,normal
5582,normal
5583,normal
5584,normal
5585,normal
5586,normal
5587,normal
5588,normal
5589,normal
5590,normal
5591,normal
5592,normal
5593,normal
5594,normal
5595,normal
5596,normal
5597,normal
5598,normal
5599,normal
5600,normal
5601,normal
5602,normal
5603,normal
5604,normal
5605,normal
5606,normal
5607,normal
5608,normal
5609,normal
5610,normal
5611,normal
5612,normal
5613,normal
5614,normal
5615,normal
5616,normal
5617,normal
5618,normal
5619,normal
5620,normal
5621,normal
5622,normal
5623,normal
5624,normal
5625,normal
5626,normal
5627,normal
5628,normal
5629,normal
5630,normal
5631,normal
5632,normal
5633,normal
5634,normal
5635,normal
5636,normal
5637,normal
5638,normal
5639,normal
5640,normal
5641,normal
5642,normal
5643,normal
5644,normal
5645,insider_drift
5646,normal
5647,normal
5648,normal
5649,normal
5650,normal
5651,normal
5652,normal
5653,normal
5654,normal
5655,normal
5656,device_spoofing
5657,normal
5658,normal
5659,normal
5660,normal
5661,normal
5662,normal
5663,normal
5664,normal
5665,normal
5666,normal
5667,normal
5668,normal
5669,normal
5670,normal
5671,normal
5672,normal
5673,normal
5674,normal
5675,normal
5676,normal
5677,normal
5678,normal
5679,normal
5680,normal
5681,normal
5682,normal
5683,normal
5684,normal
5685,normal
5686,normal
5687,normal
5688,normal
5689,normal
5690,normal
5691,normal
5692,normal
5693,normal
5694,normal
5695,normal
5696,normal
5697,normal
5698,normal
5699,normal
5700,normal
5701,normal
5702,normal
5703,normal
5704,normal
5705,normal
5706,normal
5707,normal
5708,normal
5709,normal
5710,normal
5711,normal
5712,normal
5713,normal
5714,normal
5715,normal
5716,normal
5717,normal
5718,normal
5719,normal
5720,normal
5721,normal
5722,normal
5723,normal
5724,normal
5725,normal
5726,normal
5727,normal
5728,normal
5729,normal
5730,normal
5731,normal
5732,normal
5733,normal
5734,normal
5735,normal
5736,normal
5737,normal
5738,normal
5739,normal
5740,normal
5741,normal
5742,normal
5743,normal
5744,normal
5745,normal
5746,normal
5747,normal
5748,normal
5749,normal
5750,normal
5751,normal
5752,normal
5753,normal
5754,normal
5755,normal
5756,normal
5757,normal
5758,normal
5759,normal
5760,normal
5761,normal
5762,normal
5763,normal
5764,normal
5765,normal
5766,normal
5767,normal
5768,normal
5769,normal
5770,normal
5771,normal
5772,normal
5773,normal
5774,normal
5775,normal
5776,normal
5777,normal
5778,normal
5779,normal
5780,normal
5781,normal
5782,normal
5783,normal
5784,normal
5785,device_spoofing
5786,normal
5787,normal
5788,normal
5789,normal
5790,normal
5791,normal
5792,normal
5793,normal
5794,normal
5795,normal
5796,normal
5797,normal
5798,normal
5799,normal
5800,normal
5801,normal
5802,normal
5803,normal
5804,normal
5805,normal
5806,normal
5807,normal
5808,normal
5809,normal
5810,normal
5811,normal
5812,normal
5813,normal
5814,normal
5815,normal
5816,normal
5817,normal
5818,normal
5819,normal
5820,normal
5821,normal
5822,normal
5823,normal
5824,normal
5825,normal
5826,normal
5827,normal
5828,normal
5829,normal
5830,normal
5831,normal
5832,normal
5833,normal
5834,normal
5835,normal
5836,normal
5837,normal
5838,normal
5839,normal
5840,normal
5841,normal
5842,normal
5843,normal
5844,normal
5845,normal
5846,normal
5847,normal
5848,normal
5849,normal
5850,normal
5851,normal
5852,normal
5853,normal
5854,normal
5855,normal
5856,normal
5857,normal
5858,normal
5859,normal
5860,normal
5861,normal
5862,normal
5863,normal
5864,normal
5865,normal
5866,normal
5867,normal
5868,normal
5869,normal
5870,normal
5871,normal
5872,normal
5873,normal
5874,normal
5875,normal
5876,normal
5877,normal
5878,normal
5879,normal
5880,normal
5881,normal
5882,normal
5883,normal
5884,normal
5885,normal
5886,normal
5887,normal
5888,normal
5889,normal
5890,normal
5891,normal
5892,normal
5893,normal
5894,normal
5895,normal
5896,normal
5897,normal
5898,normal
5899,normal
5900,normal
5901,normal
5902,normal
5903,normal
5904,normal
5905,normal
5906,normal
5907,normal
5908,normal
5909,normal
5910,normal
5911,normal
5912,normal
5913,normal
5914,normal
5915,normal
5916,normal
5917,normal
5918,normal
5919,normal
5920,normal
5921,impossible_travel
5922,normal
5923,normal
5924,normal
5925,normal
5926,normal
5927,normal
5928,normal
5929,normal
5930,impossible_travel
5931,normal
5932,normal
5933,normal
5934,normal
5935,normal
5936,normal
5937,normal
5938,normal
5939,normal
5940,normal
5941,normal
5942,normal
5943,normal
5944,normal
5945,normal
5946,normal
5947,normal
5948,normal
5949,normal
5950,normal
5951,normal
5952,normal
5953,normal
5954,normal
5955,normal
5956,normal
5957,normal
5958,normal
5959,normal
5960,normal
5961,normal
5962,normal
5963,normal
5964,normal
5965,normal
5966,normal
5967,normal
5968,normal
5969,normal
5970,normal
5971,normal
5972,normal
5973,normal
5974,normal
5975,normal
5976,normal
5977,normal
5978,normal
5979,normal
5980,normal
5981,normal
5982,normal
5983,normal
5984,normal
5985,normal
5986,normal
5987,normal
5988,normal
5989,normal
5990,normal
5991,normal
5992,normal
5993,normal
5994,normal
5995,normal
5996,normal
5997,normal
5998,normal
5999,normal
6000,normal
6001,normal
6002,normal
6003,normal
6004,normal
6005,normal
6006,normal
6007,normal
6008,normal
6009,normal
6010,normal
6011,normal
6012,normal
6013,normal
6014,normal
6015,normal
6016,normal
6017,normal
6018,normal
6019,normal
6020,normal
6021,normal
6022,normal
6023,normal
6024,normal
6025,normal
6026,normal
6027,normal
6028,normal
6029,normal
6030,normal
6031,normal
6032,normal
6033,normal
6034,normal
6035,normal
6036,insider_drift
6037,normal
6038,normal
6039,normal
6040,normal
6041,normal
6042,normal
6043,normal
6044,normal
6045,normal
6046,normal
6047,normal
6048,normal
6049,normal
6050,normal
6051,normal
6052,normal
6053,normal
6054,normal
6055,normal
6056,normal
6057,normal
6058,normal
6059,normal
6060,normal
6061,normal
6062,normal
6063,normal
6064,normal
6065,normal
6066,normal
6067,normal
6068,normal
6069,normal
6070,normal
6071,normal
6072,normal
6073,normal
6074,normal
6075,normal
6076,normal
6077,normal
6078,normal
6079,normal
6080,normal
6081,normal
6082,normal
6083,normal
6084,normal
6085,normal
6086,normal
6087,normal
6088,normal
6089,normal
6090,normal
6091,normal
6092,normal
6093,normal
6094,normal
6095,normal
6096,normal
6097,normal
6098,normal
6099,normal
6100,normal
6101,normal
6102,normal
6103,normal
6104,normal
6105,normal
6106,normal
6107,normal
6108,normal
6109,normal
6110,normal
6111,normal
6112,normal
6113,normal
6114,normal
6115,normal
6116,normal
6117,normal
6118,normal
6119,normal
6120,normal
6121,normal
6122,normal
6123,normal
6124,normal
6125,normal
6126,normal
6127,normal
6128,impossible_travel
6129,normal
6130,normal
6131,normal
6132,impossible_travel
6133,normal
6134,normal
6135,normal
6136,normal
6137,normal
6138,normal
6139,normal
6140,normal
6141,normal
6142,normal
6143,normal
6144,normal
6145,normal
6146,normal
6147,normal
6148,normal
6149,normal
6150,normal
6151,normal
6152,normal
6153,normal
6154,normal
6155,normal
6156,normal
6157,normal
6158,normal
6159,normal
6160,normal
6161,normal
6162,normal
6163,impossible_travel
6164,normal
6165,normal
6166,normal
6167,normal
6168,normal
6169,normal
6170,normal
6171,normal
6172,normal
6173,impossible_travel
6174,normal
6175,normal
6176,normal
6177,normal
6178,normal
6179,normal
6180,normal
6181,normal
6182,normal
6183,normal
6184,normal
6185,normal
6186,normal
6187,normal
6188,normal
6189,normal
6190,normal
6191,normal
6192,normal
6193,normal
6194,normal
6195,normal
6196,normal
6197,normal
6198,normal
6199,normal
6200,normal
6201,normal
6202,normal
6203,normal
6204,normal
6205,normal
6206,normal
6207,normal
6208,normal
6209,normal
6210,normal
6211,normal
6212,normal
6213,normal
6214,normal
6215,normal
6216,normal
6217,normal
6218,normal
6219,normal
6220,normal
6221,normal
6222,normal
6223,normal
6224,normal
6225,normal
6226,normal
6227,normal
6228,normal
6229,normal
6230,normal
6231,normal
6232,normal
6233,normal
6234,normal
6235,normal
6236,normal
6237,normal
6238,normal
6239,normal
6240,normal
6241,normal
6242,normal
6243,normal
6244,normal
6245,normal
6246,normal
6247,normal
6248,normal
6249,normal
6250,normal
6251,normal
6252,normal
6253,normal
6254,normal
6255,normal
6256,normal
6257,normal
6258,normal
6259,normal
6260,normal
6261,normal
6262,normal
6263,normal
6264,normal
6265,normal
6266,normal
6267,normal
6268,normal
6269,normal
6270,normal
6271,normal
6272,normal
6273,normal
6274,normal
6275,normal
6276,normal
6277,normal
6278,normal
6279,normal
6280,normal
6281,normal
6282,normal
6283,normal
6284,normal
6285,normal
6286,normal
6287,normal
6288,normal
6289,normal
6290,normal
6291,normal
6292,normal
6293,normal
6294,normal
6295,insider_drift
6296,normal
6297,normal
6298,normal
6299,normal
6300,normal
6301,normal
6302,normal
6303,normal
6304,normal
6305,normal
6306,normal
6307,normal
6308,normal
6309,normal
6310,normal
6311,normal
6312,normal
6313,normal
6314,normal
6315,normal
6316,normal
6317,normal
6318,normal
6319,normal
6320,normal
6321,normal
6322,normal
6323,normal
6324,normal
6325,normal
6326,normal
6327,normal
6328,normal
6329,normal
6330,normal
6331,normal
6332,normal
6333,normal
6334,normal
6335,normal
6336,normal
6337,normal
6338,normal
6339,normal
6340,impossible_travel
6341,normal
6342,normal
6343,normal
6344,normal
6345,normal
6346,normal
6347,normal
6348,normal
6349,normal
6350,normal
6351,normal
6352,impossible_travel
6353,normal
6354,normal
6355,normal
6356,normal
6357,normal
6358,normal
6359,normal
6360,normal
6361,normal
6362,normal
6363,normal
6364,normal
6365,normal
6366,normal
6367,normal
6368,normal
6369,normal
6370,normal
6371,normal
6372,normal
6373,normal
6374,normal
6375,normal
6376,normal
6377,normal
6378,normal
6379,normal
6380,normal
6381,normal
6382,normal
6383,normal
6384,normal
6385,normal
6386,normal
6387,normal
6388,normal
6389,normal
6390,normal
6391,normal
6392,normal
6393,normal
6394,normal
6395,normal
6396,normal
6397,normal
6398,normal
6399,normal
6400,normal
6401,normal
6402,normal
6403,normal
6404,normal
6405,impossible_travel
6406,normal
6407,normal
6408,normal
6409,normal
6410,normal
6411,normal
6412,normal
6413,normal
6414,normal
6415,normal
6416,normal
6417,normal
6418,normal
6419,normal
6420,normal
6421,normal
6422,normal
6423,impossible_travel
6424,normal
6425,normal
6426,normal
6427,normal
6428,normal
6429,normal
6430,normal
6431,normal
6432,normal
6433,normal
6434,normal
6435,normal
6436,normal
6437,normal
6438,normal
6439,normal
6440,normal
6441,normal
6442,normal
6443,normal
6444,normal
6445,normal
6446,normal
6447,normal
6448,normal
6449,normal
6450,normal
6451,normal
6452,normal
6453,normal
6454,normal
6455,normal
6456,normal
6457,normal
6458,normal
6459,normal
6460,normal
6461,normal
6462,normal
6463,normal
6464,normal
6465,normal
6466,normal
6467,normal
6468,normal
6469,normal
6470,normal
6471,normal
6472,normal
6473,normal
6474,normal
6475,normal
6476,normal
6477,normal
6478,normal
6479,normal
6480,normal
6481,normal
6482,normal
6483,normal
6484,normal
6485,normal
6486,normal
6487,normal
6488,normal
6489,normal
6490,normal
6491,normal
6492,normal
6493,normal
6494,normal
6495,normal
6496,normal
6497,normal
6498,normal
6499,normal
6500,normal
6501,normal
6502,normal
6503,normal
6504,normal
6505,normal
6506,normal
6507,normal
6508,normal
6509,normal
6510,normal
6511,normal
6512,normal
6513,normal
6514,normal
6515,normal
6516,normal
6517,normal
6518,normal
6519,normal
6520,normal
6521,normal
6522,normal
6523,normal
6524,normal
6525,normal
6526,normal
6527,normal
6528,normal
6529,normal
6530,normal
6531,normal
6532,normal
6533,normal
6534,normal
6535,normal
6536,normal
6537,normal
6538,normal
6539,normal
6540,normal
6541,normal
6542,normal
6543,normal
6544,normal
6545,normal
6546,normal
6547,normal
6548,normal
6549,normal
6550,normal
6551,normal
6552,normal
6553,normal
6554,normal
6555,normal
6556,normal
6557,normal
6558,normal
6559,normal
6560,normal
6561,normal
6562,normal
6563,normal
6564,normal
6565,normal
6566,normal
6567,normal
6568,normal
6569,normal
6570,normal
6571,normal
6572,normal
6573,normal
6574,normal
6575,normal
6576,normal
6577,normal
6578,normal
6579,normal
6580,normal
6581,normal
6582,normal
6583,normal
6584,normal
6585,normal
6586,normal
6587,normal
6588,normal
6589,normal
6590,normal
6591,normal
6592,normal
6593,normal
6594,normal
6595,normal
6596,normal
6597,normal
6598,normal
6599,normal
6600,normal
6601,normal
6602,normal
6603,normal
6604,normal
6605,normal
6606,normal
6607,normal
6608,normal
6609,normal
6610,normal
6611,normal
6612,normal
6613,normal
6614,normal
6615,normal
6616,normal
6617,normal
6618,normal
6619,normal
6620,normal
6621,normal
6622,normal
6623,normal
6624,normal
6625,normal
6626,normal
6627,normal
6628,normal
6629,normal
6630,normal
6631,normal
6632,normal
6633,normal
6634,normal
6635,normal
6636,normal
6637,normal
6638,normal
6639,normal
6640,normal
6641,normal
6642,normal
6643,normal
6644,normal
6645,normal
6646,normal
6647,normal
6648,normal
6649,normal
6650,normal
6651,normal
6652,normal
6653,normal
6654,normal
6655,normal
6656,normal
6657,normal
6658,normal
6659,normal
6660,normal
6661,normal
6662,normal
6663,normal
6664,normal
6665,normal
6666,normal
6667,normal
6668,normal
6669,normal
6670,normal
6671,normal
6672,normal
6673,normal
6674,normal
6675,normal
6676,normal
6677,normal
6678,normal
6679,normal
6680,normal
6681,normal
6682,normal
6683,normal
6684,normal
6685,normal
6686,normal
6687,normal
6688,normal
6689,normal
6690,normal
6691,normal
6692,normal
6693,normal
6694,normal
6695,normal
6696,normal
6697,normal
6698,normal
6699,normal
6700,normal
6701,normal
6702,normal
6703,normal
6704,normal
6705,normal
6706,normal
6707,normal
6708,normal
6709,normal
6710,normal
6711,normal
6712,normal
6713,normal
6714,normal
6715,normal
6716,normal
6717,normal
6718,normal
6719,normal
6720,normal
6721,normal
6722,normal
6723,normal
6724,normal
6725,normal
6726,normal
6727,normal
6728,normal
6729,normal
6730,normal
6731,normal
6732,normal
6733,normal
6734,normal
6735,normal
6736,normal
6737,normal
6738,normal
6739,normal
6740,normal
6741,normal
6742,normal
6743,normal
6744,normal
6745,normal
6746,normal
6747,normal
6748,normal
6749,normal
6750,normal
6751,normal
6752,normal
6753,normal
6754,normal
6755,normal
6756,normal
6757,normal
6758,normal
6759,normal
6760,normal
6761,normal
6762,normal
6763,normal
6764,normal
6765,normal
6766,normal
6767,normal
6768,normal
6769,normal
6770,normal
6771,normal
6772,normal
6773,normal
6774,normal
6775,normal
6776,normal
6777,normal
6778,normal
6779,normal
6780,normal
6781,normal
6782,normal
6783,normal
6784,normal
6785,normal
6786,normal
6787,normal
6788,normal
6789,normal
6790,normal
6791,normal
6792,normal
6793,normal
6794,normal
6795,normal
6796,normal
6797,normal
6798,normal
6799,normal
6800,normal
6801,normal
6802,normal
6803,normal
6804,normal
6805,normal
6806,normal
6807,device_spoofing
6808,normal
6809,normal
6810,normal
6811,normal
6812,normal
6813,normal
6814,normal
6815,normal
6816,normal
6817,normal
6818,normal
6819,normal
6820,normal
6821,normal
6822,normal
6823,normal
6824,normal
6825,normal
6826,normal
6827,normal
6828,normal
6829,normal
6830,normal
6831,normal
6832,normal
6833,normal
6834,normal
6835,normal
6836,normal
6837,normal
6838,normal
6839,normal
6840,normal
6841,normal
6842,normal
6843,normal
6844,normal
6845,normal
6846,normal
6847,normal
6848,normal
6849,normal
6850,normal
6851,normal
6852,normal
6853,normal
6854,normal
6855,normal
6856,normal
6857,normal
6858,normal
6859,normal
6860,normal
6861,normal
6862,normal
6863,normal
6864,normal
6865,normal
6866,normal
6867,normal
6868,normal
6869,normal
6870,normal
6871,normal
6872,normal
6873,normal
6874,normal
6875,normal
6876,normal
6877,normal
6878,normal
6879,normal
6880,normal
6881,normal
6882,normal
6883,normal
6884,normal
6885,normal
6886,normal
6887,normal
6888,normal
6889,normal
6890,normal
6891,normal
6892,normal
6893,normal
6894,normal
6895,normal
6896,normal
6897,normal
6898,normal
6899,normal
6900,normal
6901,normal
6902,normal
6903,normal
6904,normal
6905,normal
6906,normal
6907,normal
6908,normal
6909,normal
6910,normal
6911,normal
6912,normal
6913,normal
6914,normal
6915,normal
6916,normal
6917,normal
6918,normal
6919,normal
6920,normal
6921,normal
6922,normal
6923,normal
6924,normal
6925,normal
6926,normal
6927,normal
6928,normal
6929,normal
6930,normal
6931,normal
6932,normal
6933,normal
6934,normal
6935,normal
6936,normal
6937,normal
6938,normal
6939,normal
6940,normal
6941,normal
6942,normal
6943,normal
6944,impossible_travel
6945,normal
6946,normal
6947,normal
6948,normal
6949,normal
6950,impossible_travel
6951,normal
6952,normal
6953,normal
6954,normal
6955,normal
6956,normal
6957,normal
6958,normal
6959,normal
6960,normal
6961,normal
6962,normal
6963,normal
6964,normal
6965,normal
6966,normal
6967,normal
6968,normal
6969,normal
6970,normal
6971,normal
6972,normal
6973,normal
6974,normal
6975,normal
6976,normal
6977,normal
6978,normal
6979,device_spoofing
6980,normal
6981,normal
6982,normal
6983,normal
6984,normal
6985,normal
6986,normal
6987,normal
6988,normal
6989,normal
6990,normal
6991,normal
6992,normal
6993,normal
6994,normal
6995,normal
6996,normal
6997,normal
6998,normal
6999,normal
7000,normal
7001,normal
7002,normal
7003,normal
7004,normal
7005,normal
7006,normal
7007,normal
7008,normal
7009,normal
7010,normal
7011,normal
7012,normal
7013,normal
7014,normal
7015,normal
7016,normal
7017,normal
7018,normal
7019,normal
7020,normal
7021,normal
7022,normal
7023,normal
7024,normal
7025,normal
7026,normal
7027,normal
7028,normal
7029,normal
7030,normal
7031,normal
7032,normal
7033,normal
7034,normal
7035,normal
7036,normal
7037,normal
7038,normal
7039,normal
7040,normal
7041,normal
7042,impossible_travel
7043,normal
7044,normal
7045,normal
7046,normal
7047,normal
7048,impossible_travel
7049,normal
7050,normal
7051,normal
7052,normal
7053,normal
7054,normal
7055,normal
7056,normal
7057,normal
7058,normal
7059,normal
7060,normal
7061,device_spoofing
7062,normal
7063,normal
7064,normal
7065,normal
7066,normal
7067,normal
7068,normal
7069,normal
7070,normal
7071,normal
7072,normal
7073,device_spoofing
7074,normal
7075,normal
7076,device_spoofing
7077,normal
7078,normal
7079,normal
7080,normal
7081,normal
7082,normal
7083,normal
7084,normal
7085,normal
7086,normal
7087,normal
7088,normal
7089,impossible_travel
7090,normal
7091,impossible_travel
7092,normal
7093,normal
7094,normal
7095,normal
7096,normal
7097,normal
7098,normal
7099,normal
7100,normal
7101,device_spoofing
7102,normal
7103,normal
7104,normal
7105,device_spoofing
7106,normal
7107,normal
7108,normal
7109,normal
7110,normal
7111,normal
7112,normal
7113,normal
7114,normal
7115,normal
7116,normal
7117,normal
7118,normal
7119,normal
7120,normal
7121,normal
7122,normal
7123,normal
7124,impossible_travel
7125,normal
7126,normal
7127,normal
7128,normal
7129,normal
7130,normal
7131,impossible_travel
7132,normal
7133,normal
7134,normal
7135,normal
7136,normal
7137,normal
7138,normal
7139,normal
7140,normal
7141,normal
7142,normal
7143,normal
7144,normal
7145,normal
7146,normal
7147,normal
7148,normal
7149,normal
7150,normal
7151,normal
7152,normal
7153,normal
7154,normal
7155,normal
7156,normal
7157,normal
7158,normal
7159,normal
7160,normal
7161,normal
7162,normal
7163,normal
7164,normal
7165,normal
7166,normal
7167,normal
7168,normal
7169,normal
7170,normal
7171,normal
7172,normal
7173,normal
7174,normal
7175,normal
7176,normal
7177,normal
7178,normal
7179,normal
7180,normal
7181,normal
7182,normal
7183,normal
7184,normal
7185,normal
7186,normal
7187,normal
7188,normal
7189,normal
7190,normal
7191,normal
7192,normal
7193,normal
7194,normal
7195,normal
7196,normal
7197,normal
7198,normal
7199,normal
7200,normal
7201,normal
7202,normal
7203,normal
7204,normal
7205,normal
7206,normal
7207,normal
7208,normal
7209,normal
7210,normal
7211,normal
7212,normal
7213,normal
7214,normal
7215,normal
7216,normal
7217,normal
7218,normal
7219,normal
7220,normal
7221,normal
7222,normal
7223,normal
7224,normal
7225,normal
7226,normal
7227,normal
7228,normal
7229,normal
7230,normal
7231,normal
7232,normal
7233,normal
7234,normal
7235,normal
7236,normal
7237,normal
7238,normal
7239,normal
7240,normal
7241,normal
7242,normal
7243,normal
7244,normal
7245,normal
7246,normal
7247,normal
7248,normal
7249,normal
7250,normal
7251,normal
7252,normal
7253,normal
7254,normal
7255,normal
7256,normal
7257,normal
7258,normal
7259,normal
7260,normal
7261,normal
7262,normal
7263,normal
7264,normal
7265,normal
7266,normal
7267,normal
7268,normal
7269,normal
7270,normal
7271,normal
7272,normal
7273,normal
7274,normal
7275,normal
7276,normal
7277,normal
7278,normal
7279,normal
7280,normal
7281,normal
7282,normal
7283,normal
7284,normal
7285,normal
7286,normal
7287,normal
7288,normal
7289,normal
7290,normal
7291,normal
7292,normal
7293,normal
7294,normal
7295,normal
7296,normal
7297,normal
7298,normal
7299,normal
7300,normal
7301,normal
7302,normal
7303,normal
7304,normal
7305,normal
7306,normal
7307,insider_drift
7308,normal
7309,normal
7310,normal
7311,normal
7312,normal
7313,normal
7314,normal
7315,normal
7316,normal
7317,normal
7318,normal
7319,normal
7320,normal
7321,normal
7322,normal
7323,normal
7324,normal
7325,normal
7326,normal
7327,normal
7328,normal
7329,normal
7330,normal
7331,normal
7332,normal
7333,normal
7334,normal
7335,normal
7336,normal
7337,normal
7338,normal
7339,normal
7340,normal
7341,normal
7342,normal
7343,normal
7344,normal
7345,normal
7346,normal
7347,normal
7348,normal
7349,normal
7350,normal
7351,normal
7352,normal
7353,normal
7354,normal
7355,normal
7356,device_spoofing
7357,normal
7358,normal
7359,normal
7360,normal
7361,normal
7362,normal
7363,normal
7364,normal
7365,normal
7366,normal
7367,normal
7368,normal
7369,normal
7370,normal
7371,device_spoofing
7372,normal
7373,normal
7374,normal
7375,normal
7376,normal
7377,normal
7378,normal
7379,normal
7380,normal
7381,normal
7382,normal
7383,normal
7384,device_spoofing
7385,normal
7386,normal
7387,normal
7388,normal
7389,normal
7390,normal
7391,normal
7392,normal
7393,normal
7394,normal
7395,normal
7396,normal
7397,normal
7398,normal
7399,normal
7400,normal
7401,normal
7402,normal
7403,normal
7404,normal
7405,normal
7406,normal
7407,normal
7408,normal
7409,normal
7410,normal
7411,normal
7412,normal
7413,normal
7414,normal
7415,normal
7416,normal
7417,normal
7418,normal
7419,normal
7420,normal
7421,normal
7422,normal
7423,normal
7424,normal
7425,normal
7426,normal
7427,normal
7428,normal
7429,normal
7430,normal
7431,normal
7432,normal
7433,normal
7434,normal
7435,normal
7436,normal
7437,normal
7438,normal
7439,normal
7440,normal
7441,normal
7442,normal
7443,normal
7444,normal
7445,normal
7446,normal
7447,normal
7448,normal
7449,normal
7450,normal
7451,normal
7452,normal
7453,normal
7454,normal
7455,normal
7456,normal
7457,normal
7458,normal
7459,normal
7460,normal
7461,normal
7462,normal
7463,normal
7464,normal
7465,normal
7466,normal
7467,normal
7468,normal
7469,normal
7470,normal
7471,normal
7472,normal
7473,normal
7474,normal
7475,normal
7476,normal
7477,normal
7478,normal
7479,normal
7480,normal
7481,normal
7482,normal
7483,normal
7484,normal
7485,normal
7486,normal
7487,normal
7488,normal
7489,normal
7490,normal
7491,normal
7492,normal
7493,normal
7494,normal
7495,normal
7496,normal
7497,normal
7498,normal
7499,normal
7500,normal
7501,normal
7502,normal
7503,normal
7504,normal
7505,normal
7506,normal
7507,normal
7508,normal
7509,normal
7510,normal
7511,normal
7512,normal
7513,normal
7514,normal
7515,normal
7516,normal
7517,normal
7518,normal
7519,normal
7520,normal
7521,normal
7522,normal
7523,normal
7524,normal
7525,normal
7526,normal
7527,normal
7528,normal
7529,normal
7530,normal
7531,normal
7532,normal
7533,normal
7534,normal
7535,normal
7536,normal
7537,normal
7538,normal
7539,normal
7540,normal
7541,normal
7542,normal
7543,normal
7544,normal
7545,normal
7546,normal
7547,normal
7548,normal
7549,normal
7550,normal
7551,normal
7552,normal
7553,normal
7554,normal
7555,normal
7556,normal
7557,normal
7558,normal
7559,normal
7560,normal
7561,normal
7562,normal
7563,normal
7564,normal
7565,normal
7566,normal
7567,normal
7568,normal
7569,normal
7570,normal
7571,normal
7572,normal
7573,normal
7574,normal
7575,normal
7576,normal
7577,normal
7578,normal
7579,normal
7580,normal
7581,normal
7582,normal
7583,normal
7584,normal
7585,normal
7586,normal
7587,normal
7588,normal
7589,normal
7590,normal
7591,normal
7592,normal
7593,normal
7594,normal
7595,normal
7596,normal
7597,normal
7598,normal
7599,normal
7600,normal
7601,normal
7602,normal
7603,normal
7604,normal
7605,normal
7606,normal
7607,normal
7608,normal
7609,normal
7610,normal
7611,normal
7612,normal
7613,normal
7614,normal
7615,normal
7616,normal
7617,normal
7618,normal
7619,normal
7620,normal
7621,normal
7622,normal
7623,normal
7624,normal
7625,normal
7626,normal
7627,normal
7628,normal
7629,normal
7630,normal
7631,normal
7632,normal
7633,normal
7634,normal
7635,normal
7636,normal
7637,normal
7638,normal
7639,normal
7640,normal
7641,normal
7642,normal
7643,normal
7644,normal
7645,normal
7646,normal
7647,normal
7648,normal
7649,normal
7650,normal
7651,normal
7652,normal
7653,normal
7654,normal
7655,normal
7656,normal
7657,normal
7658,normal
7659,normal
7660,normal
7661,normal
7662,normal
7663,normal
7664,normal
7665,normal
7666,normal
7667,normal
7668,normal
7669,normal
7670,normal
7671,normal
7672,normal
7673,normal
7674,normal
7675,normal
7676,normal
7677,normal
7678,normal
7679,normal
7680,normal
7681,normal
7682,normal
7683,normal
7684,normal
7685,normal
7686,normal
7687,normal
7688,normal
7689,normal
7690,normal
7691,normal
7692,normal
7693,normal
7694,normal
7695,normal
7696,normal
7697,normal
7698,normal
7699,normal
7700,normal
7701,normal
7702,normal
7703,normal
7704,normal
7705,normal
7706,normal
7707,normal
7708,normal
7709,normal
7710,normal
7711,normal
7712,normal
7713,normal
7714,normal
7715,normal
7716,normal
7717,normal
7718,normal
7719,normal
7720,normal
7721,normal
7722,normal
7723,normal
7724,normal
7725,normal
7726,normal
7727,normal
7728,normal
7729,normal
7730,normal
7731,normal
7732,normal
7733,normal
7734,normal
7735,normal
7736,normal
7737,normal
7738,normal
7739,normal
7740,normal
7741,normal
7742,normal
7743,normal
7744,normal
7745,normal
7746,normal
7747,normal
7748,normal
7749,normal
7750,normal
7751,normal
7752,normal
7753,normal
7754,normal
7755,normal
7756,normal
7757,normal
7758,normal
7759,normal
7760,normal
7761,normal
7762,normal
7763,normal
7764,normal
7765,normal
7766,normal
7767,normal
7768,normal
7769,normal
7770,normal
7771,normal
7772,normal
7773,normal
7774,normal
7775,normal
7776,normal
7777,normal
7778,normal
7779,normal
7780,normal
7781,normal
7782,normal
7783,normal
7784,normal
7785,normal
7786,normal
7787,normal
7788,normal
7789,normal
7790,normal
7791,normal
7792,normal
7793,normal
7794,normal
7795,normal
7796,normal
7797,normal
7798,normal
7799,normal
7800,normal
7801,normal
7802,normal
7803,normal
7804,normal
7805,normal
7806,normal
7807,normal
7808,normal
7809,normal
7810,normal
7811,normal
7812,normal
7813,normal
7814,normal
7815,normal
7816,normal
7817,normal
7818,normal
7819,normal
7820,normal
7821,normal
7822,normal
7823,normal
7824,normal
7825,impossible_travel
7826,normal
7827,normal
7828,impossible_travel
7829,normal
7830,normal
7831,normal
7832,normal
7833,normal
7834,normal
7835,normal
7836,normal
7837,normal
7838,normal
7839,normal
7840,normal
7841,normal
7842,normal
7843,normal
7844,normal
7845,normal
7846,normal
7847,normal
7848,normal
7849,normal
7850,normal
7851,normal
7852,normal
7853,normal
7854,normal
7855,normal
7856,normal
7857,normal
7858,normal
7859,normal
7860,normal
7861,normal
7862,normal
7863,normal
7864,normal
7865,normal
7866,normal
7867,normal
7868,normal
7869,normal
7870,normal
7871,normal
7872,normal
7873,normal
7874,normal
7875,normal
7876,normal
7877,normal
7878,normal
7879,normal
7880,normal
7881,normal
7882,normal
7883,normal
7884,normal
7885,normal
7886,normal
7887,normal
7888,normal
7889,normal
7890,normal
7891,normal
7892,normal
7893,normal
7894,normal
7895,normal
7896,normal
7897,normal
7898,normal
7899,normal
7900,normal
7901,normal
7902,normal
7903,normal
7904,normal
7905,normal
7906,normal
7907,normal
7908,normal
7909,normal
7910,normal
7911,normal
7912,normal
7913,normal
7914,normal
7915,normal
7916,normal
7917,normal
7918,normal
7919,normal
7920,normal
7921,normal
7922,normal
7923,normal
7924,normal
7925,normal
7926,normal
7927,normal
7928,normal
7929,normal
7930,normal
7931,normal
7932,normal
7933,normal
7934,normal
7935,normal
7936,normal
7937,normal
7938,normal
7939,normal
7940,normal
7941,normal
7942,normal
7943,normal
7944,normal
7945,normal
7946,normal
7947,normal
7948,normal
7949,normal
7950,normal
7951,normal
7952,normal
7953,normal
7954,normal
7955,normal
7956,normal
7957,normal
7958,normal
7959,device_spoofing
7960,insider_drift
7961,normal
7962,normal
7963,normal
7964,normal
7965,normal
7966,normal
7967,normal
7968,normal
7969,normal
7970,normal
7971,normal
7972,normal
7973,normal
7974,normal
7975,normal
7976,normal
7977,normal
7978,normal
7979,normal
7980,normal
7981,normal
7982,normal
7983,normal
7984,normal
7985,normal
7986,normal
7987,normal
7988,normal
7989,normal
7990,normal
7991,normal
7992,normal
7993,normal
7994,normal
7995,normal
7996,normal
7997,normal
7998,normal
7999,normal
8000,normal
8001,normal
8002,normal
8003,normal
8004,normal
8005,normal
8006,normal
8007,normal
8008,normal
8009,normal
8010,normal
8011,normal
8012,normal
8013,normal
8014,normal
8015,normal
8016,normal
8017,normal
8018,normal
8019,normal
8020,normal
8021,normal
8022,normal
8023,normal
8024,normal
8025,normal
8026,normal
8027,normal
8028,normal
8029,normal
8030,normal
8031,normal
8032,normal
8033,normal
8034,normal
8035,normal
8036,normal
8037,normal
8038,normal
8039,normal
8040,normal
8041,normal
8042,normal
8043,normal
8044,normal
8045,normal
8046,normal
8047,normal
8048,normal
8049,normal
8050,normal
8051,normal
8052,normal
8053,normal
8054,normal
8055,normal
8056,normal
8057,normal
8058,normal
8059,normal
8060,normal
8061,normal
8062,normal
8063,normal
8064,normal
8065,normal
8066,normal
8067,normal
8068,normal
8069,normal
8070,normal
8071,normal
8072,normal
8073,normal
8074,normal
8075,normal
8076,normal
8077,normal
8078,normal
8079,normal
8080,normal
8081,normal
8082,normal
8083,normal
8084,normal
8085,normal
8086,normal
8087,normal
8088,normal
8089,normal
8090,normal
8091,normal
8092,normal
8093,normal
8094,normal
8095,normal
8096,normal
8097,normal
8098,normal
8099,normal
8100,normal
8101,normal
8102,normal
8103,normal
8104,insider_drift
8105,normal
8106,normal
8107,normal
8108,normal
8109,normal
8110,normal
8111,normal
8112,normal
8113,normal
8114,normal
8115,normal
8116,normal
8117,normal
8118,normal
8119,normal
8120,normal
8121,normal
8122,normal
8123,normal
8124,normal
8125,normal
8126,normal
8127,normal
8128,normal
8129,normal
8130,normal
8131,normal
8132,normal
8133,normal
8134,normal
8135,normal
8136,normal
8137,normal
8138,normal
8139,normal
8140,normal
8141,normal
8142,normal
8143,normal
8144,normal
8145,normal
8146,low_and_slow_exfiltration
8147,normal
8148,normal
8149,normal
8150,normal
8151,normal
8152,normal
8153,normal
8154,device_spoofing
8155,normal
8156,normal
8157,normal
8158,normal
8159,normal
8160,normal
8161,normal
8162,normal
8163,normal
8164,normal
8165,normal
8166,normal
8167,normal
8168,normal
8169,normal
8170,normal
8171,normal
8172,normal
8173,normal
8174,normal
8175,normal
8176,normal
8177,normal
8178,normal
8179,normal
8180,normal
8181,normal
8182,normal
8183,normal
8184,normal
8185,normal
8186,normal
8187,normal
8188,normal
8189,normal
8190,normal
8191,normal
8192,normal
8193,normal
8194,normal
8195,normal
8196,normal
8197,normal
8198,normal
8199,normal
8200,normal
8201,normal
8202,normal
8203,normal
8204,normal
8205,normal
8206,normal
8207,normal
8208,normal
8209,normal
8210,normal
8211,normal
8212,normal
8213,normal
8214,normal
8215,normal
8216,normal
8217,normal
8218,normal
8219,normal
8220,normal
8221,normal
8222,normal
8223,normal
8224,normal
8225,normal
8226,normal
8227,normal
8228,normal
8229,device_spoofing
8230,normal
8231,normal
8232,normal
8233,normal
8234,normal
8235,normal
8236,normal
8237,normal
8238,normal
8239,normal
8240,normal
8241,normal
8242,normal
8243,normal
8244,normal
8245,normal
8246,normal
8247,normal
8248,normal
8249,normal
8250,normal
8251,normal
8252,normal
8253,normal
8254,normal
8255,normal
8256,normal
8257,normal
8258,normal
8259,normal
8260,normal
8261,normal
8262,normal
8263,normal
8264,normal
8265,normal
8266,normal
8267,normal
8268,normal
8269,normal
8270,normal
8271,normal
8272,normal
8273,normal
8274,normal
8275,normal
8276,normal
8277,normal
8278,normal
8279,normal
8280,normal
8281,normal
8282,normal
8283,normal
8284,normal
8285,normal
8286,normal
8287,normal
8288,normal
8289,normal
8290,normal
8291,normal
8292,normal
8293,normal
8294,normal
8295,normal
8296,normal
8297,normal
8298,normal
8299,normal
8300,normal
8301,normal
8302,normal
8303,normal
8304,normal
8305,normal
8306,normal
8307,normal
8308,normal
8309,normal
8310,normal
8311,device_spoofing
8312,normal
8313,normal
8314,normal
8315,normal
8316,normal
8317,normal
8318,normal
8319,normal
8320,normal
8321,normal
8322,normal
8323,normal
8324,normal
8325,normal
8326,normal
8327,normal
8328,normal
8329,normal
8330,normal
8331,normal
8332,normal
8333,normal
8334,normal
8335,normal
8336,normal
8337,normal
8338,normal
8339,normal
8340,normal
8341,normal
8342,normal
8343,normal
8344,normal
8345,normal
8346,normal
8347,normal
8348,normal
8349,normal
8350,normal
8351,normal
8352,normal
8353,normal
8354,normal
8355,normal
8356,normal
8357,normal
8358,normal
8359,normal
8360,normal
8361,normal
8362,normal
8363,normal
8364,normal
8365,normal
8366,normal
8367,normal
8368,normal
8369,normal
8370,normal
8371,normal
8372,normal
8373,normal
8374,normal
8375,normal
8376,normal
8377,normal
8378,normal
8379,normal
8380,normal
8381,normal
8382,normal
8383,normal
8384,normal
8385,normal
8386,normal
8387,normal
8388,normal
8389,normal
8390,normal
8391,normal
8392,normal
8393,normal
8394,normal
8395,normal
8396,normal
8397,normal
8398,normal
8399,normal
8400,normal
8401,normal
8402,normal
8403,normal
8404,normal
8405,normal
8406,normal
8407,normal
8408,normal
8409,normal
8410,normal
8411,normal
8412,normal
8413,normal
8414,normal
8415,normal
8416,normal
8417,normal
8418,normal
8419,normal
8420,normal
8421,normal
8422,normal
8423,normal
8424,normal
8425,normal
8426,normal
8427,normal
8428,normal
8429,normal
8430,normal
8431,normal
8432,normal
8433,normal
8434,normal
8435,normal
8436,normal
8437,normal
8438,normal
8439,normal
8440,normal
8441,normal
8442,normal
8443,normal
8444,normal
8445,normal
8446,normal
8447,normal
8448,normal
8449,normal
8450,normal
8451,normal
8452,normal
8453,normal
8454,normal
8455,normal
8456,normal
8457,normal
8458,normal
8459,normal
8460,normal
8461,normal
8462,normal
8463,normal
8464,normal
8465,normal
8466,normal
8467,normal
8468,normal
8469,normal
8470,normal
8471,normal
8472,normal
8473,normal
8474,impossible_travel
8475,normal
8476,normal
8477,normal
8478,normal
8479,normal
8480,normal
8481,normal
8482,normal
8483,normal
8484,normal
8485,normal
8486,impossible_travel
8487,normal
8488,normal
8489,normal
8490,normal
8491,normal
8492,normal
8493,normal
8494,normal
8495,normal
8496,normal
8497,normal
8498,normal
8499,normal
8500,normal
8501,normal
8502,normal
8503,normal
8504,normal
8505,normal
8506,normal
8507,normal
8508,normal
8509,normal
8510,normal
8511,normal
8512,normal
8513,normal
8514,normal
8515,normal
8516,normal
8517,normal
8518,normal
8519,normal
8520,normal
8521,normal
8522,normal
8523,normal
8524,normal
8525,normal
8526,normal
8527,normal
8528,normal
8529,normal
8530,normal
8531,normal
8532,normal
8533,normal
8534,normal
8535,normal
8536,normal
8537,normal
8538,normal
8539,normal
8540,normal
8541,normal
8542,normal
8543,normal
8544,normal
8545,normal
8546,normal
8547,normal
8548,normal
8549,normal
8550,normal
8551,normal
8552,normal
8553,normal
8554,normal
8555,normal
8556,normal
8557,normal
8558,normal
8559,normal
8560,normal
8561,normal
8562,normal
8563,normal
8564,normal
8565,normal
8566,normal
8567,normal
8568,normal
8569,normal
8570,normal
8571,normal
8572,normal
8573,normal
8574,normal
8575,normal
8576,normal
8577,normal
8578,normal
8579,normal
8580,normal
8581,normal
8582,normal
8583,normal
8584,normal
8585,normal
8586,normal
8587,normal
8588,normal
8589,normal
8590,normal
8591,normal
8592,normal
8593,normal
8594,normal
8595,normal
8596,normal
8597,normal
8598,normal
8599,normal
8600,normal
8601,normal
8602,normal
8603,normal
8604,normal
8605,normal
8606,normal
8607,normal
8608,normal
8609,normal
8610,normal
8611,normal
8612,normal
8613,normal
8614,normal
8615,normal
8616,normal
8617,normal
8618,normal
8619,normal
8620,normal
8621,normal
8622,normal
8623,normal
8624,normal
8625,normal
8626,normal
8627,normal
8628,normal
8629,normal
8630,normal
8631,normal
8632,normal
8633,normal
8634,normal
8635,normal
8636,normal
8637,normal
8638,normal
8639,normal
8640,normal
8641,normal
8642,normal
8643,normal
8644,normal
8645,normal
8646,normal
8647,normal
8648,normal
8649,normal
8650,normal
8651,normal
8652,normal
8653,normal
8654,normal
8655,normal
8656,normal
8657,normal
8658,normal
8659,normal
8660,normal
8661,normal
8662,normal
8663,normal
8664,normal
8665,normal
8666,normal
8667,normal
8668,normal
8669,normal
8670,normal
8671,normal
8672,normal
8673,normal
8674,normal
8675,normal
8676,normal
8677,normal
8678,normal
8679,normal
8680,normal
8681,normal
8682,normal
8683,normal
8684,normal
8685,normal
8686,normal
8687,normal
8688,normal
8689,normal
8690,normal
8691,normal
8692,normal
8693,normal
8694,normal
8695,normal
8696,normal
8697,normal
8698,normal
8699,normal
8700,normal
8701,normal
8702,normal
8703,normal
8704,normal
8705,normal
8706,normal
8707,normal
8708,normal
8709,normal
8710,normal
8711,normal
8712,normal
8713,normal
8714,normal
8715,normal
8716,normal
8717,normal
8718,normal
8719,normal
8720,normal
8721,normal
8722,normal
8723,normal
8724,normal
8725,normal
8726,normal
8727,normal
8728,normal
8729,normal
8730,normal
8731,normal
8732,normal
8733,normal
8734,normal
8735,normal
8736,normal
8737,normal
8738,normal
8739,normal
8740,normal
8741,normal
8742,normal
8743,normal
8744,normal
8745,normal
8746,normal
8747,normal
8748,normal
8749,normal
8750,normal
8751,normal
8752,normal
8753,normal
8754,normal
8755,normal
8756,normal
8757,normal
8758,normal
8759,normal
8760,normal
8761,normal
8762,normal
8763,normal
8764,normal
8765,normal
8766,normal
8767,normal
8768,normal
8769,normal
8770,normal
8771,normal
8772,normal
8773,normal
8774,normal
8775,normal
8776,normal
8777,normal
8778,normal
8779,normal
8780,normal
8781,normal
8782,normal
8783,normal
8784,normal
8785,normal
8786,normal
8787,normal
8788,normal
8789,normal
8790,normal
8791,normal
8792,normal
8793,normal
8794,normal
8795,normal
8796,normal
8797,normal
8798,normal
8799,normal
8800,normal
8801,normal
8802,normal
8803,normal
8804,normal
8805,normal
8806,normal
8807,normal
8808,normal
8809,normal
8810,normal
8811,normal
8812,normal
8813,normal
8814,normal
8815,normal
8816,normal
8817,normal
8818,normal
8819,normal
8820,normal
8821,normal
8822,normal
8823,normal
8824,normal
8825,normal
8826,normal
8827,normal
8828,normal
8829,normal
8830,normal
8831,normal
8832,normal
8833,normal
8834,normal
8835,normal
8836,normal
8837,normal
8838,normal
8839,normal
8840,normal
8841,normal
8842,normal
8843,normal
8844,normal
8845,normal
8846,normal
8847,normal
8848,normal
8849,normal
8850,normal
8851,normal
8852,normal
8853,normal
8854,normal
8855,normal
8856,normal
8857,normal
8858,normal
8859,normal
8860,normal
8861,normal
8862,normal
8863,normal
8864,normal
8865,normal
8866,normal
8867,normal
8868,normal
8869,normal
8870,normal
8871,normal
8872,normal
8873,normal
8874,normal
8875,normal
8876,normal
8877,normal
8878,normal
8879,normal
8880,normal
8881,normal
8882,normal
8883,normal
8884,normal
8885,normal
8886,normal
8887,normal
8888,normal
8889,normal
8890,normal
8891,normal
8892,normal
8893,normal
8894,normal
8895,normal
8896,normal
8897,normal
8898,normal
8899,normal
8900,normal
8901,normal
8902,normal
8903,normal
8904,normal
8905,normal
8906,normal
8907,normal
8908,normal
8909,normal
8910,normal
8911,normal
8912,normal
8913,normal
8914,normal
8915,normal
8916,normal
8917,normal
8918,normal
8919,normal
8920,normal
8921,normal
8922,normal
8923,normal
8924,normal
8925,normal
8926,normal
8927,normal
8928,normal
8929,normal
8930,normal
8931,normal
8932,normal
8933,normal
8934,normal
8935,normal
8936,normal
8937,normal
8938,normal
8939,normal
8940,normal
8941,normal
8942,normal
8943,normal
8944,normal
8945,normal
8946,normal
8947,normal
8948,normal
8949,normal
8950,normal
8951,normal
8952,normal
8953,normal
8954,normal
8955,normal
8956,normal
8957,normal
8958,normal
8959,normal
8960,normal
8961,normal
8962,normal
8963,normal
8964,normal
8965,normal
8966,normal
8967,normal
8968,normal
8969,normal
8970,normal
8971,normal
8972,normal
8973,normal
8974,normal
8975,normal
8976,normal
8977,normal
8978,normal
8979,normal
8980,normal
8981,normal
8982,normal
8983,normal
8984,normal
8985,normal
8986,normal
8987,normal
8988,normal
8989,normal
8990,normal
8991,normal
8992,normal
8993,normal
8994,normal
8995,normal
8996,normal
8997,normal
8998,normal
8999,normal
9000,normal
9001,normal
9002,normal
9003,normal
9004,normal
9005,normal
9006,normal
9007,normal
9008,normal
9009,normal
9010,normal
9011,normal
9012,normal
9013,normal
9014,normal
9015,normal
9016,normal
9017,normal
9018,normal
9019,normal
9020,normal
9021,normal
9022,normal
9023,normal
9024,normal
9025,normal
9026,normal
9027,normal
9028,normal
9029,normal
9030,normal
9031,normal
9032,normal
9033,normal
9034,normal
9035,normal
9036,normal
9037,normal
9038,normal
9039,normal
9040,normal
9041,normal
9042,normal
9043,normal
9044,normal
9045,normal
9046,normal
9047,normal
9048,normal
9049,normal
9050,low_and_slow_exfiltration
9051,normal
9052,normal
9053,normal
9054,normal
9055,normal
9056,normal
9057,low_and_slow_exfiltration
9058,normal
9059,normal
9060,normal
9061,normal
9062,normal
9063,normal
9064,normal
9065,normal
9066,normal
9067,normal
9068,normal
9069,normal
9070,normal
9071,normal
9072,normal
9073,normal
9074,normal
9075,normal
9076,normal
9077,normal
9078,normal
9079,normal
9080,normal
9081,normal
9082,normal
9083,normal
9084,normal
9085,normal
9086,normal
9087,normal
9088,normal
9089,normal
9090,normal
9091,normal
9092,normal
9093,normal
9094,normal
9095,normal
9096,normal
9097,normal
9098,normal
9099,normal
9100,normal
9101,normal
9102,normal
9103,normal
9104,normal
9105,normal
9106,normal
9107,normal
9108,normal
9109,normal
9110,normal
9111,normal
9112,normal
9113,low_and_slow_exfiltration
9114,normal
9115,normal
9116,normal
9117,normal
9118,normal
9119,low_and_slow_exfiltration
9120,normal
9121,normal
9122,normal
9123,normal
9124,normal
9125,normal
9126,normal
9127,normal
9128,normal
9129,normal
9130,normal
9131,normal
9132,normal
9133,normal
9134,normal
9135,normal
9136,normal
9137,normal
9138,normal
9139,normal
9140,normal
9141,normal
9142,normal
9143,normal
9144,normal
9145,normal
9146,normal
9147,normal
9148,normal
9149,normal
9150,normal
9151,normal
9152,normal
9153,normal
9154,normal
9155,normal
9156,normal
9157,normal
9158,normal
9159,normal
9160,normal
9161,normal
9162,normal
9163,normal
9164,normal
9165,normal
9166,normal
9167,normal
9168,normal
9169,normal
9170,normal
9171,normal
9172,normal
9173,normal
9174,normal
9175,normal
9176,normal
9177,normal
9178,normal
9179,normal
9180,normal
9181,normal
9182,normal
9183,normal
9184,normal
9185,normal
9186,normal
9187,normal
9188,normal
9189,normal
9190,normal
9191,normal
9192,normal
9193,insider_drift
9194,insider_drift
9195,normal
9196,normal
9197,normal
9198,normal
9199,normal
9200,normal
9201,normal
9202,normal
9203,normal
9204,normal
9205,normal
9206,normal
9207,normal
9208,normal
9209,normal
9210,normal
9211,normal
9212,normal
9213,normal
9214,normal
9215,normal
9216,normal
9217,normal
9218,normal
9219,normal
9220,normal
9221,normal
9222,normal
9223,normal
9224,normal
9225,normal
9226,normal
9227,normal
9228,normal
9229,normal
9230,normal
9231,normal
9232,normal
9233,normal
9234,normal
9235,normal
9236,normal
9237,normal
9238,normal
9239,normal
9240,normal
9241,normal
9242,normal
9243,normal
9244,normal
9245,normal
9246,normal
9247,normal
9248,normal
9249,normal
9250,normal
9251,normal
9252,normal
9253,normal
9254,normal
9255,normal
9256,normal
9257,normal
9258,normal
9259,normal
9260,normal
9261,normal
9262,normal
9263,insider_drift
9264,normal
9265,normal
9266,normal
9267,normal
9268,normal
9269,normal
9270,normal
9271,normal
9272,normal
9273,normal
9274,normal
9275,normal
9276,normal
9277,normal
9278,normal
9279,normal
9280,normal
9281,normal
9282,normal
9283,normal
9284,normal
9285,normal
9286,normal
9287,normal
9288,normal
9289,normal
9290,normal
9291,normal
9292,normal
9293,normal
9294,normal
9295,normal
9296,device_spoofing
9297,normal
9298,normal
9299,normal
9300,normal
9301,normal
9302,normal
9303,normal
9304,normal
9305,normal
9306,normal
9307,normal
9308,normal
9309,normal
9310,normal
9311,normal
9312,normal
9313,normal
9314,normal
9315,normal
9316,normal
9317,normal
9318,normal
9319,normal
9320,normal
9321,normal
9322,normal
9323,normal
9324,normal
9325,normal
9326,normal
9327,normal
9328,normal
9329,normal
9330,normal
9331,normal
9332,normal
9333,normal
9334,normal
9335,normal
9336,normal
9337,normal
9338,normal
9339,normal
9340,normal
9341,normal
9342,normal
9343,normal
9344,normal
9345,normal
9346,normal
9347,normal
9348,normal
9349,normal
9350,normal
9351,normal
9352,normal
9353,normal
9354,normal
9355,normal
9356,normal
9357,normal
9358,normal
9359,normal
9360,normal
9361,normal
9362,normal
9363,normal
9364,normal
9365,normal
9366,normal
9367,normal
9368,normal
9369,normal
9370,normal
9371,normal
9372,normal
9373,normal
9374,credential_stuffing
9375,credential_stuffing
9376,credential_stuffing
9377,credential_stuffing
9378,credential_stuffing
9379,credential_stuffing
9380,credential_stuffing
9381,credential_stuffing
9382,credential_stuffing
9383,credential_stuffing
9384,credential_stuffing
9385,credential_stuffing
9386,credential_stuffing
9387,credential_stuffing
9388,credential_stuffing
9389,credential_stuffing
9390,credential_stuffing
9391,normal
9392,normal
9393,credential_stuffing
9394,credential_stuffing
9395,credential_stuffing
9396,credential_stuffing
9397,credential_stuffing
9398,credential_stuffing
9399,credential_stuffing
9400,credential_stuffing
9401,credential_stuffing
9402,normal
9403,credential_stuffing
9404,credential_stuffing
9405,normal
9406,normal
9407,normal
9408,normal
9409,normal
9410,normal
9411,normal
9412,normal
9413,normal
9414,normal
9415,normal
9416,normal
9417,normal
9418,normal
9419,normal
9420,normal
9421,normal
9422,normal
9423,normal
9424,normal
9425,normal
9426,normal
9427,normal
9428,normal
9429,normal
9430,normal
9431,normal
9432,normal
9433,normal
9434,normal
9435,device_spoofing
9436,normal
9437,normal
9438,normal
9439,normal
9440,normal
9441,normal
9442,normal
9443,normal
9444,normal
9445,normal
9446,normal
9447,normal
9448,normal
9449,normal
9450,normal
9451,normal
9452,normal
9453,normal
9454,normal
9455,normal
9456,normal
9457,normal
9458,normal
9459,normal
9460,normal
9461,normal
9462,normal
9463,normal
9464,normal
9465,normal
9466,normal
9467,normal
9468,normal
9469,normal
9470,normal
9471,normal
9472,normal
9473,normal
9474,normal
9475,normal
9476,normal
9477,normal
9478,normal
9479,normal
9480,normal
9481,normal
9482,normal
9483,normal
9484,normal
9485,normal
9486,normal
9487,normal
9488,normal
9489,normal
9490,normal
9491,normal
9492,normal
9493,normal
9494,normal
9495,normal
9496,normal
9497,normal
9498,normal
9499,normal
9500,normal
9501,normal
9502,normal
9503,normal
9504,normal
9505,normal
9506,normal
9507,normal
9508,normal
9509,normal
9510,normal
9511,normal
9512,normal
9513,normal
9514,normal
9515,normal
9516,normal
9517,normal
9518,normal
9519,normal
9520,normal
9521,normal
9522,normal
9523,normal
9524,normal
9525,normal
9526,normal
9527,normal
9528,normal
9529,normal
9530,normal
9531,normal
9532,normal
9533,normal
9534,normal
9535,normal
9536,normal
9537,normal
9538,normal
9539,normal
9540,normal
9541,normal
9542,normal
9543,normal
9544,normal
9545,normal
9546,normal
9547,normal
9548,normal
9549,normal
9550,normal
9551,normal
9552,normal
9553,normal
9554,normal
9555,normal
9556,normal
9557,normal
9558,normal
9559,normal
9560,normal
9561,normal
9562,normal
9563,normal
9564,normal
9565,normal
9566,normal
9567,normal
9568,normal
9569,normal
9570,normal
9571,normal
9572,normal
9573,normal
9574,normal
9575,normal
9576,normal
9577,normal
9578,normal
9579,normal
9580,normal
9581,normal
9582,normal
9583,normal
9584,normal
9585,normal
9586,normal
9587,normal
9588,normal
9589,normal
9590,normal
9591,normal
9592,normal
9593,normal
9594,normal
9595,normal
9596,normal
9597,normal
9598,normal
9599,normal
9600,normal
9601,normal
9602,normal
9603,normal
9604,normal
9605,normal
9606,normal
9607,normal
9608,normal
9609,normal
9610,normal
9611,normal
9612,normal
9613,normal
9614,normal
9615,normal
9616,normal
9617,normal
9618,normal
9619,normal
9620,normal
9621,normal
9622,normal
9623,normal
9624,normal
9625,normal
9626,normal
9627,normal
9628,normal
9629,normal
9630,normal
9631,normal
9632,normal
9633,normal
9634,normal
9635,normal
9636,normal
9637,normal
9638,normal
9639,normal
9640,normal
9641,normal
9642,normal
9643,normal
9644,normal
9645,normal
9646,normal
9647,normal
9648,normal
9649,normal
9650,normal
9651,normal
9652,normal
9653,normal
9654,normal
9655,normal
9656,normal
9657,normal
9658,normal
9659,normal
9660,normal
9661,normal
9662,normal
9663,normal
9664,normal
9665,normal
9666,normal
9667,normal
9668,normal
9669,normal
9670,normal
9671,normal
9672,normal
9673,normal
9674,normal
9675,normal
9676,normal
9677,normal
9678,normal
9679,normal
9680,normal
9681,normal
9682,normal
9683,normal
9684,normal
9685,normal
9686,normal
9687,normal
9688,normal
9689,normal
9690,normal
9691,normal
9692,normal
9693,normal
9694,normal
9695,normal
9696,normal
9697,normal
9698,normal
9699,normal
9700,normal
9701,normal
9702,normal
9703,normal
9704,normal
9705,normal
9706,normal
9707,normal
9708,normal
9709,normal
9710,normal
9711,normal
9712,normal
9713,normal
9714,normal
9715,normal
9716,normal
9717,normal
9718,normal
9719,normal
9720,normal
9721,normal
9722,normal
9723,normal
9724,normal
9725,normal
9726,normal
9727,normal
9728,normal
9729,normal
9730,normal
9731,normal
9732,normal
9733,normal
9734,normal
9735,normal
9736,normal
9737,normal
9738,normal
9739,normal
9740,normal
9741,normal
9742,normal
9743,normal
9744,normal
9745,normal
9746,normal
9747,normal
9748,normal
9749,normal
9750,normal
9751,normal
9752,normal
9753,normal
9754,normal
9755,normal
9756,normal
9757,normal
9758,normal
9759,normal
9760,normal
9761,normal
9762,normal
9763,normal
9764,normal
9765,normal
9766,normal
9767,normal
9768,normal
9769,normal
9770,normal
9771,normal
9772,normal
9773,normal
9774,normal
9775,normal
9776,normal
9777,normal
9778,normal
9779,normal
9780,normal
9781,normal
9782,normal
9783,normal
9784,normal
9785,normal
9786,normal
9787,normal
9788,normal
9789,normal
9790,normal
9791,normal
9792,normal
9793,normal
9794,normal
9795,normal
9796,normal
9797,normal
9798,normal
9799,normal
9800,normal
9801,normal
9802,normal
9803,normal
9804,normal
9805,normal
9806,normal
9807,normal
9808,normal
9809,normal
9810,normal
9811,normal
9812,normal
9813,normal
9814,normal
9815,impossible_travel
9816,normal
9817,normal
9818,normal
9819,normal
9820,normal
9821,normal
9822,normal
9823,normal
9824,normal
9825,normal
9826,normal
9827,normal
9828,normal
9829,impossible_travel
9830,normal
9831,normal
9832,normal
9833,normal
9834,normal
9835,normal
9836,normal
9837,normal
9838,normal
9839,normal
9840,normal
9841,normal
9842,normal
9843,normal
9844,normal
9845,normal
9846,normal
9847,normal
9848,normal
9849,normal
9850,normal
9851,normal
9852,normal
9853,normal
9854,normal
9855,normal
9856,normal
9857,normal
9858,normal
9859,normal
9860,normal
9861,normal
9862,normal
9863,device_spoofing
9864,normal
9865,normal
9866,normal
9867,normal
9868,normal
9869,normal
9870,normal
9871,normal
9872,normal
9873,normal
9874,normal
9875,normal
9876,normal
9877,normal
9878,normal
9879,normal
9880,normal
9881,normal
9882,normal
9883,normal
9884,normal
9885,normal
9886,normal
9887,normal
9888,normal
9889,normal
9890,normal
9891,normal
9892,normal
9893,normal
9894,normal
9895,normal
9896,normal
9897,normal
9898,normal
9899,normal
9900,normal
9901,normal
9902,normal
9903,normal
9904,normal
9905,normal
9906,normal
9907,normal
9908,normal
9909,normal
9910,normal
9911,normal
9912,normal
9913,normal
9914,normal
9915,normal
9916,normal
9917,normal
9918,normal
9919,normal
9920,normal
9921,normal
9922,normal
9923,normal
9924,normal
9925,normal
9926,normal
9927,normal
9928,normal
9929,normal
9930,normal
9931,normal
9932,normal
9933,normal
9934,normal
9935,normal
9936,normal
9937,normal
9938,normal
9939,normal
9940,normal
9941,normal
9942,normal
9943,normal
9944,normal
9945,normal
9946,normal
9947,normal
9948,normal
9949,normal
9950,normal
9951,normal
9952,normal
9953,normal
9954,normal
9955,normal
9956,normal
9957,normal
9958,normal
9959,normal
9960,normal
9961,normal
9962,normal
9963,normal
9964,normal
9965,normal
9966,normal
9967,normal
9968,normal
9969,normal
9970,normal
9971,normal
9972,normal
9973,normal
9974,normal
9975,normal
9976,normal
9977,normal
9978,normal
9979,normal
9980,normal
9981,normal
9982,normal
9983,normal
9984,normal
9985,normal
9986,normal
9987,normal
9988,normal
9989,normal
9990,normal
9991,normal
9992,normal
9993,normal
9994,normal
9995,normal
9996,normal
9997,normal
9998,normal
9999,normal
10000,normal
10001,normal
10002,normal
10003,normal
10004,normal
10005,normal
10006,normal
10007,normal
10008,normal
10009,normal
10010,normal
10011,normal
10012,normal
10013,normal
10014,normal
10015,normal
10016,normal
10017,normal
10018,normal
10019,normal
10020,normal
10021,normal
10022,normal
10023,normal
10024,normal
10025,normal
10026,normal
10027,normal
10028,normal
10029,normal
10030,normal
10031,normal
10032,normal
10033,normal
10034,normal
10035,normal
10036,normal
10037,normal
10038,normal
10039,normal
10040,normal
10041,normal
10042,brute_force
10043,brute_force
10044,brute_force
10045,brute_force
10046,brute_force
10047,brute_force
10048,brute_force
10049,brute_force
10050,brute_force
10051,brute_force
10052,brute_force
10053,brute_force
10054,brute_force
10055,brute_force
10056,brute_force
10057,brute_force
10058,brute_force
10059,brute_force
10060,normal
10061,brute_force
10062,brute_force
10063,brute_force
10064,brute_force
10065,brute_force
10066,brute_force
10067,brute_force
10068,brute_force
10069,brute_force
10070,normal
10071,normal
10072,normal
10073,normal
10074,normal
10075,normal
10076,normal
10077,normal
10078,normal
10079,normal
10080,normal
10081,normal
10082,normal
10083,normal
10084,normal
10085,normal
10086,normal
10087,normal
10088,normal
10089,normal
10090,normal
10091,normal
10092,normal
10093,normal
10094,normal
10095,normal
10096,normal
10097,normal
10098,normal
10099,normal
10100,normal
10101,normal
10102,normal
10103,normal
10104,normal
10105,normal
10106,normal
10107,normal
10108,normal
10109,normal
10110,normal
10111,normal
10112,normal
10113,normal
10114,normal
10115,normal
10116,normal
10117,normal
10118,normal
10119,normal
10120,normal
10121,normal
10122,low_and_slow_exfiltration
10123,normal
10124,normal
10125,low_and_slow_exfiltration
10126,normal
10127,normal
10128,normal
10129,normal
10130,normal
10131,normal
10132,normal
10133,normal
10134,normal
10135,normal
10136,normal
10137,normal
10138,normal
10139,normal
10140,normal
10141,normal
10142,normal
10143,normal
10144,normal
10145,normal
10146,normal
10147,normal
10148,normal
10149,normal
10150,normal
10151,normal
10152,normal
10153,normal
10154,normal
10155,normal
10156,normal
10157,normal
10158,normal
10159,normal
10160,normal
10161,normal
10162,normal
10163,normal
10164,device_spoofing
10165,normal
10166,normal
10167,normal
10168,normal
10169,low_and_slow_exfiltration
10170,normal
10171,normal
10172,normal
10173,normal
10174,normal
10175,normal
10176,normal
10177,normal
10178,normal
10179,normal
10180,normal
10181,device_spoofing
10182,normal
10183,normal
10184,normal
10185,normal
10186,normal
10187,normal
10188,normal
10189,normal
10190,normal
10191,normal
10192,normal
10193,normal
10194,normal
10195,normal
10196,normal
10197,normal
10198,normal
10199,normal
10200,normal
10201,normal
10202,normal
10203,normal
10204,normal
10205,normal
10206,normal
10207,normal
10208,normal
10209,normal
10210,normal
10211,normal
10212,normal
10213,normal
10214,normal
10215,normal
10216,normal
10217,normal
10218,normal
10219,normal
10220,normal
10221,normal
10222,normal
10223,normal
10224,normal
10225,normal
10226,normal
10227,normal
10228,normal
10229,normal
10230,normal
10231,normal
10232,normal
10233,normal
10234,normal
10235,normal
10236,normal
10237,normal
10238,normal
10239,normal
10240,normal
10241,normal
10242,normal
10243,normal
10244,normal
10245,normal
10246,normal
10247,normal
10248,normal
10249,normal
10250,normal
10251,normal
10252,normal
10253,normal
10254,normal
10255,normal
10256,normal
10257,normal
10258,normal
10259,normal
10260,normal
10261,normal
10262,normal
10263,normal
10264,normal
10265,normal
10266,normal
10267,normal
10268,normal
10269,normal
10270,normal
10271,normal
10272,normal
10273,normal
10274,normal
10275,normal
10276,normal
10277,normal
10278,normal
10279,normal
10280,normal
10281,normal
10282,normal
10283,normal
10284,normal
10285,normal
10286,normal
10287,normal
10288,normal
10289,normal
10290,normal
10291,normal
10292,normal
10293,normal
10294,normal
10295,normal
10296,normal
10297,normal
10298,normal
10299,normal
10300,normal
10301,normal
10302,normal
10303,normal
10304,normal
10305,normal
10306,normal
10307,normal
10308,normal
10309,normal
10310,normal
10311,device_spoofing
10312,normal
10313,normal
10314,normal
10315,normal
10316,normal
10317,normal
10318,normal
10319,normal
10320,normal
10321,normal
10322,normal
10323,normal
10324,normal
10325,normal
10326,normal
10327,normal
10328,normal
10329,normal
10330,normal
10331,normal
10332,normal
10333,normal
10334,normal
10335,normal
10336,normal
10337,normal
10338,normal
10339,normal
10340,normal
10341,normal
10342,normal
10343,normal
10344,normal
10345,normal
10346,normal
10347,normal
10348,normal
10349,normal
10350,normal
10351,normal
10352,normal
10353,normal
10354,normal
10355,normal
10356,normal
10357,normal
10358,normal
10359,normal
10360,normal
10361,normal
10362,normal
10363,normal
10364,normal
10365,normal
10366,normal
10367,normal
10368,normal
10369,impossible_travel
10370,normal
10371,normal
10372,normal
10373,normal
10374,normal
10375,normal
10376,normal
10377,normal
10378,normal
10379,normal
10380,normal
10381,normal
10382,impossible_travel
10383,normal
10384,normal
10385,normal
10386,normal
10387,normal
10388,normal
10389,normal
10390,normal
10391,normal
10392,normal
10393,normal
10394,normal
10395,normal
10396,normal
10397,normal
10398,normal
10399,normal
10400,normal
10401,normal
10402,normal
10403,normal
10404,normal
10405,normal
10406,normal
10407,normal
10408,normal
10409,normal
10410,normal
10411,normal
10412,normal
10413,normal
10414,normal
10415,normal
10416,normal
10417,normal
10418,normal
10419,normal
10420,normal
10421,normal
10422,normal
10423,normal
10424,normal
10425,normal
10426,normal
10427,normal
10428,normal
10429,normal
10430,normal
10431,normal
10432,normal
10433,normal
10434,normal
10435,normal
10436,normal
10437,normal
10438,normal
10439,normal
10440,normal
10441,normal
10442,normal
10443,normal
10444,normal
10445,normal
10446,normal
10447,normal
10448,normal
10449,normal
10450,normal
10451,normal
10452,normal
10453,normal
10454,normal
10455,normal
10456,normal
10457,normal
10458,normal
10459,normal
10460,normal
10461,normal
10462,normal
10463,normal
10464,normal
10465,normal
10466,normal
10467,normal
10468,normal
10469,normal
10470,normal
10471,normal
10472,normal
10473,normal
10474,normal
10475,normal
10476,normal
10477,normal
10478,normal
10479,normal
10480,normal
10481,normal
10482,normal
10483,normal
10484,normal
10485,normal
10486,normal
10487,normal
10488,normal
10489,normal
10490,normal
10491,normal
10492,normal
10493,normal
10494,normal
10495,normal
10496,normal
10497,normal
10498,normal
10499,normal
10500,normal
10501,normal
10502,normal
10503,normal
10504,normal
10505,normal
10506,normal
10507,normal
10508,normal
10509,normal
10510,normal
10511,normal
10512,normal
10513,normal
10514,normal
10515,normal
10516,normal
10517,normal
10518,normal
10519,normal
10520,normal
10521,normal
10522,normal
10523,normal
10524,normal
10525,normal
10526,normal
10527,normal
10528,normal
10529,normal
10530,normal
10531,normal
10532,normal
10533,normal
10534,normal
10535,normal
10536,normal
10537,normal
10538,normal
10539,normal
10540,normal
10541,normal
10542,normal
10543,normal
10544,normal
10545,normal
10546,normal
10547,normal
10548,normal
10549,normal
10550,normal
10551,normal
10552,normal
10553,normal
10554,normal
10555,normal
10556,normal
10557,normal
10558,normal
10559,normal
10560,normal
10561,normal
10562,normal
10563,normal
10564,normal
10565,normal
10566,normal
10567,normal
10568,normal
10569,normal
10570,normal
10571,normal
10572,normal
10573,normal
10574,normal
10575,normal
10576,normal
10577,normal
10578,normal
10579,normal
10580,normal
10581,normal
10582,normal
10583,normal
10584,normal
10585,normal
10586,normal
10587,normal
10588,normal
10589,normal
10590,normal
10591,normal
10592,normal
10593,normal
10594,normal
10595,normal
10596,normal
10597,normal
10598,normal
10599,normal
10600,normal
10601,normal
10602,normal
10603,normal
10604,normal
10605,normal
10606,normal
10607,normal
10608,normal
10609,normal
10610,normal
10611,normal
10612,normal
10613,normal
10614,normal
10615,normal
10616,normal
10617,normal
10618,normal
10619,normal
10620,normal
10621,normal
10622,normal
10623,normal
10624,normal
10625,normal
10626,normal
10627,normal
10628,normal
10629,normal
10630,normal
10631,normal
10632,normal
10633,normal
10634,normal
10635,normal
10636,normal
10637,normal
10638,normal
10639,normal
10640,normal
10641,normal
10642,normal
10643,normal
10644,normal
10645,normal
10646,normal
10647,normal
10648,normal
10649,normal
10650,normal
10651,normal
10652,normal
10653,normal
10654,normal
10655,normal
10656,normal
10657,normal
10658,normal
10659,normal
10660,normal
10661,normal
10662,normal
10663,normal
10664,normal
10665,normal
10666,normal
10667,normal
10668,normal
10669,normal
10670,normal
10671,normal
10672,normal
10673,normal
10674,normal
10675,normal
10676,normal
10677,normal
10678,normal
10679,normal
10680,normal
10681,normal
10682,normal
10683,normal
10684,normal
10685,normal
10686,normal
10687,normal
10688,normal
10689,normal
10690,normal
10691,normal
10692,normal
10693,normal
10694,normal
10695,normal
10696,normal
10697,normal
10698,normal
10699,normal
10700,normal
10701,normal
10702,normal
10703,normal
10704,normal
10705,normal
10706,normal
10707,normal
10708,normal
10709,normal
10710,normal
10711,normal
10712,normal
10713,normal
10714,normal
10715,normal
10716,normal
10717,normal
10718,normal
10719,normal
10720,normal
10721,normal
10722,normal
10723,normal
10724,normal
10725,normal
10726,normal
10727,normal
10728,normal
10729,normal
10730,normal
10731,insider_drift
10732,normal
10733,normal
10734,normal
10735,normal
10736,normal
10737,normal
10738,normal
10739,normal
10740,normal
10741,normal
10742,normal
10743,normal
10744,normal
10745,normal
10746,normal
10747,normal
10748,normal
10749,normal
10750,normal
10751,normal
10752,normal
10753,normal
10754,normal
10755,normal
10756,normal
10757,normal
10758,normal
10759,normal
10760,normal
10761,normal
10762,normal
10763,normal
10764,normal
10765,normal
10766,normal
10767,normal
10768,normal
10769,normal
10770,normal
10771,normal
10772,normal
10773,normal
10774,normal
10775,normal
10776,normal
10777,normal
10778,normal
10779,normal
10780,normal
10781,normal
10782,normal
10783,normal
10784,normal
10785,normal
10786,normal
10787,normal
10788,normal
10789,normal
10790,normal
10791,normal
10792,normal
10793,normal
10794,normal
10795,normal
10796,normal
10797,normal
10798,normal
10799,normal
10800,normal
10801,normal
10802,normal
10803,normal
10804,normal
10805,normal
10806,normal
10807,normal
10808,normal
10809,normal
10810,normal
10811,normal
10812,normal
10813,normal
10814,normal
10815,normal
10816,normal
10817,normal
10818,normal
10819,normal
10820,normal
10821,normal
10822,normal
10823,normal
10824,normal
10825,normal
10826,normal
10827,normal
10828,normal
10829,normal
10830,normal
10831,normal
10832,normal
10833,normal
10834,normal
10835,normal
10836,normal
10837,normal
10838,normal
10839,normal
10840,normal
10841,normal
10842,normal
10843,normal
10844,normal
10845,normal
10846,normal
10847,normal
10848,normal
10849,normal
10850,normal
10851,normal
10852,normal
10853,normal
10854,normal
10855,normal
10856,normal
10857,normal
10858,normal
10859,normal
10860,normal
10861,normal
10862,normal
10863,normal
10864,normal
10865,normal
10866,normal
10867,normal
10868,normal
10869,normal
10870,normal
10871,normal
10872,normal
10873,normal
10874,normal
10875,normal
10876,normal
10877,normal
10878,normal
10879,normal
10880,normal
10881,normal
10882,normal
10883,normal
10884,normal
10885,normal
10886,normal
10887,normal
10888,normal
10889,normal
10890,normal
10891,normal
10892,normal
10893,normal
10894,normal
10895,normal
10896,normal
10897,normal
10898,normal
10899,normal
10900,normal
10901,normal
10902,normal
10903,normal
10904,normal
10905,normal
10906,normal
10907,normal
10908,normal
10909,normal
10910,normal
10911,normal
10912,normal
10913,normal
10914,normal
10915,normal
10916,normal
10917,normal
10918,normal
10919,normal
10920,normal
10921,normal
10922,normal
10923,normal
10924,normal
10925,normal
10926,normal
10927,normal
10928,normal
10929,normal
10930,normal
10931,normal
10932,normal
10933,normal
10934,normal
10935,normal
10936,normal
10937,normal
10938,normal
10939,normal
10940,normal
10941,normal
10942,normal
10943,normal
10944,normal
10945,normal
10946,normal
10947,normal
10948,normal
10949,normal
10950,normal
10951,normal
10952,normal
10953,normal
10954,normal
10955,normal
10956,normal
10957,normal
10958,normal
10959,normal
10960,normal
10961,normal
10962,normal
10963,normal
10964,normal
10965,normal
10966,normal
10967,normal
10968,normal
10969,normal
10970,normal
10971,normal
10972,normal
10973,normal
10974,normal
10975,normal
10976,normal
10977,normal
10978,normal
10979,normal
10980,normal
10981,normal
10982,normal
10983,normal
10984,normal
10985,normal
10986,normal
10987,normal
10988,normal
10989,normal
10990,normal
10991,normal
10992,normal
10993,normal
10994,normal
10995,normal
10996,normal
10997,normal
10998,normal
10999,normal
11000,normal
11001,normal
11002,normal
11003,normal
11004,normal
11005,normal
11006,normal
11007,normal
11008,normal
11009,normal
11010,normal
11011,normal
11012,normal
11013,normal
11014,normal
11015,normal
11016,normal
11017,normal
11018,normal
11019,normal
11020,normal
11021,normal
11022,normal
11023,normal
11024,normal
11025,normal
11026,normal
11027,normal
11028,normal
11029,normal
11030,normal
11031,normal
11032,normal
11033,normal
11034,normal
11035,normal
11036,normal
11037,normal
11038,normal
11039,normal
11040,normal
11041,normal
11042,normal
11043,normal
11044,normal
11045,normal
11046,normal
11047,normal
11048,normal
11049,normal
11050,normal
11051,normal
11052,normal
11053,normal
11054,normal
11055,normal
11056,normal
11057,normal
11058,normal
11059,normal
11060,normal
11061,normal
11062,normal
11063,normal
11064,normal
11065,normal
11066,normal
11067,normal
11068,normal
11069,normal
11070,normal
11071,normal
11072,normal
11073,normal
11074,normal
11075,normal
11076,normal
11077,normal
11078,normal
11079,normal
11080,normal
11081,normal
11082,normal
11083,normal
11084,normal
11085,normal
11086,normal
11087,normal
11088,normal
11089,normal
11090,normal
11091,normal
11092,normal
11093,normal
11094,normal
11095,normal
11096,normal
11097,normal
11098,normal
11099,normal
11100,normal
11101,normal
11102,normal
11103,normal
11104,normal
11105,normal
11106,normal
11107,normal
11108,normal
11109,normal
11110,normal
11111,normal
11112,normal
11113,normal
11114,normal
11115,normal
11116,normal
11117,normal
11118,normal
11119,normal
11120,normal
11121,normal
11122,normal
11123,normal
11124,normal
11125,normal
11126,normal
11127,normal
11128,normal
11129,normal
11130,lateral_movement
11131,lateral_movement
11132,normal
11133,normal
11134,lateral_movement
11135,lateral_movement
11136,normal
11137,low_and_slow_exfiltration
11138,normal
11139,normal
11140,normal
11141,normal
11142,normal
11143,normal
11144,normal
11145,normal
11146,normal
11147,normal
11148,normal
11149,normal
11150,normal
11151,normal
11152,normal
11153,normal
11154,normal
11155,normal
11156,normal
11157,normal
11158,normal
11159,normal
11160,normal
11161,normal
11162,normal
11163,normal
11164,normal
11165,normal
11166,normal
11167,normal
11168,normal
11169,normal
11170,low_and_slow_exfiltration
11171,normal
11172,normal
11173,normal
11174,normal
11175,normal
11176,normal
11177,normal
11178,normal
11179,normal
11180,normal
11181,normal
11182,normal
11183,normal
11184,normal
11185,normal
11186,normal
11187,normal
11188,normal
11189,normal
11190,normal
11191,impossible_travel
11192,normal
11193,normal
11194,normal
11195,normal
11196,normal
11197,impossible_travel
11198,normal
11199,normal
11200,normal
11201,normal
11202,normal
11203,normal
11204,normal
11205,normal
11206,normal
11207,normal
11208,normal
11209,normal
11210,normal
11211,normal
11212,normal
11213,normal
11214,normal
11215,normal
11216,normal
11217,normal
11218,normal
11219,normal
11220,normal
11221,normal
11222,normal
11223,normal
11224,normal
11225,normal
11226,normal
11227,normal
11228,normal
11229,normal
11230,normal
11231,normal
11232,normal
11233,normal
11234,normal
11235,normal
11236,normal
11237,normal
11238,insider_drift
11239,normal
11240,normal
11241,normal
11242,normal
11243,normal
11244,normal
11245,normal
11246,normal
11247,normal
11248,normal
11249,normal
11250,normal
11251,normal
11252,normal
11253,normal
11254,normal
11255,normal
11256,normal
11257,normal
11258,normal
11259,normal
11260,normal
11261,normal
11262,normal
11263,normal
11264,normal
11265,normal
11266,normal
11267,normal
11268,normal
11269,normal
11270,normal
11271,normal
11272,normal
11273,normal
11274,normal
11275,normal
11276,normal
11277,normal
11278,normal
11279,normal
11280,normal
11281,normal
11282,normal
11283,normal
11284,normal
11285,normal
11286,normal
11287,normal
11288,normal
11289,normal
11290,normal
11291,normal
11292,normal
11293,normal
11294,normal
11295,normal
11296,normal
11297,normal
11298,normal
11299,normal
11300,normal
11301,normal
11302,normal
11303,normal
11304,normal
11305,normal
11306,normal
11307,normal
11308,normal
11309,device_spoofing
11310,normal
11311,normal
11312,normal
11313,normal
11314,normal
11315,normal
11316,normal
11317,normal
11318,normal
11319,normal
11320,normal
11321,normal
11322,normal
11323,normal
11324,normal
11325,normal
11326,normal
11327,normal
11328,normal
11329,normal
11330,normal
11331,normal
11332,normal
11333,normal
11334,normal
11335,normal
11336,normal
11337,normal
11338,normal
11339,normal
11340,normal
11341,normal
11342,normal
11343,normal
11344,normal
11345,normal
11346,normal
11347,normal
11348,normal
11349,normal
11350,normal
11351,normal
11352,normal
11353,normal
11354,credential_stuffing
11355,credential_stuffing
11356,credential_stuffing
11357,credential_stuffing
11358,credential_stuffing
11359,credential_stuffing
11360,credential_stuffing
11361,credential_stuffing
11362,credential_stuffing
11363,credential_stuffing
11364,credential_stuffing
11365,normal
11366,credential_stuffing
11367,credential_stuffing
11368,credential_stuffing
11369,credential_stuffing
11370,normal
11371,credential_stuffing
11372,credential_stuffing
11373,credential_stuffing
11374,credential_stuffing
11375,credential_stuffing
11376,credential_stuffing
11377,credential_stuffing
11378,credential_stuffing
11379,credential_stuffing
11380,credential_stuffing
11381,credential_stuffing
11382,credential_stuffing
11383,normal
11384,normal
11385,normal
11386,normal
11387,normal
11388,normal
11389,normal
11390,normal
11391,normal
11392,normal
11393,normal
11394,normal
11395,normal
11396,normal
11397,normal
11398,normal
11399,normal
11400,normal
11401,normal
11402,normal
11403,normal
11404,normal
11405,normal
11406,normal
11407,normal
11408,normal
11409,normal
11410,normal
11411,normal
11412,normal
11413,normal
11414,normal
11415,normal
11416,normal
11417,normal
11418,normal
11419,normal
11420,normal
11421,normal
11422,normal
11423,normal
11424,normal
11425,normal
11426,normal
11427,normal
11428,normal
11429,normal
11430,normal
11431,normal
11432,normal
11433,normal
11434,normal
11435,normal
11436,normal
11437,normal
11438,normal
11439,normal
11440,normal
11441,normal
11442,normal
11443,normal
11444,normal
11445,normal
11446,normal
11447,normal
11448,normal
11449,normal
11450,normal
11451,normal
11452,normal
11453,normal
11454,normal
11455,normal
11456,normal
11457,normal
11458,normal
11459,normal
11460,normal
11461,normal
11462,normal
11463,normal
11464,normal
11465,normal
11466,normal
11467,normal
11468,normal
11469,normal
11470,normal
11471,normal
11472,normal
11473,normal
11474,normal
11475,normal
11476,normal
11477,normal
11478,normal
11479,normal
11480,normal
11481,normal
11482,normal
11483,normal
11484,normal
11485,normal
11486,normal
11487,normal
11488,normal
11489,normal
11490,normal
11491,normal
11492,normal
11493,normal
11494,normal
11495,normal
11496,normal
11497,normal
11498,normal
11499,normal
11500,normal
11501,normal
11502,normal
11503,normal
11504,normal
11505,normal
11506,normal
11507,normal
11508,normal
11509,normal
11510,normal
11511,normal
11512,normal
11513,normal
11514,normal
11515,normal
11516,normal
11517,normal
11518,normal
11519,normal
11520,normal
11521,normal
11522,normal
11523,normal
11524,normal
11525,normal
11526,normal
11527,normal
11528,normal
11529,normal
11530,normal
11531,normal
11532,normal
11533,normal
11534,normal
11535,normal
11536,normal
11537,normal
11538,normal
11539,normal
11540,normal
11541,normal
11542,normal
11543,normal
11544,normal
11545,normal
11546,normal
11547,normal
11548,normal
11549,normal
11550,normal
11551,normal
11552,normal
11553,normal
11554,normal
11555,normal
11556,normal
11557,normal
11558,normal
11559,normal
11560,normal
11561,normal
11562,normal
11563,normal
11564,normal
11565,normal
11566,normal
11567,normal
11568,normal
11569,normal
11570,normal
11571,normal
11572,normal
11573,normal
11574,normal
11575,normal
11576,normal
11577,normal
11578,normal
11579,normal
11580,normal
11581,normal
11582,normal
11583,normal
11584,normal
11585,normal
11586,normal
11587,normal
11588,normal
11589,normal
11590,normal
11591,normal
11592,normal
11593,normal
11594,normal
11595,normal
11596,normal
11597,normal
11598,normal
11599,normal
11600,normal
11601,normal
11602,normal
11603,normal
11604,normal
11605,normal
11606,normal
11607,normal
11608,normal
11609,normal
11610,normal
11611,normal
11612,normal
11613,normal
11614,normal
11615,normal
11616,normal
11617,normal
11618,normal
11619,normal
11620,normal
11621,normal
11622,normal
11623,normal
11624,normal
11625,normal
11626,normal
11627,normal
11628,normal
11629,normal
11630,normal
11631,normal
11632,normal
11633,normal
11634,normal
11635,normal
11636,normal
11637,normal
11638,normal
11639,normal
11640,normal
11641,normal
11642,normal
11643,normal
11644,normal
11645,normal
11646,normal
11647,normal
11648,normal
11649,normal
11650,normal
11651,normal
11652,normal
11653,normal
11654,normal
11655,normal
11656,normal
11657,normal
11658,normal
11659,normal
11660,normal
11661,normal
11662,normal
11663,normal
11664,normal
11665,normal
11666,normal
11667,normal
11668,normal
11669,normal
11670,normal
11671,normal
11672,normal
11673,normal
11674,normal
11675,normal
11676,normal
11677,normal
11678,normal
11679,normal
11680,normal
11681,normal
11682,normal
11683,normal
11684,normal
11685,normal
11686,normal
11687,normal
11688,normal
11689,normal
11690,normal
11691,normal
11692,normal
11693,impossible_travel
11694,normal
11695,normal
11696,normal
11697,normal
11698,impossible_travel
11699,normal
11700,normal
11701,normal
11702,normal
11703,normal
11704,normal
11705,normal
11706,normal
11707,normal
11708,normal
11709,normal
11710,normal
11711,normal
11712,normal
11713,normal
11714,normal
11715,normal
11716,normal
11717,normal
11718,normal
11719,normal
11720,normal
11721,normal
11722,normal
11723,normal
11724,normal
11725,normal
11726,normal
11727,normal
11728,normal
11729,normal
11730,normal
11731,normal
11732,normal
11733,normal
11734,normal
11735,normal
11736,normal
11737,normal
11738,normal
11739,normal
11740,normal
11741,normal
11742,normal
11743,normal
11744,normal
11745,normal
11746,normal
11747,normal
11748,normal
11749,normal
11750,normal
11751,normal
11752,normal
11753,normal
11754,normal
11755,normal
11756,normal
11757,normal
11758,normal
11759,normal
11760,normal
11761,normal
11762,normal
11763,normal
11764,normal
11765,normal
11766,normal
11767,normal
11768,normal
11769,normal
11770,normal
11771,normal
11772,normal
11773,normal
11774,normal
11775,normal
11776,normal
11777,normal
11778,normal
11779,normal
11780,normal
11781,normal
11782,normal
11783,normal
11784,normal
11785,normal
11786,normal
11787,normal
11788,normal
11789,normal
11790,normal
11791,normal
11792,normal
11793,normal
11794,normal
11795,normal
11796,normal
11797,normal
11798,normal
11799,normal
11800,normal
11801,normal
11802,normal
11803,normal
11804,normal
11805,normal
11806,normal
11807,normal
11808,normal
11809,normal
11810,normal
11811,normal
11812,normal
11813,normal
11814,normal
11815,normal
11816,normal
11817,normal
11818,normal
11819,normal
11820,normal
11821,normal
11822,normal
11823,normal
11824,normal
11825,normal
11826,normal
11827,normal
11828,normal
11829,normal
11830,normal
11831,normal
11832,normal
11833,normal
11834,normal
11835,normal
11836,normal
11837,normal
11838,normal
11839,normal
11840,normal
11841,normal
11842,normal
11843,normal
11844,normal
11845,normal
11846,normal
11847,normal
11848,normal
11849,normal
11850,normal
11851,normal
11852,normal
11853,normal
11854,normal
11855,normal
11856,normal
11857,normal
11858,normal
11859,normal
11860,normal
11861,normal
11862,normal
11863,normal
11864,normal
11865,normal
11866,normal
11867,normal
11868,normal
11869,normal
11870,normal
11871,normal
11872,normal
11873,normal
11874,normal
11875,normal
11876,normal
11877,normal
11878,normal
11879,normal
11880,normal
11881,normal
11882,normal
11883,normal
11884,normal
11885,normal
11886,normal
11887,normal
11888,normal
11889,normal
11890,normal
11891,normal
11892,normal
11893,normal
11894,normal
11895,normal
11896,normal
11897,normal
11898,normal
11899,normal
11900,normal
11901,normal
11902,normal
11903,normal
11904,normal
11905,normal
11906,normal
11907,normal
11908,normal
11909,normal
11910,normal
11911,normal
11912,normal
11913,normal
11914,normal
11915,normal
11916,normal
11917,normal
11918,normal
11919,normal
11920,normal
11921,normal
11922,normal
11923,normal
11924,normal
11925,normal
11926,normal
11927,normal
11928,normal
11929,normal
11930,normal
11931,normal
11932,normal
11933,normal
11934,normal
11935,normal
11936,normal
11937,normal
11938,normal
11939,normal
11940,normal
11941,normal
11942,normal
11943,normal
11944,normal
11945,normal
11946,normal
11947,normal
11948,normal
11949,normal
11950,normal
11951,normal
11952,normal
11953,normal
11954,normal
11955,normal
11956,normal
11957,normal
11958,normal
11959,normal
11960,normal
11961,normal
11962,normal
11963,normal
11964,normal
11965,normal
11966,normal
11967,normal
11968,normal
11969,normal
11970,normal
11971,normal
11972,normal
11973,normal
11974,normal
11975,normal
11976,normal
11977,normal
11978,normal
11979,normal
11980,normal
11981,normal
11982,normal
11983,normal
11984,normal
11985,normal
11986,normal
11987,normal
11988,normal
11989,normal
11990,normal
11991,normal
11992,normal
11993,normal
11994,normal
11995,normal
11996,normal
11997,normal
11998,normal
11999,normal
12000,normal
12001,normal
12002,normal
12003,normal
12004,normal
12005,normal
12006,normal
12007,normal
12008,normal
12009,normal
12010,normal
12011,normal
12012,normal
12013,normal
12014,normal
12015,normal
12016,normal
12017,normal
12018,normal
12019,insider_drift
12020,normal
12021,normal
12022,normal
12023,normal
12024,normal
12025,normal
12026,normal
12027,normal
12028,normal
12029,normal
12030,normal
12031,normal
12032,normal
12033,normal
12034,normal
12035,normal
12036,normal
12037,normal
12038,normal
12039,normal
12040,normal
12041,normal
12042,normal
12043,normal
12044,normal
12045,normal
12046,normal
12047,normal
12048,normal
12049,normal
12050,normal
12051,lateral_movement
12052,normal
12053,normal
12054,lateral_movement
12055,lateral_movement
12056,normal
12057,lateral_movement
12058,normal
12059,normal
12060,normal
12061,lateral_movement
12062,lateral_movement
12063,normal
12064,lateral_movement
12065,normal
12066,normal
12067,normal
12068,normal
12069,normal
12070,normal
12071,normal
12072,lateral_movement
12073,normal
12074,normal
12075,normal
12076,normal
12077,normal
12078,normal
12079,normal
12080,normal
12081,normal
12082,normal
12083,normal
12084,normal
12085,normal
12086,normal
12087,normal
12088,normal
12089,normal
12090,normal
12091,normal
12092,normal
12093,normal
12094,normal
12095,normal
12096,normal
12097,normal
12098,normal
12099,normal
12100,normal
12101,normal
12102,normal
12103,normal
12104,normal
12105,normal
12106,normal
12107,low_and_slow_exfiltration
12108,normal
12109,normal
12110,normal
12111,normal
12112,normal
12113,normal
12114,normal
12115,normal
12116,normal
12117,normal
12118,normal
12119,normal
12120,normal
12121,normal
12122,normal
12123,normal
12124,normal
12125,normal
12126,normal
12127,normal
12128,normal
12129,normal
12130,normal
12131,normal
12132,normal
12133,normal
12134,normal
12135,normal
12136,low_and_slow_exfiltration
12137,normal
12138,normal
12139,normal
12140,low_and_slow_exfiltration
12141,normal
12142,normal
12143,normal
12144,normal
12145,normal
12146,normal
12147,normal
12148,normal
12149,normal
12150,low_and_slow_exfiltration
12151,low_and_slow_exfiltration
12152,normal
12153,low_and_slow_exfiltration
12154,normal
12155,normal
12156,normal
12157,normal
12158,normal
12159,normal
12160,normal
12161,normal
12162,normal
12163,credential_stuffing
12164,normal
12165,credential_stuffing
12166,credential_stuffing
12167,credential_stuffing
12168,credential_stuffing
12169,credential_stuffing
12170,credential_stuffing
12171,credential_stuffing
12172,credential_stuffing
12173,credential_stuffing
12174,credential_stuffing
12175,credential_stuffing
12176,credential_stuffing
12177,credential_stuffing
12178,credential_stuffing
12179,credential_stuffing
12180,credential_stuffing
12181,credential_stuffing
12182,credential_stuffing
12183,credential_stuffing
12184,normal
12185,normal
12186,normal
12187,normal
12188,normal
12189,normal
12190,normal
12191,normal
12192,normal
12193,normal
12194,normal
12195,normal
12196,normal
12197,normal
12198,normal
12199,insider_drift
12200,normal
12201,low_and_slow_exfiltration
12202,normal
12203,normal
12204,normal
12205,normal
12206,normal
12207,normal
12208,normal
12209,normal
12210,normal
12211,normal
12212,normal
12213,normal
12214,normal
12215,normal
12216,normal
12217,normal
12218,normal
12219,normal
12220,normal
12221,normal
12222,normal
12223,normal
12224,normal
12225,normal
12226,normal
12227,normal
12228,normal
12229,normal
12230,normal
12231,normal
12232,normal
12233,normal
12234,normal
12235,normal
12236,normal
12237,normal
12238,normal
12239,normal
12240,normal
12241,normal
12242,normal
12243,normal
12244,normal
12245,normal
12246,normal
12247,normal
12248,normal
12249,normal
12250,normal
12251,normal
12252,normal
12253,normal
12254,normal
12255,normal
12256,normal
12257,normal
12258,normal
12259,normal
12260,normal
12261,normal
12262,normal
12263,normal
12264,normal
12265,normal
12266,normal
12267,normal
12268,normal
12269,normal
12270,normal
12271,normal
12272,normal
12273,normal
12274,normal
12275,normal
12276,normal
12277,normal
12278,normal
12279,normal
12280,normal
12281,normal
12282,normal
12283,normal
12284,normal
12285,normal
12286,normal
12287,normal
12288,normal
12289,normal
12290,normal
12291,normal
12292,normal
12293,normal
12294,normal
12295,normal
12296,normal
12297,normal
12298,normal
12299,normal
12300,normal
12301,normal
12302,normal
12303,normal
12304,normal
12305,normal
12306,normal
12307,normal
12308,normal
12309,normal
12310,normal
12311,normal
12312,normal
12313,normal
12314,normal
12315,normal
12316,normal
12317,normal
12318,normal
12319,normal
12320,normal
12321,normal
12322,normal
12323,normal
12324,normal
12325,normal
12326,normal
12327,normal
12328,normal
12329,normal
12330,normal
12331,normal
12332,normal
12333,normal
12334,normal
12335,normal
12336,normal
12337,normal
12338,normal
12339,normal
12340,normal
12341,normal
12342,normal
12343,normal
12344,normal
12345,normal
12346,normal
12347,normal
12348,normal
12349,normal
12350,normal
12351,normal
12352,normal
12353,normal
12354,normal
12355,normal
12356,normal
12357,normal
12358,normal
12359,normal
12360,normal
12361,normal
12362,normal
12363,normal
12364,normal
12365,normal
12366,normal
12367,normal
12368,normal
12369,normal
12370,normal
12371,normal
12372,normal
12373,normal
12374,normal
12375,normal
12376,normal
12377,normal
12378,normal
12379,normal
12380,insider_drift
12381,normal
12382,normal
12383,normal
12384,normal
12385,normal
12386,normal
12387,normal
12388,normal
12389,normal
12390,normal
12391,normal
12392,normal
12393,normal
12394,normal
12395,normal
12396,normal
12397,normal
12398,normal
12399,normal
12400,normal
12401,normal
12402,normal
12403,normal
12404,normal
12405,normal
12406,normal
12407,normal
12408,normal
12409,normal
12410,normal
12411,normal
12412,normal
12413,normal
12414,normal
12415,normal
12416,normal
12417,normal
12418,normal
12419,normal
12420,normal
12421,normal
12422,normal
12423,normal
12424,normal
12425,normal
12426,normal
12427,normal
12428,normal
12429,normal
12430,normal
12431,normal
12432,normal
12433,normal
12434,normal
12435,normal
12436,normal
12437,normal
12438,normal
12439,normal
12440,normal
12441,normal
12442,normal
12443,normal
12444,normal
12445,normal
12446,normal
12447,normal
12448,normal
12449,normal
12450,normal
12451,normal
12452,normal
12453,normal
12454,normal
12455,normal
12456,normal
12457,normal
12458,normal
12459,normal
12460,normal
12461,normal
12462,normal
12463,normal
12464,normal
12465,normal
12466,normal
12467,normal
12468,normal
12469,normal
12470,normal
12471,normal
12472,normal
12473,normal
12474,normal
12475,normal
12476,normal
12477,normal
12478,normal
12479,normal
12480,normal
12481,normal
12482,normal
12483,normal
12484,normal
12485,normal
12486,normal
12487,normal
12488,normal
12489,normal
12490,normal
12491,normal
12492,normal
12493,normal
12494,normal
12495,normal
12496,normal
12497,normal
12498,normal
12499,normal
12500,normal
12501,normal
12502,normal
12503,normal
12504,normal
12505,normal
12506,normal
12507,normal
12508,normal
12509,normal
12510,normal
12511,normal
12512,normal
12513,normal
12514,normal
12515,normal
12516,normal
12517,normal
12518,normal
12519,normal
12520,normal
12521,normal
12522,normal
12523,normal
12524,normal
12525,normal
12526,normal
12527,normal
12528,normal
12529,normal
12530,normal
12531,normal
12532,normal
12533,normal
12534,normal
12535,normal
12536,normal
12537,normal
12538,normal
12539,normal
12540,normal
12541,normal
12542,normal
12543,normal
12544,normal
12545,normal
12546,normal
12547,normal
12548,normal
12549,normal
12550,normal
12551,normal
12552,normal
12553,normal
12554,normal
12555,normal
12556,normal
12557,normal
12558,normal
12559,normal
12560,normal
12561,normal
12562,normal
12563,normal
12564,normal
12565,normal
12566,normal
12567,normal
12568,normal
12569,normal
12570,normal
12571,normal
12572,normal
12573,normal
12574,normal
12575,normal
12576,normal
12577,normal
12578,normal
12579,normal
12580,normal
12581,normal
12582,normal
12583,normal
12584,normal
12585,lateral_movement
12586,normal
12587,normal
12588,normal
12589,lateral_movement
12590,normal
12591,normal
12592,normal
12593,normal
12594,normal
12595,normal
12596,normal
12597,normal
12598,lateral_movement
12599,lateral_movement
12600,normal
12601,normal
12602,normal
12603,lateral_movement
12604,normal
12605,normal
12606,normal
12607,lateral_movement
12608,normal
12609,normal
12610,normal
12611,normal
12612,normal
12613,normal
12614,normal
12615,normal
12616,normal
12617,normal
12618,normal
12619,normal
12620,normal
12621,normal
12622,normal
12623,normal
12624,normal
12625,normal
12626,normal
12627,normal
12628,normal
12629,normal
12630,normal
12631,normal
12632,normal
12633,normal
12634,normal
12635,normal
12636,normal
12637,normal
12638,normal
12639,normal
12640,normal
12641,normal
12642,normal
12643,normal
12644,normal
12645,normal
12646,normal
12647,normal
12648,normal
12649,normal
12650,normal
12651,normal
12652,normal
12653,normal
12654,normal
12655,normal
12656,normal
12657,normal
12658,normal
12659,normal
12660,normal
12661,normal
12662,normal
12663,normal
12664,normal
12665,normal
12666,normal
12667,normal
12668,normal
12669,normal
12670,normal
12671,normal
12672,normal
12673,normal
12674,normal
12675,normal
12676,normal
12677,normal
12678,normal
12679,normal
12680,normal
12681,normal
12682,normal
12683,normal
12684,normal
12685,normal
12686,normal
12687,normal
12688,normal
12689,normal
12690,normal
12691,normal
12692,normal
12693,normal
12694,normal
12695,normal
12696,normal
12697,normal
12698,normal
12699,normal
12700,normal
12701,normal
12702,normal
12703,normal
12704,normal
12705,normal
12706,normal
12707,normal
12708,normal
12709,normal
12710,normal
12711,normal
12712,normal
12713,normal
12714,normal
12715,normal
12716,normal
12717,normal
12718,normal
12719,normal
12720,normal
12721,normal
12722,normal
12723,normal
12724,normal
12725,normal
12726,normal
12727,normal
12728,normal
12729,normal
12730,normal
12731,normal
12732,normal
12733,normal
12734,normal
12735,normal
12736,normal
12737,normal
12738,normal
12739,normal
12740,normal
12741,normal
12742,insider_drift
12743,normal
12744,normal
12745,normal
12746,normal
12747,normal
12748,normal
12749,normal
12750,normal
12751,normal
12752,normal
12753,normal
12754,normal
12755,normal
12756,normal
12757,normal
12758,normal
12759,normal
12760,normal
12761,normal
12762,normal
12763,normal
12764,normal
12765,normal
12766,normal
12767,normal
12768,normal
12769,normal
12770,normal
12771,normal
12772,normal
12773,normal
12774,normal
12775,normal
12776,normal
12777,normal
12778,normal
12779,normal
12780,normal
12781,normal
12782,normal
12783,normal
12784,normal
12785,normal
12786,normal
12787,normal
12788,normal
12789,normal
12790,normal
12791,normal
12792,normal
12793,normal
12794,normal
12795,normal
12796,normal
12797,normal
12798,normal
12799,normal
12800,normal
12801,normal
12802,normal
12803,normal
12804,normal
12805,normal
12806,normal
12807,normal
12808,normal
12809,normal
12810,normal
12811,normal
12812,normal
12813,normal
12814,normal
12815,normal
12816,normal
12817,normal
12818,normal
12819,normal
12820,normal
12821,normal
12822,normal
12823,normal
12824,normal
12825,normal
12826,normal
12827,normal
12828,normal
12829,normal
12830,normal
12831,normal
12832,normal
12833,normal
12834,normal
12835,normal
12836,normal
12837,normal
12838,normal
12839,normal
12840,normal
12841,normal
12842,normal
12843,normal
12844,normal
12845,normal
12846,normal
12847,normal
12848,normal
12849,normal
12850,normal
12851,normal
12852,normal
12853,normal
12854,normal
12855,normal
12856,normal
12857,normal
12858,normal
12859,normal
12860,normal
12861,normal
12862,normal
12863,normal
12864,normal
12865,normal
12866,normal
12867,normal
12868,normal
12869,normal
12870,normal
12871,normal
12872,normal
12873,normal
12874,normal
12875,normal
12876,normal
12877,normal
12878,normal
12879,normal
12880,normal
12881,normal
12882,normal
12883,normal
12884,normal
12885,normal
12886,normal
12887,normal
12888,normal
12889,normal
12890,normal
12891,normal
12892,normal
12893,normal
12894,normal
12895,normal
12896,normal
12897,normal
12898,normal
12899,normal
12900,normal
12901,normal
12902,normal
12903,normal
12904,normal
12905,normal
12906,normal
12907,normal
12908,normal
12909,normal
12910,normal
12911,normal
12912,normal
12913,normal
12914,normal
12915,normal
12916,normal
12917,normal
12918,normal
12919,normal
12920,normal
12921,normal
12922,normal
12923,normal
12924,normal
12925,normal
12926,normal
12927,normal
12928,normal
12929,normal
12930,normal
12931,normal
12932,normal
12933,normal
12934,normal
12935,normal
12936,normal
12937,normal
12938,normal
12939,normal
12940,normal
12941,normal
12942,normal
12943,normal
12944,normal
12945,normal
12946,normal
12947,normal
12948,normal
12949,normal
12950,normal
12951,normal
12952,normal
12953,normal
12954,normal
12955,normal
12956,normal
12957,normal
12958,normal
12959,normal
12960,normal
12961,normal
12962,normal
12963,normal
12964,normal
12965,normal
12966,normal
12967,normal
12968,normal
12969,normal
12970,normal
12971,normal
12972,normal
12973,normal
12974,normal
12975,normal
12976,normal
12977,normal
12978,normal
12979,normal
12980,normal
12981,normal
12982,normal
12983,normal
12984,normal
12985,normal
12986,normal
12987,normal
12988,normal
12989,device_spoofing
12990,normal
12991,normal
12992,normal
12993,normal
12994,normal
12995,device_spoofing
12996,normal
12997,normal
12998,normal
12999,normal
13000,normal
13001,normal
13002,normal
13003,normal
13004,normal
13005,normal
13006,normal
13007,normal
13008,normal
13009,normal
13010,normal
13011,normal
13012,normal
13013,normal
13014,normal
13015,normal
13016,normal
13017,normal
13018,normal
13019,normal
13020,normal
13021,normal
13022,normal
13023,normal
13024,normal
13025,normal
13026,normal
13027,normal
13028,normal
13029,normal
13030,normal
13031,normal
13032,normal
13033,normal
13034,normal
13035,normal
13036,normal
13037,normal
13038,normal
13039,normal
13040,normal
13041,normal
13042,normal
13043,normal
13044,normal
13045,normal
13046,normal
13047,normal
13048,normal
13049,normal
13050,normal
13051,normal
13052,normal
13053,normal
13054,normal
13055,normal
13056,normal
13057,normal
13058,normal
13059,normal
13060,normal
13061,normal
13062,normal
13063,normal
13064,normal
13065,normal
13066,normal
13067,normal
13068,normal
13069,normal
13070,normal
13071,normal
13072,normal
13073,normal
13074,normal
13075,normal
13076,normal
13077,normal
13078,normal
13079,normal
13080,normal
13081,normal
13082,normal
13083,normal
13084,normal
13085,normal
13086,normal
13087,normal
13088,normal
13089,normal
13090,normal
13091,normal
13092,normal
13093,normal
13094,normal
13095,normal
13096,normal
13097,normal
13098,normal
13099,normal
13100,normal
13101,normal
13102,normal
13103,normal
13104,normal
13105,normal
13106,normal
13107,normal
13108,normal
13109,normal
13110,normal
13111,normal
13112,insider_drift
13113,normal
13114,normal
13115,normal
13116,normal
13117,normal
13118,normal
13119,normal
13120,normal
13121,normal
13122,normal
13123,normal
13124,normal
13125,normal
13126,normal
13127,normal
13128,normal
13129,normal
13130,normal
13131,normal
13132,normal
13133,normal
13134,normal
13135,normal
13136,normal
13137,normal
13138,normal
13139,normal
13140,normal
13141,normal
13142,normal
13143,normal
13144,normal
13145,normal
13146,normal
13147,normal
13148,lateral_movement
13149,lateral_movement
13150,lateral_movement
13151,normal
13152,normal
13153,normal
13154,normal
13155,lateral_movement
13156,normal
13157,normal
13158,normal
13159,normal
13160,normal
13161,normal
13162,normal
13163,normal
13164,normal
13165,normal
13166,normal
13167,normal
13168,normal
13169,normal
13170,normal
13171,normal
13172,normal
13173,normal
13174,normal
13175,normal
13176,normal
13177,normal
13178,normal
13179,normal
13180,normal
13181,normal
13182,normal
13183,normal
13184,normal
13185,normal
13186,normal
13187,normal
13188,normal
13189,normal
13190,normal
13191,normal
13192,normal
13193,normal
13194,normal
13195,normal
13196,low_and_slow_exfiltration
13197,normal
13198,normal
13199,normal
13200,normal
13201,normal
13202,normal
13203,normal
13204,normal
13205,normal
13206,normal
13207,normal
13208,normal
13209,normal
13210,normal
13211,normal
13212,normal
13213,normal
13214,normal
13215,normal
13216,low_and_slow_exfiltration
13217,normal
13218,normal
13219,normal
13220,normal
13221,normal
13222,normal
13223,low_and_slow_exfiltration
13224,normal
13225,normal
13226,normal
13227,normal
13228,normal
13229,normal
13230,normal
13231,normal
13232,normal
13233,normal
13234,normal
13235,normal
13236,low_and_slow_exfiltration
13237,normal
13238,normal
13239,normal
13240,brute_force
13241,brute_force
13242,brute_force
13243,brute_force
13244,brute_force
13245,brute_force
13246,brute_force
13247,brute_force
13248,brute_force
13249,brute_force
13250,brute_force
13251,brute_force
13252,brute_force
13253,brute_force
13254,brute_force
13255,brute_force
13256,brute_force
13257,brute_force
13258,brute_force
13259,brute_force
13260,brute_force
13261,brute_force
13262,brute_force
13263,brute_force
13264,brute_force
13265,brute_force
13266,brute_force
13267,brute_force
13268,brute_force
13269,brute_force
13270,brute_force
13271,brute_force
13272,brute_force
13273,brute_force
13274,brute_force
13275,brute_force
13276,low_and_slow_exfiltration
13277,brute_force
13278,brute_force
13279,brute_force
13280,brute_force
13281,brute_force
13282,brute_force
13283,brute_force
13284,brute_force
13285,brute_force
13286,normal
13287,normal
13288,normal
13289,normal
13290,normal
13291,normal
13292,normal
13293,lateral_movement
13294,normal
13295,lateral_movement
13296,normal
13297,lateral_movement
13298,normal
13299,lateral_movement
13300,normal
13301,normal
13302,normal
13303,normal
13304,normal
13305,normal
13306,low_and_slow_exfiltration
13307,normal
13308,normal
13309,normal
13310,normal
13311,normal
13312,normal
13313,normal
13314,insider_drift
13315,normal
13316,normal
13317,normal
13318,normal
13319,normal
13320,normal
13321,normal
13322,normal
13323,normal
13324,normal
13325,normal
13326,normal
13327,normal
13328,normal
13329,normal
13330,normal
13331,normal
13332,normal
13333,normal
13334,normal
13335,normal
13336,normal
13337,normal
13338,normal
13339,normal
13340,normal
13341,normal
13342,normal
13343,normal
13344,normal
13345,normal
13346,normal
13347,normal
13348,normal
13349,normal
13350,normal
13351,normal
13352,normal
13353,normal
13354,normal
13355,normal
13356,normal
13357,normal
13358,normal
13359,normal
13360,normal
13361,normal
13362,normal
13363,normal
13364,normal
13365,normal
13366,normal
13367,normal
13368,normal
13369,normal
13370,normal
13371,normal
13372,normal
13373,normal
13374,normal
13375,normal
13376,normal
13377,normal
13378,normal
13379,normal
13380,normal
13381,normal
13382,normal
13383,normal
13384,normal
13385,normal
13386,normal
13387,normal
13388,normal
13389,normal
13390,normal
13391,normal
13392,normal
13393,normal
13394,normal
13395,normal
13396,normal
13397,normal
13398,normal
13399,normal
13400,normal
13401,normal
13402,normal
13403,normal
13404,normal
13405,normal
13406,normal
13407,normal
13408,normal
13409,normal
13410,normal
13411,normal
13412,normal
13413,normal
13414,normal
13415,normal
13416,normal
13417,normal
13418,normal
13419,normal
13420,normal
13421,normal
13422,normal
13423,normal
13424,normal
13425,normal
13426,normal
13427,normal
13428,normal
13429,normal
13430,normal
13431,normal
13432,normal
13433,normal
13434,normal
13435,normal
13436,normal
13437,normal
13438,normal
13439,normal
13440,normal
13441,normal
13442,normal
13443,normal
13444,normal
13445,device_spoofing
13446,normal
13447,normal
13448,normal
13449,normal
13450,normal
13451,normal
13452,normal
13453,normal
13454,normal
13455,normal
13456,normal
13457,normal
13458,normal
13459,normal
13460,normal
13461,normal
13462,normal
13463,normal
13464,normal
13465,normal
13466,normal
13467,normal
13468,normal
13469,normal
13470,normal
13471,normal
13472,normal
13473,normal
13474,normal
13475,normal
13476,normal
13477,normal
13478,normal
13479,normal
13480,normal
13481,normal
13482,normal
13483,normal
13484,normal
13485,normal
13486,normal
13487,normal
13488,normal
13489,normal
13490,normal
13491,normal
13492,normal
13493,normal
13494,normal
13495,normal
13496,normal
13497,normal
13498,normal
13499,normal
13500,normal
13501,normal
13502,normal
13503,normal
13504,normal
13505,normal
13506,normal
13507,normal
13508,normal
13509,normal
13510,normal
13511,normal
13512,device_spoofing
13513,normal
13514,normal
13515,normal
13516,normal
13517,normal
13518,normal
13519,normal
13520,normal
13521,normal
13522,normal
13523,normal
13524,normal
13525,normal
13526,normal
13527,normal
13528,normal
13529,normal
13530,normal
13531,normal
13532,normal
13533,normal
13534,normal
13535,normal
13536,normal
13537,normal
13538,normal
13539,normal
13540,normal
13541,normal
13542,normal
13543,normal
13544,normal
13545,normal
13546,normal
13547,normal
13548,normal
13549,normal
13550,normal
13551,normal
13552,normal
13553,normal
13554,normal
13555,normal
13556,normal
13557,normal
13558,normal
13559,normal
13560,normal
13561,normal
13562,normal
13563,normal
13564,normal
13565,normal
13566,normal
13567,normal
13568,normal
13569,normal
13570,normal
13571,normal
13572,normal
13573,normal
13574,normal
13575,normal
13576,normal
13577,normal
13578,normal
13579,normal
13580,normal
13581,normal
13582,normal
13583,normal
13584,normal
13585,normal
13586,normal
13587,normal
13588,normal
13589,normal
13590,normal
13591,normal
13592,normal
13593,normal
13594,normal
13595,normal
13596,normal
13597,normal
13598,normal
13599,normal
13600,normal
13601,normal
13602,normal
13603,normal
13604,normal
13605,normal
13606,normal
13607,normal
13608,normal
13609,normal
13610,normal
13611,normal
13612,normal
13613,normal
13614,normal
13615,normal
13616,normal
13617,normal
13618,normal
13619,normal
13620,normal
13621,normal
13622,normal
13623,normal
13624,normal
13625,normal
13626,normal
13627,normal
13628,normal
13629,normal
13630,normal
13631,normal
13632,normal
13633,normal
13634,normal
13635,normal
13636,normal
13637,normal
13638,normal
13639,normal
13640,normal
13641,normal
13642,normal
13643,normal
13644,normal
13645,normal
13646,normal
13647,normal
13648,normal
13649,normal
13650,normal
13651,normal
13652,normal
13653,normal
13654,normal
13655,normal
13656,normal
13657,normal
13658,normal
13659,normal
13660,normal
13661,normal
13662,normal
13663,normal
13664,normal
13665,normal
13666,normal
13667,normal
13668,normal
13669,normal
13670,normal
13671,normal
13672,normal
13673,normal
13674,normal
13675,normal
13676,normal
13677,normal
13678,normal
13679,normal
13680,normal
13681,normal
13682,normal
13683,normal
13684,normal
13685,normal
13686,normal
13687,normal
13688,normal
13689,normal
13690,normal
13691,normal
13692,normal
13693,normal
13694,normal
13695,normal
13696,normal
13697,normal
13698,normal
13699,normal
13700,normal
13701,normal
13702,normal
13703,normal
13704,normal
13705,normal
13706,normal
13707,normal
13708,normal
13709,normal
13710,normal
13711,normal
13712,normal
13713,normal
13714,normal
13715,normal
13716,normal
13717,normal
13718,normal
13719,normal
13720,normal
13721,normal
13722,normal
13723,normal
13724,normal
13725,normal
13726,normal
13727,normal
13728,normal
13729,normal
13730,normal
13731,normal
13732,normal
13733,normal
13734,normal
13735,normal
13736,normal
13737,normal
13738,normal
13739,normal
13740,normal
13741,normal
13742,normal
13743,normal
13744,normal
13745,normal
13746,normal
13747,normal
13748,normal
13749,normal
13750,normal
13751,normal
13752,normal
13753,normal
13754,normal
13755,normal
13756,normal
13757,normal
13758,normal
13759,normal
13760,normal
13761,normal
13762,normal
13763,normal
13764,normal
13765,normal
13766,normal
13767,normal
13768,normal
13769,normal
13770,normal
13771,normal
13772,normal
13773,normal
13774,normal
13775,normal
13776,normal
13777,normal
13778,normal
13779,normal
13780,normal
13781,normal
13782,normal
13783,normal
13784,normal
13785,normal
13786,normal
13787,normal
13788,normal
13789,normal
13790,normal
13791,normal
13792,normal
13793,normal
13794,normal
13795,normal
13796,normal
13797,normal
13798,normal
13799,normal
13800,normal
13801,normal
13802,normal
13803,normal
13804,normal
13805,normal
13806,normal
13807,normal
13808,normal
13809,normal
13810,normal
13811,normal
13812,normal
13813,normal
13814,normal
13815,normal
13816,normal
13817,normal
13818,normal
13819,normal
13820,normal
13821,normal
13822,normal
13823,normal
13824,normal
13825,normal
13826,normal
13827,normal
13828,normal
13829,normal
13830,normal
13831,normal
13832,normal
13833,normal
13834,normal
13835,device_spoofing
13836,normal
13837,normal
13838,normal
13839,normal
13840,normal
13841,normal
13842,normal
13843,normal
13844,normal
13845,normal
13846,normal
13847,normal
13848,normal
13849,normal
13850,normal
13851,normal
13852,normal
13853,normal
13854,normal
13855,normal
13856,normal
13857,normal
13858,normal
13859,normal
13860,normal
13861,normal
13862,normal
13863,normal
13864,normal
13865,normal
13866,normal
13867,normal
13868,normal
13869,normal
13870,normal
13871,normal
13872,normal
13873,normal
13874,normal
13875,normal
13876,normal
13877,normal
13878,normal
13879,normal
13880,normal
13881,normal
13882,normal
13883,normal
13884,normal
13885,normal
13886,normal
13887,normal
13888,normal
13889,normal
13890,normal
13891,normal
13892,normal
13893,normal
13894,normal
13895,normal
13896,normal
13897,normal
13898,normal
13899,normal
13900,normal
13901,normal
13902,normal
13903,normal
13904,normal
13905,normal
13906,normal
13907,normal
13908,normal
13909,normal
13910,normal
13911,normal
13912,normal
13913,normal
13914,normal
13915,normal
13916,normal
13917,normal
13918,normal
13919,normal
13920,normal
13921,normal
13922,normal
13923,normal
13924,normal
13925,normal
13926,normal
13927,normal
13928,normal
13929,normal
13930,normal
13931,impossible_travel
13932,normal
13933,normal
13934,normal
13935,normal
13936,impossible_travel
13937,normal
13938,normal
13939,normal
13940,normal
13941,normal
13942,normal
13943,normal
13944,normal
13945,normal
13946,normal
13947,normal
13948,normal
13949,normal
13950,normal
13951,normal
13952,normal
13953,normal
13954,normal
13955,normal
13956,normal
13957,normal
13958,normal
13959,normal
13960,normal
13961,normal
13962,normal
13963,normal
13964,normal
13965,normal
13966,normal
13967,normal
13968,normal
13969,normal
13970,normal
13971,normal
13972,normal
13973,normal
13974,normal
13975,normal
13976,normal
13977,normal
13978,normal
13979,normal
13980,normal
13981,normal
13982,normal
13983,normal
13984,normal
13985,normal
13986,normal
13987,normal
13988,normal
13989,normal
13990,normal
13991,normal
13992,normal
13993,normal
13994,normal
13995,normal
13996,normal
13997,normal
13998,normal
13999,normal
14000,normal
14001,normal
14002,normal
14003,normal
14004,normal
14005,normal
14006,normal
14007,normal
14008,normal
14009,normal
14010,normal
14011,normal
14012,normal
14013,normal
14014,normal
14015,normal
14016,normal
14017,normal
14018,normal
14019,normal
14020,normal
14021,normal
14022,normal
14023,normal
14024,normal
14025,normal
14026,normal
14027,normal
14028,normal
14029,normal
14030,normal
14031,normal
14032,normal
14033,normal
14034,normal
14035,normal
14036,normal
14037,normal
14038,normal
14039,normal
14040,normal
14041,normal
14042,normal
14043,normal
14044,normal
14045,normal
14046,normal
14047,normal
14048,normal
14049,normal
14050,normal
14051,normal
14052,normal
14053,normal
14054,normal
14055,normal
14056,normal
14057,normal
14058,normal
14059,normal
14060,normal
14061,normal
14062,normal
14063,normal
14064,normal
14065,normal
14066,normal
14067,normal
14068,normal
14069,normal
14070,normal
14071,normal
14072,normal
14073,normal
14074,normal
14075,normal
14076,normal
14077,normal
14078,normal
14079,normal
14080,normal
14081,normal
14082,normal
14083,normal
14084,normal
14085,normal
14086,normal
14087,normal
14088,normal
14089,normal
14090,normal
14091,normal
14092,normal
14093,normal
14094,normal
14095,normal
14096,normal
14097,normal
14098,normal
14099,normal
14100,normal
14101,normal
14102,normal
14103,normal
14104,normal
14105,normal
14106,normal
14107,normal
14108,normal
14109,normal
14110,normal
14111,normal
14112,normal
14113,normal
14114,normal
14115,normal
14116,normal
14117,normal
14118,normal
14119,normal
14120,normal
14121,normal
14122,normal
14123,normal
14124,normal
14125,normal
14126,normal
14127,normal
14128,normal
14129,normal
14130,normal
14131,normal
14132,normal
14133,normal
14134,normal
14135,normal
14136,normal
14137,normal
14138,normal
14139,normal
14140,normal
14141,normal
14142,normal
14143,normal
14144,normal
14145,normal
14146,normal
14147,normal
14148,normal
14149,normal
14150,normal
14151,normal
14152,normal
14153,normal
14154,normal
14155,normal
14156,normal
14157,normal
14158,normal
14159,normal
14160,normal
14161,normal
14162,normal
14163,normal
14164,normal
14165,normal
14166,normal
14167,normal
14168,normal
14169,normal
14170,normal
14171,normal
14172,normal
14173,normal
14174,normal
14175,normal
14176,normal
14177,normal
14178,normal
14179,normal
14180,normal
14181,normal
14182,normal
14183,normal
14184,normal
14185,normal
14186,normal
14187,normal
14188,normal
14189,normal
14190,normal
14191,normal
14192,normal
14193,normal
14194,normal
14195,normal
14196,normal
14197,normal
14198,normal
14199,normal
14200,normal
14201,normal
14202,normal
14203,normal
14204,normal
14205,normal
14206,normal
14207,normal
14208,normal
14209,normal
14210,normal
14211,normal
14212,normal
14213,normal
14214,normal
14215,normal
14216,normal
14217,normal
14218,normal
14219,low_and_slow_exfiltration
14220,normal
14221,normal
14222,normal
14223,normal
14224,normal
14225,normal
14226,normal
14227,normal
14228,low_and_slow_exfiltration
14229,low_and_slow_exfiltration
14230,normal
14231,normal
14232,normal
14233,normal
14234,normal
14235,normal
14236,normal
14237,normal
14238,normal
14239,normal
14240,normal
14241,normal
14242,normal
14243,normal
14244,normal
14245,normal
14246,normal
14247,normal
14248,normal
14249,normal
14250,normal
14251,normal
14252,normal
14253,normal
14254,normal
14255,normal
14256,impossible_travel
14257,normal
14258,normal
14259,normal
14260,normal
14261,normal
14262,normal
14263,normal
14264,normal
14265,normal
14266,normal
14267,impossible_travel
14268,normal
14269,normal
14270,normal
14271,normal
14272,normal
14273,normal
14274,normal
14275,normal
14276,normal
14277,normal
14278,normal
14279,normal
14280,normal
14281,normal
14282,normal
14283,normal
14284,normal
14285,normal
14286,normal
14287,normal
14288,normal
14289,normal
14290,normal
14291,normal
14292,normal
14293,normal
14294,normal
14295,normal
14296,normal
14297,normal
14298,normal
14299,normal
14300,normal
14301,normal
14302,normal
14303,normal
14304,device_spoofing
14305,normal
14306,normal
14307,normal
14308,normal
14309,normal
14310,normal
14311,normal
14312,normal
14313,normal
14314,normal
14315,normal
14316,normal
14317,normal
14318,normal
14319,normal
14320,normal
14321,normal
14322,normal
14323,normal
14324,normal
14325,normal
14326,normal
14327,normal
14328,normal
14329,normal
14330,normal
14331,normal
14332,normal
14333,normal
14334,normal
14335,normal
14336,normal
14337,normal
14338,normal
14339,normal
14340,normal
14341,normal
14342,normal
14343,normal
14344,normal
14345,normal
14346,normal
14347,normal
14348,normal
14349,normal
14350,normal
14351,normal
14352,normal
14353,normal
14354,normal
14355,normal
14356,normal
14357,normal
14358,insider_drift
14359,normal
14360,normal
14361,normal
14362,normal
14363,normal
14364,normal
14365,normal
14366,normal
14367,normal
14368,normal
14369,normal
14370,normal
14371,normal
14372,normal
14373,normal
14374,normal
14375,normal
14376,normal
14377,normal
14378,normal
14379,normal
14380,normal
14381,normal
14382,normal
14383,normal
14384,normal
14385,normal
14386,normal
14387,normal
14388,normal
14389,normal
14390,normal
14391,normal
14392,normal
14393,normal
14394,normal
14395,normal
14396,normal
14397,normal
14398,normal
14399,normal
14400,normal
14401,normal
14402,normal
14403,impossible_travel
14404,normal
14405,normal
14406,normal
14407,impossible_travel
14408,normal
14409,normal
14410,normal
14411,normal
14412,normal
14413,normal
14414,normal
14415,normal
14416,normal
14417,normal
14418,normal
14419,normal
14420,normal
14421,normal
14422,normal
14423,normal
14424,normal
14425,normal
14426,normal
14427,normal
14428,normal
14429,normal
14430,normal
14431,normal
14432,normal
14433,normal
14434,normal
14435,normal
14436,normal
14437,normal
14438,normal
14439,normal
14440,normal
14441,normal
14442,normal
14443,normal
14444,normal
14445,normal
14446,normal
14447,normal
14448,normal
14449,normal
14450,normal
14451,normal
14452,normal
14453,normal
14454,normal
14455,normal
14456,normal
14457,normal
14458,normal
14459,normal
14460,normal
14461,normal
14462,normal
14463,normal
14464,normal
14465,normal
14466,normal
14467,normal
14468,normal
14469,normal
14470,normal
14471,normal
14472,normal
14473,normal
14474,normal
14475,normal
14476,normal
14477,normal
14478,normal
14479,normal
14480,normal
14481,normal
14482,normal
14483,normal
14484,normal
14485,normal
14486,normal
14487,normal
14488,normal
14489,normal
14490,normal
14491,normal
14492,normal
14493,normal
14494,normal
14495,normal
14496,normal
14497,normal
14498,normal
14499,normal
14500,normal
14501,normal
14502,normal
14503,normal
14504,normal
14505,normal
14506,normal
14507,normal
14508,normal
14509,normal
14510,normal
14511,normal
14512,normal
14513,normal
14514,normal
14515,normal
14516,normal
14517,normal
14518,normal
14519,normal
14520,normal
14521,normal
14522,normal
14523,normal
14524,normal
14525,normal
14526,normal
14527,normal
14528,normal
14529,normal
14530,normal
14531,normal
14532,normal
14533,normal
14534,normal
14535,normal
14536,normal
14537,normal
14538,normal
14539,normal
14540,normal
14541,normal
14542,normal
14543,normal
14544,normal
14545,normal
14546,normal
14547,normal
14548,normal
14549,normal
14550,normal
14551,normal
14552,normal
14553,normal
14554,normal
14555,normal
14556,normal
14557,normal
14558,normal
14559,normal
14560,normal
14561,normal
14562,normal
14563,normal
14564,normal
14565,normal
14566,normal
14567,normal
14568,normal
14569,normal
14570,normal
14571,normal
14572,normal
14573,normal
14574,normal
14575,normal
14576,normal
14577,normal
14578,normal
14579,normal
14580,normal
14581,normal
14582,normal
14583,normal
14584,normal
14585,normal
14586,normal
14587,normal
14588,normal
14589,normal
14590,normal
14591,normal
14592,normal
14593,normal
14594,normal
14595,normal
14596,normal
14597,normal
14598,normal
14599,normal
14600,normal
14601,normal
14602,normal
14603,normal
14604,normal
14605,normal
14606,normal
14607,normal
14608,normal
14609,normal
14610,normal
14611,normal
14612,normal
14613,normal
14614,normal
14615,normal
14616,normal
14617,normal
14618,normal
14619,normal
14620,normal
14621,normal
14622,normal
14623,normal
14624,normal
14625,normal
14626,normal
14627,normal
14628,normal
14629,normal
14630,normal
14631,normal
14632,normal
14633,normal
14634,normal
14635,normal
14636,normal
14637,normal
14638,normal
14639,normal
14640,normal
14641,normal
14642,normal
14643,normal
14644,normal
14645,normal
14646,normal
14647,normal
14648,normal
14649,normal
14650,normal
14651,normal
14652,normal
14653,normal
14654,normal
14655,normal
14656,normal
14657,normal
14658,normal
14659,normal
14660,normal
14661,normal
14662,normal
14663,normal
14664,normal
14665,normal
14666,normal
14667,normal
14668,normal
14669,normal
14670,normal
14671,normal
14672,normal
14673,normal
14674,normal
14675,normal
14676,normal
14677,normal
14678,normal
14679,normal
14680,normal
14681,normal
14682,normal
14683,normal
14684,normal
14685,normal
14686,normal
14687,normal
14688,normal
14689,normal
14690,normal
14691,normal
14692,normal
14693,normal
14694,normal
14695,normal
14696,normal
14697,normal
14698,normal
14699,normal
14700,normal
14701,normal
14702,normal
14703,normal
14704,normal
14705,normal
14706,normal
14707,normal
14708,normal
14709,normal
14710,normal
14711,normal
14712,normal
14713,normal
14714,normal
14715,normal
14716,normal
14717,normal
14718,normal
14719,normal
14720,normal
14721,normal
14722,normal
14723,normal
14724,normal
14725,normal
14726,normal
14727,normal
14728,normal
14729,normal
14730,normal
14731,normal
14732,normal
14733,normal
14734,normal
14735,normal
14736,normal
14737,normal
14738,normal
14739,normal
14740,normal
14741,normal
14742,normal
14743,normal
14744,normal
14745,normal
14746,normal
14747,normal
14748,normal
14749,normal
14750,normal
14751,normal
14752,normal
14753,normal
14754,normal
14755,normal
14756,normal
14757,normal
14758,normal
14759,normal
14760,normal
14761,normal
14762,normal
14763,normal
14764,normal
14765,normal
14766,normal
14767,normal
14768,normal
14769,normal
14770,normal
14771,normal
14772,normal
14773,normal
14774,normal
14775,normal
14776,normal
14777,normal
14778,normal
14779,normal
14780,normal
14781,normal
14782,normal
14783,impossible_travel
14784,normal
14785,normal
14786,normal
14787,normal
14788,normal
14789,normal
14790,impossible_travel
14791,normal
14792,normal
14793,normal
14794,normal
14795,normal
14796,normal
14797,normal
14798,normal
14799,normal
14800,normal
14801,normal
14802,normal
14803,normal
14804,normal
14805,normal
14806,normal
14807,normal
14808,normal
14809,normal
14810,normal
14811,normal
14812,normal
14813,normal
14814,normal
14815,normal
14816,normal
14817,normal
14818,normal
14819,normal
14820,normal
14821,normal
14822,normal
14823,normal
14824,normal
14825,normal
14826,normal
14827,normal
14828,normal
14829,normal
14830,normal
14831,normal
14832,normal
14833,normal
14834,normal
14835,normal
14836,normal
14837,normal
14838,normal
14839,normal
14840,normal
14841,normal
14842,normal
14843,normal
14844,normal
14845,normal
14846,normal
14847,normal
14848,normal
14849,normal
14850,normal
14851,normal
14852,normal
14853,normal
14854,normal
14855,normal
14856,normal
14857,normal
14858,normal
14859,normal
14860,normal
14861,normal
14862,normal
14863,normal
14864,normal
14865,normal
14866,normal
14867,normal
14868,normal
14869,normal
14870,normal
14871,normal
14872,normal
14873,normal
14874,normal
14875,normal
14876,normal
14877,normal
14878,normal
14879,normal
14880,normal
14881,normal
14882,normal
14883,normal
14884,normal
14885,normal
14886,normal
14887,normal
14888,normal
14889,normal
14890,normal
14891,normal
14892,normal
14893,normal
14894,normal
14895,normal
14896,normal
14897,normal
14898,normal
14899,normal
14900,normal
14901,normal
14902,normal
14903,device_spoofing
14904,normal
14905,normal
14906,normal
14907,normal
14908,normal
14909,normal
14910,normal
14911,normal
14912,normal
14913,normal
14914,normal
14915,normal
14916,normal
14917,normal
14918,normal
14919,normal
14920,normal
14921,normal
14922,normal
14923,normal
14924,normal
14925,normal
14926,normal
14927,normal
14928,normal
14929,normal
14930,normal
14931,normal
14932,normal
14933,normal
14934,normal
14935,normal
14936,normal
14937,normal
14938,normal
14939,normal
14940,normal
14941,normal
14942,normal
14943,normal
14944,normal
14945,normal
14946,normal
14947,normal
14948,normal
14949,normal
14950,normal
14951,normal
14952,normal
14953,normal
14954,normal
14955,normal
14956,normal
14957,normal
14958,normal
14959,normal
14960,normal
14961,normal
14962,normal
14963,normal
14964,normal
14965,normal
14966,normal
14967,normal
14968,normal
14969,normal
14970,normal
14971,normal
14972,normal
14973,normal
14974,normal
14975,normal
14976,normal
14977,normal
14978,normal
14979,normal
14980,normal
14981,normal
14982,normal
14983,normal
14984,normal
14985,normal
14986,normal
14987,normal
14988,normal
14989,normal
14990,normal
14991,normal
14992,normal
14993,normal
14994,normal
14995,normal
14996,normal
14997,normal
14998,normal
14999,normal
15000,normal
15001,normal
15002,normal
15003,normal
15004,normal
15005,normal
15006,normal
15007,normal
15008,normal
15009,normal
15010,normal
15011,normal
15012,normal
15013,normal
15014,normal
15015,normal
15016,normal
15017,normal
15018,normal
15019,normal
15020,normal
15021,normal
15022,normal
15023,normal
15024,normal
15025,normal
15026,normal
15027,normal
15028,normal
15029,normal
15030,normal
15031,normal
15032,normal
15033,normal
15034,normal
15035,normal
15036,normal
15037,normal
15038,normal
15039,normal
15040,normal
15041,normal
15042,normal
15043,normal
15044,normal
15045,normal
15046,normal
15047,normal
15048,normal
15049,normal
15050,normal
15051,normal
15052,normal
15053,normal
15054,normal
15055,normal
15056,normal
15057,normal
15058,normal
15059,normal
15060,normal
15061,normal
15062,normal
15063,normal
15064,normal
15065,normal
15066,normal
15067,normal
15068,normal
15069,normal
15070,normal
15071,normal
15072,normal
15073,normal
15074,normal
15075,normal
15076,normal
15077,normal
15078,normal
15079,normal
15080,normal
15081,normal
15082,normal
15083,normal
15084,normal
15085,normal
15086,normal
15087,normal
15088,normal
15089,normal
15090,normal
15091,normal
15092,normal
15093,normal
15094,normal
15095,normal
15096,normal
15097,normal
15098,normal
15099,normal
15100,normal
15101,normal
15102,normal
15103,normal
15104,normal
15105,normal
15106,normal
15107,normal
15108,normal
15109,normal
15110,normal
15111,normal
15112,normal
15113,normal
15114,normal
15115,normal
15116,normal
15117,normal
15118,normal
15119,normal
15120,normal
15121,normal
15122,normal
15123,normal
15124,normal
15125,normal
15126,normal
15127,normal
15128,normal
15129,normal
15130,normal
15131,normal
15132,normal
15133,normal
15134,normal
15135,normal
15136,normal
15137,normal
15138,normal
15139,normal
15140,normal
15141,normal
15142,normal
15143,normal
15144,normal
15145,normal
15146,normal
15147,normal
15148,normal
15149,normal
15150,normal
15151,normal
15152,normal
15153,normal
15154,normal
15155,normal
15156,normal
15157,normal
15158,normal
15159,normal
15160,normal
15161,normal
15162,normal
15163,normal
15164,normal
15165,normal
15166,normal
15167,normal
15168,normal
15169,normal
15170,normal
15171,normal
15172,normal
15173,normal
15174,normal
15175,normal
15176,normal
15177,normal
15178,normal
15179,normal
15180,normal
15181,normal
15182,normal
15183,normal
15184,normal
15185,normal
15186,normal
15187,normal
15188,normal
15189,normal
15190,normal
15191,lateral_movement
15192,lateral_movement
15193,lateral_movement
15194,normal
15195,lateral_movement
15196,normal
15197,lateral_movement
15198,normal
15199,normal
15200,normal
15201,normal
15202,normal
15203,normal
15204,normal
15205,normal
15206,normal
15207,normal
15208,normal
15209,normal
15210,normal
15211,normal
15212,normal
15213,normal
15214,normal
15215,normal
15216,normal
15217,normal
15218,normal
15219,normal
15220,normal
15221,normal
15222,normal
15223,normal
15224,normal
15225,normal
15226,normal
15227,normal
15228,normal
15229,normal
15230,normal
15231,normal
15232,normal
15233,normal
15234,normal
15235,normal
15236,normal
15237,normal
15238,normal
15239,normal
15240,normal
15241,low_and_slow_exfiltration
15242,normal
15243,normal
15244,normal
15245,normal
15246,normal
15247,normal
15248,normal
15249,normal
15250,normal
15251,normal
15252,normal
15253,normal
15254,normal
15255,normal
15256,normal
15257,normal
15258,normal
15259,normal
15260,normal
15261,normal
15262,low_and_slow_exfiltration
15263,low_and_slow_exfiltration
15264,normal
15265,normal
15266,normal
15267,normal
15268,normal
15269,low_and_slow_exfiltration
15270,normal
15271,normal
15272,normal
15273,normal
15274,normal
15275,normal
15276,normal
15277,low_and_slow_exfiltration
15278,low_and_slow_exfiltration
15279,normal
15280,normal
15281,normal
15282,normal
15283,normal
15284,normal
15285,normal
15286,normal
15287,normal
15288,normal
15289,insider_drift
15290,normal
15291,normal
15292,normal
15293,normal
15294,normal
15295,normal
15296,normal
15297,normal
15298,normal
15299,normal
15300,normal
15301,normal
15302,normal
15303,normal
15304,normal
15305,normal
15306,normal
15307,normal
15308,normal
15309,device_spoofing
15310,normal
15311,normal
15312,normal
15313,normal
15314,low_and_slow_exfiltration
15315,normal
15316,normal
15317,normal
15318,normal
15319,normal
15320,normal
15321,normal
15322,normal
15323,normal
15324,normal
15325,normal
15326,normal
15327,normal
15328,normal
15329,normal
15330,normal
15331,normal
15332,normal
15333,normal
15334,normal
15335,normal
15336,normal
15337,normal
15338,normal
15339,normal
15340,normal
15341,normal
15342,normal
15343,normal
15344,normal
15345,normal
15346,normal
15347,normal
15348,normal
15349,normal
15350,normal
15351,normal
15352,normal
15353,normal
15354,normal
15355,normal
15356,normal
15357,normal
15358,normal
15359,normal
15360,normal
15361,normal
15362,normal
15363,normal
15364,normal
15365,normal
15366,normal
15367,normal
15368,normal
15369,normal
15370,normal
15371,normal
15372,normal
15373,normal
15374,normal
15375,normal
15376,normal
15377,normal
15378,normal
15379,normal
15380,normal
15381,normal
15382,normal
15383,normal
15384,normal
15385,normal
15386,normal
15387,normal
15388,normal
15389,normal
15390,normal
15391,normal
15392,normal
15393,normal
15394,normal
15395,normal
15396,normal
15397,normal
15398,normal
15399,normal
15400,normal
15401,normal
15402,normal
15403,normal
15404,normal
15405,normal
15406,normal
15407,normal
15408,normal
15409,normal
15410,normal
15411,normal
15412,normal
15413,normal
15414,normal
15415,normal
15416,normal
15417,normal
15418,normal
15419,normal
15420,normal
15421,normal
15422,normal
15423,normal
15424,normal
15425,normal
15426,normal
15427,normal
15428,normal
15429,normal
15430,normal
15431,normal
15432,normal
15433,normal
15434,normal
15435,normal
15436,normal
15437,normal
15438,normal
15439,normal
15440,normal
15441,normal
15442,normal
15443,normal
15444,normal
15445,normal
15446,normal
15447,normal
15448,normal
15449,normal
15450,normal
15451,normal
15452,normal
15453,normal
15454,normal
15455,normal
15456,normal
15457,normal
15458,normal
15459,normal
15460,normal
15461,normal
15462,normal
15463,normal
15464,normal
15465,normal
15466,normal
15467,normal
15468,normal
15469,normal
15470,normal
15471,normal
15472,normal
15473,normal
15474,normal
15475,normal
15476,normal
15477,normal
15478,normal
15479,insider_drift
15480,normal
15481,normal
15482,normal
15483,normal
15484,device_spoofing
15485,normal
15486,normal
15487,normal
15488,normal
15489,normal
15490,normal
15491,normal
15492,normal
15493,normal
15494,normal
15495,normal
15496,normal
15497,normal
15498,normal
15499,normal
15500,normal
15501,normal
15502,normal
15503,normal
15504,normal
15505,normal
15506,normal
15507,normal
15508,normal
15509,normal
15510,normal
15511,normal
15512,normal
15513,normal
15514,normal
15515,normal
15516,normal
15517,normal
15518,normal
15519,normal
15520,normal
15521,normal
15522,normal
15523,normal
15524,normal
15525,normal
15526,normal
15527,normal
15528,normal
15529,normal
15530,normal
15531,normal
15532,normal
15533,normal
15534,normal
15535,normal
15536,normal
15537,normal
15538,normal
15539,normal
15540,normal
15541,normal
15542,normal
15543,normal
15544,normal
15545,normal
15546,normal
15547,normal
15548,normal
15549,normal
15550,normal
15551,normal
15552,normal
15553,normal
15554,normal
15555,normal
15556,normal
15557,normal
15558,normal
15559,normal
15560,normal
15561,normal
15562,normal
15563,normal
15564,normal
15565,normal
15566,normal
15567,normal
15568,normal
15569,normal
15570,normal
15571,normal
15572,normal
15573,normal
15574,normal
15575,normal
15576,normal
15577,normal
15578,normal
15579,normal
15580,normal
15581,normal
15582,normal
15583,normal
15584,normal
15585,normal
15586,normal
15587,normal
15588,normal
15589,normal
15590,normal
15591,normal
15592,normal
15593,normal
15594,normal
15595,normal
15596,normal
15597,normal
15598,normal
15599,normal
15600,normal
15601,normal
15602,normal
15603,normal
15604,normal
15605,normal
15606,normal
15607,normal
15608,normal
15609,normal
15610,normal
15611,normal
15612,normal
15613,normal
15614,normal
15615,normal
15616,normal
15617,normal
15618,normal
15619,normal
15620,normal
15621,normal
15622,normal
15623,normal
15624,normal
15625,normal
15626,normal
15627,normal
15628,normal
15629,normal
15630,normal
15631,normal
15632,normal
15633,normal
15634,normal
15635,normal
15636,normal
15637,normal
15638,normal
15639,normal
15640,normal
15641,normal
15642,normal
15643,normal
15644,normal
15645,normal
15646,normal
15647,normal
15648,normal
15649,normal
15650,normal
15651,normal
15652,normal
15653,normal
15654,normal
15655,normal
15656,normal
15657,normal
15658,normal
15659,normal
15660,normal
15661,normal
15662,normal
15663,normal
15664,normal
15665,normal
15666,normal
15667,normal
15668,normal
15669,normal
15670,normal
15671,normal
15672,normal
15673,normal
15674,normal
15675,normal
15676,normal
15677,normal
15678,normal
15679,normal
15680,normal
15681,normal
15682,normal
15683,normal
15684,normal
15685,normal
15686,normal
15687,normal
15688,normal
15689,normal
15690,normal
15691,normal
15692,normal
15693,normal
15694,normal
15695,normal
15696,normal
15697,normal
15698,normal
15699,normal
15700,normal
15701,normal
15702,normal
15703,normal
15704,normal
15705,normal
15706,normal
15707,normal
15708,normal
15709,normal
15710,normal
15711,normal
15712,normal
15713,normal
15714,normal
15715,normal
15716,normal
15717,normal
15718,normal
15719,normal
15720,normal
15721,normal
15722,normal
15723,impossible_travel
15724,normal
15725,normal
15726,normal
15727,normal
15728,normal
15729,normal
15730,normal
15731,normal
15732,normal
15733,normal
15734,normal
15735,normal
15736,normal
15737,normal
15738,normal
15739,normal
15740,normal
15741,normal
15742,normal
15743,normal
15744,impossible_travel
15745,normal
15746,normal
15747,normal
15748,normal
15749,normal
15750,normal
15751,normal
15752,normal
15753,normal
15754,normal
15755,normal
15756,normal
15757,normal
15758,normal
15759,normal
15760,normal
15761,normal
15762,normal
15763,normal
15764,normal
15765,normal
15766,normal
15767,normal
15768,normal
15769,normal
15770,normal
15771,normal
15772,normal
15773,normal
15774,normal
15775,normal
15776,normal
15777,normal
15778,normal
15779,normal
15780,normal
15781,normal
15782,normal
15783,normal
15784,normal
15785,normal
15786,normal
15787,normal
15788,normal
15789,normal
15790,normal
15791,normal
15792,normal
15793,normal
15794,normal
15795,normal
15796,normal
15797,normal
15798,normal
15799,normal
15800,normal
15801,normal
15802,normal
15803,normal
15804,normal
15805,normal
15806,normal
15807,normal
15808,normal
15809,normal
15810,normal
15811,normal
15812,normal
15813,normal
15814,normal
15815,normal
15816,normal
15817,normal
15818,normal
15819,normal
15820,normal
15821,normal
15822,normal
15823,normal
15824,normal
15825,normal
15826,normal
15827,normal
15828,normal
15829,normal
15830,normal
15831,normal
15832,normal
15833,normal
15834,normal
15835,normal
15836,normal
15837,normal
15838,normal
15839,normal
15840,normal
15841,normal
15842,normal
15843,normal
15844,normal
15845,normal
15846,normal
15847,normal
15848,normal
15849,normal
15850,normal
15851,normal
15852,normal
15853,normal
15854,normal
15855,normal
15856,normal
15857,normal
15858,normal
15859,normal
15860,normal
15861,normal
15862,normal
15863,normal
15864,normal
15865,normal
15866,normal
15867,normal
15868,normal
15869,normal
15870,normal
15871,normal
15872,normal
15873,normal
15874,normal
15875,normal
15876,normal
15877,normal
15878,normal
15879,normal
15880,normal
15881,normal
15882,normal
15883,normal
15884,normal
15885,normal
15886,normal
15887,normal
15888,normal
15889,normal
15890,normal
15891,normal
15892,normal
15893,normal
15894,normal
15895,normal
15896,normal
15897,normal
15898,normal
15899,normal
15900,normal
15901,normal
15902,normal
15903,normal
15904,normal
15905,normal
15906,normal
15907,normal
15908,normal
15909,normal
15910,normal
15911,normal
15912,normal
15913,normal
15914,normal
15915,normal
15916,normal
15917,normal
15918,normal
15919,normal
15920,normal
15921,normal
15922,normal
15923,normal
15924,normal
15925,normal
15926,normal
15927,normal
15928,normal
15929,normal
15930,normal
15931,normal
15932,normal
15933,normal
15934,normal
15935,normal
15936,normal
15937,normal
15938,normal
15939,normal
15940,normal
15941,normal
15942,normal
15943,normal
15944,normal
15945,normal
15946,normal
15947,normal
15948,normal
15949,normal
15950,normal
15951,normal
15952,normal
15953,normal
15954,normal
15955,normal
15956,normal
15957,normal
15958,normal
15959,normal
15960,normal
15961,normal
15962,normal
15963,normal
15964,normal
15965,normal
15966,normal
15967,normal
15968,normal
15969,normal
15970,normal
15971,normal
15972,normal
15973,normal
15974,normal
15975,normal
15976,normal
15977,normal
15978,normal
15979,normal
15980,normal
15981,normal
15982,normal
15983,normal
15984,normal
15985,normal
15986,normal
15987,normal
15988,normal
15989,normal
15990,normal
15991,normal
15992,normal
15993,normal
15994,normal
15995,normal
15996,normal
15997,normal
15998,normal
15999,normal
16000,normal
16001,normal
16002,normal
16003,normal
16004,normal
16005,normal
16006,normal
16007,normal
16008,normal
16009,normal
16010,normal
16011,normal
16012,normal
16013,normal
16014,normal
16015,normal
16016,normal
16017,normal
16018,normal
16019,normal
16020,normal
16021,normal
16022,normal
16023,normal
16024,normal
16025,normal
16026,normal
16027,normal
16028,normal
16029,normal
16030,normal
16031,normal
16032,normal
16033,normal
16034,normal
16035,normal
16036,normal
16037,normal
16038,normal
16039,normal
16040,normal
16041,normal
16042,normal
16043,device_spoofing
16044,normal
16045,normal
16046,normal
16047,normal
16048,normal
16049,normal
16050,normal
16051,normal
16052,normal
16053,normal
16054,normal
16055,normal
16056,normal
16057,normal
16058,normal
16059,normal
16060,normal
16061,normal
16062,normal
16063,normal
16064,normal
16065,normal
16066,normal
16067,normal
16068,normal
16069,normal
16070,normal
16071,normal
16072,normal
16073,normal
16074,normal
16075,normal
16076,normal
16077,normal
16078,normal
16079,normal
16080,normal
16081,normal
16082,normal
16083,normal
16084,normal
16085,normal
16086,normal
16087,normal
16088,normal
16089,normal
16090,normal
16091,normal
16092,normal
16093,normal
16094,normal
16095,normal
16096,normal
16097,normal
16098,normal
16099,normal
16100,normal
16101,normal
16102,normal
16103,normal
16104,normal
16105,normal
16106,normal
16107,normal
16108,normal
16109,normal
16110,normal
16111,normal
16112,normal
16113,normal
16114,normal
16115,normal
16116,normal
16117,normal
16118,normal
16119,normal
16120,normal
16121,normal
16122,normal
16123,normal
16124,normal
16125,normal
16126,normal
16127,normal
16128,normal
16129,normal
16130,normal
16131,normal
16132,normal
16133,normal
16134,normal
16135,normal
16136,normal
16137,normal
16138,normal
16139,normal
16140,normal
16141,normal
16142,normal
16143,normal
16144,normal
16145,normal
16146,normal
16147,normal
16148,normal
16149,normal
16150,normal
16151,normal
16152,normal
16153,normal
16154,normal
16155,normal
16156,normal
16157,normal
16158,normal
16159,normal
16160,normal
16161,normal
16162,normal
16163,normal
16164,normal
16165,normal
16166,normal
16167,normal
16168,normal
16169,normal
16170,normal
16171,normal
16172,normal
16173,normal
16174,normal
16175,normal
16176,normal
16177,normal
16178,normal
16179,normal
16180,normal
16181,normal
16182,normal
16183,normal
16184,normal
16185,normal
16186,normal
16187,normal
16188,normal
16189,normal
16190,normal
16191,normal
16192,normal
16193,normal
16194,normal
16195,normal
16196,normal
16197,normal
16198,normal
16199,normal
16200,normal
16201,normal
16202,normal
16203,normal
16204,normal
16205,normal
16206,normal
16207,normal
16208,normal
16209,normal
16210,normal
16211,normal
16212,normal
16213,normal
16214,normal
16215,normal
16216,normal
16217,normal
16218,normal
16219,normal
16220,normal
16221,normal
16222,normal
16223,normal
16224,normal
16225,normal
16226,normal
16227,normal
16228,normal
16229,device_spoofing
16230,normal
16231,normal
16232,normal
16233,normal
16234,normal
16235,normal
16236,normal
16237,normal
16238,normal
16239,normal
16240,normal
16241,normal
16242,normal
16243,normal
16244,normal
16245,normal
16246,normal
16247,normal
16248,normal
16249,normal
16250,normal
16251,normal
16252,normal
16253,normal
16254,normal
16255,normal
16256,normal
16257,normal
16258,normal
16259,normal
16260,normal
16261,normal
16262,normal
16263,normal
16264,normal
16265,normal
16266,normal
16267,normal
16268,normal
16269,normal
16270,normal
16271,normal
16272,normal
16273,normal
16274,normal
16275,normal
16276,normal
16277,normal
16278,normal
16279,normal
16280,normal
16281,normal
16282,normal
16283,normal
16284,normal
16285,normal
16286,normal
16287,normal
16288,normal
16289,normal
16290,normal
16291,normal
16292,normal
16293,normal
16294,normal
16295,normal
16296,normal
16297,normal
16298,normal
16299,normal
16300,normal
16301,normal
16302,normal
16303,normal
16304,normal
16305,normal
16306,normal
16307,normal
16308,normal
16309,normal
16310,normal
16311,normal
16312,normal
16313,normal
16314,normal
16315,normal
16316,normal
16317,low_and_slow_exfiltration
16318,normal
16319,normal
16320,normal
16321,normal
16322,normal
16323,normal
16324,normal
16325,normal
16326,normal
16327,normal
16328,normal
16329,low_and_slow_exfiltration
16330,normal
16331,normal
16332,impossible_travel
16333,low_and_slow_exfiltration
16334,normal
16335,impossible_travel
16336,normal
16337,normal
16338,normal
16339,normal
16340,normal
16341,normal
16342,normal
16343,normal
16344,normal
16345,device_spoofing
16346,normal
16347,normal
16348,normal
16349,normal
16350,normal
16351,normal
16352,normal
16353,normal
16354,normal
16355,normal
16356,impossible_travel
16357,normal
16358,impossible_travel
16359,normal
16360,normal
16361,low_and_slow_exfiltration
16362,normal
16363,normal
16364,normal
16365,normal
16366,normal
16367,normal
16368,normal
16369,normal
16370,normal
16371,insider_drift
16372,normal
16373,normal
16374,normal
16375,normal
16376,device_spoofing
16377,normal
16378,normal
16379,normal
16380,normal
16381,normal
16382,normal
16383,normal
16384,normal
16385,normal
16386,normal
16387,normal
16388,normal
16389,normal
16390,normal
16391,normal
16392,normal
16393,normal
16394,normal
16395,normal
16396,normal
16397,normal
16398,normal
16399,normal
16400,normal
16401,normal
16402,normal
16403,normal
16404,device_spoofing
16405,normal
16406,normal
16407,normal
16408,normal
16409,normal
16410,normal
16411,normal
16412,normal
16413,normal
16414,normal
16415,normal
16416,normal
16417,normal
16418,normal
16419,normal
16420,normal
16421,normal
16422,normal
16423,normal
16424,normal
16425,normal
16426,normal
16427,normal
16428,normal
16429,normal
16430,normal
16431,normal
16432,normal
16433,normal
16434,normal
16435,normal
16436,normal
16437,normal
16438,normal
16439,normal
16440,normal
16441,normal
16442,normal
16443,normal
16444,normal
16445,normal
16446,normal
16447,normal
16448,normal
16449,normal
16450,normal
16451,normal
16452,normal
16453,normal
16454,normal
16455,normal
16456,device_spoofing
16457,normal
16458,normal
16459,normal
16460,normal
16461,normal
16462,normal
16463,normal
16464,normal
16465,normal
16466,normal
16467,normal
16468,normal
16469,normal
16470,normal
16471,normal
16472,normal
16473,normal
16474,normal
16475,normal
16476,normal
16477,normal
16478,normal
16479,normal
16480,normal
16481,normal
16482,normal
16483,normal
16484,normal
16485,normal
16486,normal
16487,normal
16488,normal
16489,normal
16490,normal
16491,normal
16492,normal
16493,normal
16494,normal
16495,normal
16496,normal
16497,normal
16498,normal
16499,normal
16500,normal
16501,normal
16502,normal
16503,normal
16504,normal
16505,normal
16506,normal
16507,normal
16508,normal
16509,normal
16510,normal
16511,normal
16512,normal
16513,normal
16514,normal
16515,normal
16516,normal
16517,normal
16518,normal
16519,normal
16520,normal
16521,normal
16522,normal
16523,normal
16524,normal
16525,normal
16526,normal
16527,normal
16528,normal
16529,normal
16530,normal
16531,normal
16532,normal
16533,normal
16534,normal
16535,device_spoofing
16536,normal
16537,normal
16538,normal
16539,normal
16540,normal
16541,normal
16542,normal
16543,normal
16544,normal
16545,normal
16546,normal
16547,normal
16548,normal
16549,normal
16550,normal
16551,normal
16552,normal
16553,normal
16554,normal
16555,normal
16556,normal
16557,normal
16558,normal
16559,normal
16560,normal
16561,normal
16562,normal
16563,normal
16564,normal
16565,normal
16566,normal
16567,normal
16568,normal
16569,normal
16570,normal
16571,normal
16572,normal
16573,normal
16574,normal
16575,normal
16576,normal
16577,normal
16578,normal
16579,normal
16580,normal
16581,normal
16582,normal
16583,normal
16584,normal
16585,normal
16586,normal
16587,normal
16588,normal
16589,normal
16590,normal
16591,normal
16592,normal
16593,normal
16594,normal
16595,normal
16596,normal
16597,normal
16598,normal
16599,normal
16600,normal
16601,normal
16602,normal
16603,normal
16604,normal
16605,normal
16606,normal
16607,normal
16608,normal
16609,normal
16610,normal
16611,normal
16612,normal
16613,normal
16614,normal
16615,normal
16616,normal
16617,normal
16618,normal
16619,normal
16620,normal
16621,normal
16622,normal
16623,normal
16624,normal
16625,normal
16626,normal
16627,normal
16628,normal
16629,normal
16630,normal
16631,normal
16632,normal
16633,normal
16634,normal
16635,normal
16636,normal
16637,normal
16638,normal
16639,normal
16640,normal
16641,normal
16642,normal
16643,normal
16644,normal
16645,normal
16646,normal
16647,normal
16648,normal
16649,normal
16650,normal
16651,normal
16652,normal
16653,normal
16654,normal
16655,normal
16656,normal
16657,normal
16658,normal
16659,normal
16660,normal
16661,normal
16662,normal
16663,normal
16664,normal
16665,normal
16666,normal
16667,normal
16668,normal
16669,normal
16670,normal
16671,normal
16672,normal
16673,normal
16674,normal
16675,normal
16676,normal
16677,normal
16678,normal
16679,normal
16680,normal
16681,normal
16682,normal
16683,normal
16684,normal
16685,normal
16686,normal
16687,normal
16688,normal
16689,normal
16690,normal
16691,normal
16692,normal
16693,normal
16694,normal
16695,normal
16696,normal
16697,normal
16698,normal
16699,normal
16700,normal
16701,normal
16702,normal
16703,normal
16704,normal
16705,normal
16706,normal
16707,normal
16708,normal
16709,normal
16710,normal
16711,device_spoofing
16712,normal
16713,normal
16714,normal
16715,normal
16716,normal
16717,normal
16718,normal
16719,normal
16720,normal
16721,normal
16722,normal
16723,normal
16724,normal
16725,normal
16726,normal
16727,insider_drift
16728,normal
16729,normal
16730,normal
16731,normal
16732,normal
16733,normal
16734,normal
16735,normal
16736,normal
16737,normal
16738,normal
16739,normal
16740,normal
16741,normal
16742,normal
16743,normal
16744,normal
16745,normal
16746,normal
16747,normal
16748,normal
16749,normal
16750,normal
16751,normal
16752,normal
16753,normal
16754,normal
16755,normal
16756,normal
16757,normal
16758,normal
16759,normal
16760,normal
16761,normal
16762,normal
16763,normal
16764,normal
16765,normal
16766,normal
16767,normal
16768,normal
16769,normal
16770,normal
16771,normal
16772,normal
16773,normal
16774,normal
16775,normal
16776,normal
16777,normal
16778,normal
16779,normal
16780,normal
16781,normal
16782,normal
16783,normal
16784,normal
16785,normal
16786,normal
16787,normal
16788,normal
16789,normal
16790,normal
16791,normal
16792,normal
16793,normal
16794,normal
16795,normal
16796,normal
16797,normal
16798,normal
16799,normal
16800,normal
16801,normal
16802,normal
16803,normal
16804,normal
16805,normal
16806,normal
16807,normal
16808,normal
16809,normal
16810,normal
16811,normal
16812,normal
16813,normal
16814,normal
16815,normal
16816,normal
16817,normal
16818,normal
16819,normal
16820,normal
16821,normal
16822,normal
16823,normal
16824,normal
16825,normal
16826,normal
16827,normal
16828,normal
16829,normal
16830,normal
16831,normal
16832,normal
16833,normal
16834,normal
16835,normal
16836,normal
16837,normal
16838,normal
16839,normal
16840,normal
16841,normal
16842,normal
16843,normal
16844,normal
16845,normal
16846,normal
16847,normal
16848,normal
16849,normal
16850,normal
16851,normal
16852,normal
16853,normal
16854,normal
16855,normal
16856,normal
16857,normal
16858,normal
16859,normal
16860,normal
16861,normal
16862,normal
16863,normal
16864,normal
16865,normal
16866,normal
16867,normal
16868,normal
16869,normal
16870,normal
16871,normal
16872,normal
16873,normal
16874,normal
16875,normal
16876,normal
16877,normal
16878,normal
16879,normal
16880,normal
16881,normal
16882,normal
16883,normal
16884,normal
16885,normal
16886,normal
16887,normal
16888,normal
16889,normal
16890,normal
16891,normal
16892,normal
16893,normal
16894,normal
16895,normal
16896,normal
16897,normal
16898,normal
16899,normal
16900,normal
16901,normal
16902,normal
16903,normal
16904,normal
16905,normal
16906,normal
16907,normal
16908,impossible_travel
16909,normal
16910,normal
16911,normal
16912,normal
16913,normal
16914,normal
16915,normal
16916,normal
16917,impossible_travel
16918,normal
16919,normal
16920,normal
16921,normal
16922,normal
16923,normal
16924,normal
16925,normal
16926,normal
16927,normal
16928,normal
16929,normal
16930,normal
16931,normal
16932,normal
16933,normal
16934,normal
16935,normal
16936,normal
16937,normal
16938,normal
16939,normal
16940,normal
16941,normal
16942,normal
16943,normal
16944,normal
16945,normal
16946,normal
16947,normal
16948,normal
16949,normal
16950,normal
16951,normal
16952,normal
16953,normal
16954,normal
16955,normal
16956,normal
16957,normal
16958,normal
16959,normal
16960,normal
16961,normal
16962,normal
16963,normal
16964,normal
16965,normal
16966,normal
16967,normal
16968,normal
16969,normal
16970,lateral_movement
16971,normal
16972,normal
16973,lateral_movement
16974,lateral_movement
16975,normal
16976,normal
16977,normal
16978,lateral_movement
16979,normal
16980,normal
16981,normal
16982,normal
16983,normal
16984,normal
16985,normal
16986,normal
16987,normal
16988,normal
16989,normal
16990,normal
16991,normal
16992,normal
16993,normal
16994,normal
16995,normal
16996,normal
16997,normal
16998,normal
16999,normal
17000,normal
17001,normal
17002,normal
17003,normal
17004,normal
17005,normal
17006,normal
17007,normal
17008,normal
17009,normal
17010,normal
17011,normal
17012,normal
17013,normal
17014,normal
17015,normal
17016,normal
17017,normal
17018,normal
17019,normal
17020,normal
17021,normal
17022,normal
17023,normal
17024,normal
17025,normal
17026,normal
17027,normal
17028,normal
17029,normal
17030,normal
17031,normal
17032,normal
17033,normal
17034,normal
17035,normal
17036,normal
17037,normal
17038,normal
17039,normal
17040,normal
17041,normal
17042,normal
17043,normal
17044,normal
17045,normal
17046,normal
17047,normal
17048,normal
17049,normal
17050,normal
17051,normal
17052,normal
17053,normal
17054,normal
17055,normal
17056,normal
17057,normal
17058,lateral_movement
17059,normal
17060,normal
17061,normal
17062,normal
17063,normal
17064,normal
17065,normal
17066,lateral_movement
17067,lateral_movement
17068,normal
17069,normal
17070,normal
17071,normal
17072,lateral_movement
17073,lateral_movement
17074,normal
17075,normal
17076,normal
17077,lateral_movement
17078,normal
17079,normal
17080,normal
17081,normal
17082,normal
17083,normal
17084,normal
17085,normal
17086,normal
17087,normal
17088,normal
17089,normal
17090,normal
17091,normal
17092,normal
17093,normal
17094,normal
17095,normal
17096,normal
17097,normal
17098,normal
17099,normal
17100,normal
17101,normal
17102,normal
17103,normal
17104,normal
17105,normal
17106,normal
17107,normal
17108,normal
17109,normal
17110,normal
17111,normal
17112,normal
17113,normal
17114,normal
17115,normal
17116,normal
17117,normal
17118,normal
17119,normal
17120,normal
17121,normal
17122,normal
17123,normal
17124,normal
17125,normal
17126,normal
17127,normal
17128,normal
17129,normal
17130,normal
17131,normal
17132,normal
17133,normal
17134,normal
17135,normal
17136,normal
17137,normal
17138,normal
17139,normal
17140,normal
17141,normal
17142,normal
17143,normal
17144,normal
17145,normal
17146,normal
17147,normal
17148,normal
17149,normal
17150,normal
17151,normal
17152,normal
17153,normal
17154,normal
17155,normal
17156,normal
17157,normal
17158,normal
17159,normal
17160,normal
17161,normal
17162,normal
17163,normal
17164,normal
17165,normal
17166,normal
17167,normal
17168,normal
17169,normal
17170,normal
17171,normal
17172,normal
17173,normal
17174,normal
17175,normal
17176,normal
17177,normal
17178,normal
17179,normal
17180,normal
17181,normal
17182,normal
17183,normal
17184,normal
17185,normal
17186,normal
17187,normal
17188,normal
17189,normal
17190,normal
17191,normal
17192,normal
17193,normal
17194,normal
17195,normal
17196,normal
17197,normal
17198,normal
17199,normal
17200,normal
17201,normal
17202,normal
17203,normal
17204,normal
17205,normal
17206,normal
17207,normal
17208,normal
17209,normal
17210,normal
17211,normal
17212,normal
17213,normal
17214,normal
17215,normal
17216,normal
17217,normal
17218,normal
17219,normal
17220,normal
17221,normal
17222,normal
17223,normal
17224,normal
17225,normal
17226,normal
17227,normal
17228,normal
17229,normal
17230,normal
17231,normal
17232,normal
17233,normal
17234,normal
17235,normal
17236,normal
17237,normal
17238,normal
17239,normal
17240,normal
17241,normal
17242,normal
17243,normal
17244,normal
17245,normal
17246,normal
17247,normal
17248,normal
17249,normal
17250,normal
17251,normal
17252,normal
17253,normal
17254,normal
17255,normal
17256,normal
17257,normal
17258,normal
17259,normal
17260,normal
17261,normal
17262,normal
17263,normal
17264,normal
17265,device_spoofing
17266,normal
17267,normal
17268,normal
17269,normal
17270,normal
17271,normal
17272,normal
17273,normal
17274,normal
17275,normal
17276,low_and_slow_exfiltration
17277,normal
17278,normal
17279,normal
17280,normal
17281,normal
17282,normal
17283,insider_drift
17284,normal
17285,normal
17286,normal
17287,normal
17288,normal
17289,normal
17290,normal
17291,normal
17292,normal
17293,normal
17294,normal
17295,normal
17296,normal
17297,normal
17298,normal
17299,normal
17300,normal
17301,normal
17302,normal
17303,low_and_slow_exfiltration
17304,normal
17305,normal
17306,normal
17307,normal
17308,normal
17309,device_spoofing
17310,normal
17311,normal
17312,normal
17313,normal
17314,normal
17315,normal
17316,normal
17317,normal
17318,normal
17319,normal
17320,normal
17321,low_and_slow_exfiltration
17322,normal
17323,normal
17324,normal
17325,normal
17326,normal
17327,normal
17328,normal
17329,normal
17330,normal
17331,normal
17332,low_and_slow_exfiltration
17333,normal
17334,normal
17335,normal
17336,low_and_slow_exfiltration
17337,normal
17338,normal
17339,normal
17340,normal
17341,normal
17342,normal
17343,normal
17344,normal
17345,normal
17346,normal
17347,normal
17348,normal
17349,normal
17350,normal
17351,normal
17352,normal
17353,normal
17354,normal
17355,normal
17356,normal
17357,normal
17358,normal
17359,low_and_slow_exfiltration
17360,normal
17361,normal
17362,normal
17363,normal
17364,normal
17365,normal
17366,normal
17367,normal
17368,normal
17369,normal
17370,normal
17371,normal
17372,normal
17373,normal
17374,normal
17375,normal
17376,normal
17377,normal
17378,normal
17379,normal
17380,normal
17381,normal
17382,normal
17383,normal
17384,normal
17385,normal
17386,normal
17387,normal
17388,normal
17389,normal
17390,normal
17391,normal
17392,normal
17393,normal
17394,normal
17395,normal
17396,normal
17397,normal
17398,normal
17399,normal
17400,normal
17401,normal
17402,normal
17403,normal
17404,normal
17405,normal
17406,normal
17407,normal
17408,normal
17409,normal
17410,normal
17411,normal
17412,normal
17413,normal
17414,normal
17415,normal
17416,normal
17417,normal
17418,normal
17419,normal
17420,normal
17421,normal
17422,normal
17423,normal
17424,normal
17425,normal
17426,normal
17427,normal
17428,normal
17429,normal
17430,normal
17431,normal
17432,normal
17433,normal
17434,normal
17435,normal
17436,normal
17437,normal
17438,normal
17439,normal
17440,normal
17441,normal
17442,normal
17443,normal
17444,normal
17445,normal
17446,normal
17447,normal
17448,normal
17449,normal
17450,normal
17451,normal
17452,normal
17453,normal
17454,normal
17455,normal
17456,normal
17457,normal
17458,normal
17459,normal
17460,normal
17461,normal
17462,normal
17463,normal
17464,normal
17465,normal
17466,normal
17467,normal
17468,normal
17469,normal
17470,normal
17471,normal
17472,normal
17473,normal
17474,normal
17475,normal
17476,normal
17477,normal
17478,normal
17479,normal
17480,normal
17481,normal
17482,normal
17483,normal
17484,normal
17485,normal
17486,normal
17487,normal
17488,normal
17489,normal
17490,normal
17491,normal
17492,normal
17493,normal
17494,normal
17495,normal
17496,normal
17497,normal
17498,normal
17499,normal
17500,normal
17501,normal
17502,normal
17503,normal
17504,normal
17505,normal
17506,normal
17507,normal
17508,normal
17509,normal
17510,normal
17511,normal
17512,normal
17513,normal
17514,normal
17515,normal
17516,normal
17517,normal
17518,normal
17519,normal
17520,normal
17521,normal
17522,normal
17523,normal
17524,normal
17525,normal
17526,normal
17527,normal
17528,normal
17529,normal
17530,normal
17531,normal
17532,normal
17533,normal
17534,normal
17535,normal
17536,normal
17537,normal
17538,normal
17539,normal
17540,normal
17541,normal
17542,normal
17543,normal
17544,normal
17545,normal
17546,normal
17547,normal
17548,normal
17549,normal
17550,normal
17551,normal
17552,normal
17553,normal
17554,normal
17555,normal
17556,device_spoofing
17557,normal
17558,normal
17559,normal
17560,normal
17561,normal
17562,normal
17563,normal
17564,normal
17565,normal
17566,normal
17567,normal
17568,normal
17569,normal
17570,normal
17571,normal
17572,normal
17573,normal
17574,normal
17575,normal
17576,normal
17577,normal
17578,normal
17579,normal
17580,normal
17581,normal
17582,normal
17583,normal
17584,normal
17585,normal
17586,normal
17587,normal
17588,normal
17589,normal
17590,normal
17591,normal
17592,normal
17593,normal
17594,normal
17595,normal
17596,normal
17597,normal
17598,normal
17599,normal
17600,normal
17601,normal
17602,normal
17603,normal
17604,normal
17605,normal
17606,normal
17607,normal
17608,normal
17609,normal
17610,normal
17611,normal
17612,normal
17613,normal
17614,normal
17615,normal
17616,normal
17617,normal
17618,normal
17619,normal
17620,normal
17621,normal
17622,normal
17623,normal
17624,normal
17625,normal
17626,normal
17627,normal
17628,normal
17629,normal
17630,normal
17631,normal
17632,normal
17633,normal
17634,normal
17635,normal
17636,normal
17637,normal
17638,normal
17639,normal
17640,normal
17641,normal
17642,normal
17643,normal
17644,normal
17645,normal
17646,normal
17647,normal
17648,normal
17649,normal
17650,normal
17651,normal
17652,normal
17653,normal
17654,normal
17655,normal
17656,normal
17657,normal
17658,normal
17659,normal
17660,normal
17661,normal
17662,normal
17663,normal
17664,normal
17665,normal
17666,normal
17667,normal
17668,normal
17669,normal
17670,normal
17671,normal
17672,normal
17673,normal
17674,normal
17675,normal
17676,normal
17677,normal
17678,normal
17679,normal
17680,normal
17681,normal
17682,normal
17683,normal
17684,normal
17685,normal
17686,normal
17687,normal
17688,normal
17689,normal
17690,normal
17691,normal
17692,normal
17693,normal
17694,normal
17695,normal
17696,normal
17697,normal
17698,normal
17699,normal
17700,normal
17701,normal
17702,normal
17703,normal
17704,normal
17705,normal
17706,normal
17707,normal
17708,normal
17709,normal
17710,normal
17711,normal
17712,normal
17713,normal
17714,normal
17715,normal
17716,normal
17717,normal
17718,normal
17719,normal
17720,normal
17721,normal
17722,normal
17723,normal
17724,normal
17725,normal
17726,normal
17727,normal
17728,normal
17729,normal
17730,normal
17731,normal
17732,normal
17733,normal
17734,normal
17735,normal
17736,normal
17737,normal
17738,normal
17739,normal
17740,normal
17741,normal
17742,normal
17743,normal
17744,normal
17745,normal
17746,normal
17747,normal
17748,normal
17749,normal
17750,normal
17751,normal
17752,normal
17753,normal
17754,normal
17755,normal
17756,normal
17757,normal
17758,normal
17759,normal
17760,normal
17761,normal
17762,normal
17763,normal
17764,normal
17765,normal
17766,normal
17767,normal
17768,normal
17769,normal
17770,normal
17771,normal
17772,normal
17773,normal
17774,normal
17775,normal
17776,normal
17777,normal
17778,normal
17779,normal
17780,normal
17781,normal
17782,normal
17783,normal
17784,normal
17785,normal
17786,normal
17787,normal
17788,normal
17789,normal
17790,normal
17791,normal
17792,normal
17793,normal
17794,normal
17795,normal
17796,normal
17797,normal
17798,normal
17799,normal
17800,normal
17801,normal
17802,normal
17803,normal
17804,normal
17805,normal
17806,normal
17807,normal
17808,normal
17809,normal
17810,normal
17811,normal
17812,normal
17813,normal
17814,normal
17815,normal
17816,normal
17817,normal
17818,normal
17819,normal
17820,normal
17821,normal
17822,normal
17823,normal
17824,normal
17825,normal
17826,normal
17827,normal
17828,normal
17829,normal
17830,normal
17831,normal
17832,normal
17833,normal
17834,normal
17835,normal
17836,normal
17837,normal
17838,normal
17839,normal
17840,normal
17841,normal
17842,normal
17843,normal
17844,normal
17845,normal
17846,normal
17847,normal
17848,normal
17849,normal
17850,normal
17851,normal
17852,normal
17853,normal
17854,normal
17855,normal
17856,normal
17857,normal
17858,normal
17859,normal
17860,normal
17861,normal
17862,normal
17863,normal
17864,normal
17865,normal
17866,normal
17867,normal
17868,normal
17869,normal
17870,normal
17871,normal
17872,normal
17873,normal
17874,normal
17875,normal
17876,normal
17877,normal
17878,normal
17879,normal
17880,normal
17881,normal
17882,normal
17883,normal
17884,normal
17885,normal
17886,normal
17887,normal
17888,normal
17889,normal
17890,normal
17891,normal
17892,normal
17893,normal
17894,normal
17895,normal
17896,normal
17897,normal
17898,normal
17899,normal
17900,normal
17901,normal
17902,normal
17903,normal
17904,normal
17905,normal
17906,normal
17907,normal
17908,normal
17909,normal
17910,normal
17911,normal
17912,normal
17913,normal
17914,normal
17915,normal
17916,normal
17917,normal
17918,normal
17919,normal
17920,normal
17921,normal
17922,normal
17923,normal
17924,normal
17925,normal
17926,normal
17927,normal
17928,normal
17929,normal
17930,normal
17931,normal
17932,normal
17933,normal
17934,normal
17935,normal
17936,normal
17937,normal
17938,normal
17939,normal
17940,normal
17941,normal
17942,normal
17943,normal
17944,normal
17945,normal
17946,normal
17947,normal
17948,normal
17949,normal
17950,normal
17951,normal
17952,normal
17953,normal
17954,normal
17955,normal
17956,normal
17957,normal
17958,normal
17959,normal
17960,normal
17961,normal
17962,normal
17963,normal
17964,normal
17965,normal
17966,normal
17967,normal
17968,normal
17969,normal
17970,normal
17971,normal
17972,normal
17973,normal
17974,normal
17975,normal
17976,normal
17977,normal
17978,normal
17979,normal
17980,normal
17981,normal
17982,normal
17983,normal
17984,normal
17985,normal
17986,normal
17987,normal
17988,normal
17989,normal
17990,normal
17991,normal
17992,normal
17993,normal
17994,normal
17995,normal
17996,normal
17997,normal
17998,normal
17999,normal
18000,normal
18001,normal
18002,normal
18003,normal
18004,normal
18005,normal
18006,normal
18007,normal
18008,normal
18009,normal
18010,normal
18011,normal
18012,normal
18013,normal
18014,normal
18015,normal
18016,normal
18017,normal
18018,normal
18019,normal
18020,normal
18021,normal
18022,normal
18023,normal
18024,normal
18025,normal
18026,normal
18027,normal
18028,normal
18029,normal
18030,normal
18031,normal
18032,normal
18033,normal
18034,normal
18035,normal
18036,normal
18037,normal
18038,normal
18039,normal
18040,normal
18041,normal
18042,normal
18043,normal
18044,normal
18045,normal
18046,normal
18047,normal
18048,normal
18049,normal
18050,normal
18051,normal
18052,normal
18053,normal
18054,normal
18055,normal
18056,normal
18057,normal
18058,normal
18059,normal
18060,normal
18061,normal
18062,normal
18063,normal
18064,normal
18065,normal
18066,normal
18067,normal
18068,normal
18069,normal
18070,normal
18071,normal
18072,normal
18073,normal
18074,normal
18075,normal
18076,normal
18077,normal
18078,normal
18079,normal
18080,normal
18081,normal
18082,normal
18083,normal
18084,normal
18085,normal
18086,normal
18087,normal
18088,normal
18089,normal
18090,normal
18091,device_spoofing
18092,normal
18093,normal
18094,normal
18095,normal
18096,normal
18097,normal
18098,normal
18099,normal
18100,normal
18101,normal
18102,normal
18103,normal
18104,normal
18105,normal
18106,normal
18107,normal
18108,normal
18109,normal
18110,normal
18111,normal
18112,normal
18113,normal
18114,normal
18115,normal
18116,normal
18117,normal
18118,normal
18119,normal
18120,normal
18121,normal
18122,normal
18123,normal
18124,normal
18125,normal
18126,normal
18127,normal
18128,normal
18129,normal
18130,normal
18131,normal
18132,normal
18133,normal
18134,normal
18135,normal
18136,normal
18137,normal
18138,normal
18139,normal
18140,normal
18141,normal
18142,normal
18143,normal
18144,normal
18145,normal
18146,normal
18147,normal
18148,normal
18149,normal
18150,normal
18151,normal
18152,normal
18153,normal
18154,normal
18155,normal
18156,normal
18157,normal
18158,normal
18159,normal
18160,normal
18161,normal
18162,normal
18163,normal
18164,normal
18165,normal
18166,normal
18167,normal
18168,normal
18169,normal
18170,normal
18171,normal
18172,normal
18173,normal
18174,normal
18175,normal
18176,normal
18177,normal
18178,normal
18179,normal
18180,normal
18181,normal
18182,normal
18183,normal
18184,normal
18185,normal
18186,normal
18187,normal
18188,normal
18189,normal
18190,normal
18191,normal
18192,normal
18193,normal
18194,normal
18195,normal
18196,normal
18197,normal
18198,normal
18199,normal
18200,normal
18201,normal
18202,normal
18203,normal
18204,normal
18205,normal
18206,normal
18207,normal
18208,normal
18209,normal
18210,normal
18211,normal
18212,normal
18213,normal
18214,normal
18215,normal
18216,normal
18217,normal
18218,normal
18219,normal
18220,normal
18221,normal
18222,normal
18223,normal
18224,normal
18225,normal
18226,normal
18227,normal
18228,normal
18229,normal
18230,normal
18231,normal
18232,normal
18233,normal
18234,normal
18235,normal
18236,normal
18237,normal
18238,normal
18239,normal
18240,normal
18241,low_and_slow_exfiltration
18242,normal
18243,normal
18244,normal
18245,normal
18246,normal
18247,normal
18248,normal
18249,normal
18250,normal
18251,normal
18252,normal
18253,normal
18254,normal
18255,normal
18256,normal
18257,normal
18258,normal
18259,normal
18260,normal
18261,normal
18262,normal
18263,normal
18264,normal
18265,normal
18266,normal
18267,normal
18268,normal
18269,normal
18270,normal
18271,normal
18272,normal
18273,normal
18274,normal
18275,normal
18276,normal
18277,normal
18278,normal
18279,normal
18280,normal
18281,normal
18282,normal
18283,normal
18284,normal
18285,normal
18286,normal
18287,low_and_slow_exfiltration
18288,normal
18289,normal
18290,normal
18291,normal
18292,normal
18293,normal
18294,normal
18295,normal
18296,normal
18297,normal
18298,normal
18299,normal
18300,normal
18301,normal
18302,normal
18303,normal
18304,normal
18305,normal
18306,low_and_slow_exfiltration
18307,normal
18308,normal
18309,normal
18310,normal
18311,normal
18312,normal
18313,normal
18314,normal
18315,normal
18316,normal
18317,normal
18318,normal
18319,normal
18320,normal
18321,normal
18322,low_and_slow_exfiltration
18323,normal
18324,normal
18325,normal
18326,normal
18327,normal
18328,normal
18329,normal
18330,low_and_slow_exfiltration
18331,normal
18332,normal
18333,normal
18334,normal
18335,normal
18336,normal
18337,normal
18338,normal
18339,normal
18340,normal
18341,normal
18342,normal
18343,normal
18344,normal
18345,normal
18346,normal
18347,normal
18348,device_spoofing
18349,normal
18350,normal
18351,normal
18352,normal
18353,normal
18354,normal
18355,normal
18356,normal
18357,normal
18358,normal
18359,normal
18360,normal
18361,normal
18362,normal
18363,normal
18364,normal
18365,normal
18366,normal
18367,normal
18368,normal
18369,normal
18370,normal
18371,normal
18372,normal
18373,normal
18374,normal
18375,normal
18376,normal
18377,normal
18378,normal
18379,normal
18380,normal
18381,normal
18382,normal
18383,normal
18384,normal
18385,normal
18386,normal
18387,normal
18388,normal
18389,normal
18390,normal
18391,normal
18392,normal
18393,normal
18394,normal
18395,normal
18396,normal
18397,normal
18398,normal
18399,normal
18400,normal
18401,normal
18402,normal
18403,normal
18404,normal
18405,normal
18406,normal
18407,normal
18408,normal
18409,normal
18410,normal
18411,normal
18412,normal
18413,normal
18414,normal
18415,normal
18416,normal
18417,normal
18418,normal
18419,normal
18420,normal
18421,normal
18422,normal
18423,normal
18424,normal
18425,normal
18426,normal
18427,normal
18428,normal
18429,normal
18430,normal
18431,normal
18432,insider_drift
18433,normal
18434,normal
18435,normal
18436,normal
18437,normal
18438,normal
18439,normal
18440,normal
18441,normal
18442,normal
18443,normal
18444,normal
18445,normal
18446,normal
18447,normal
18448,normal
18449,normal
18450,normal
18451,normal
18452,normal
18453,normal
18454,normal
18455,normal
18456,normal
18457,normal
18458,normal
18459,normal
18460,normal
18461,normal
18462,normal
18463,normal
18464,normal
18465,normal
18466,normal
18467,normal
18468,normal
18469,normal
18470,normal
18471,normal
18472,normal
18473,normal
18474,normal
18475,normal
18476,normal
18477,normal
18478,normal
18479,normal
18480,normal
18481,normal
18482,normal
18483,normal
18484,normal
18485,normal
18486,normal
18487,normal
18488,normal
18489,normal
18490,normal
18491,normal
18492,normal
18493,normal
18494,normal
18495,normal
18496,normal
18497,normal
18498,normal
18499,normal
18500,normal
18501,normal
18502,normal
18503,normal
18504,normal
18505,normal
18506,normal
18507,normal
18508,normal
18509,normal
18510,normal
18511,normal
18512,normal
18513,normal
18514,normal
18515,normal
18516,normal
18517,normal
18518,normal
18519,normal
18520,normal
18521,normal
18522,normal
18523,normal
18524,normal
18525,normal
18526,normal
18527,normal
18528,normal
18529,normal
18530,normal
18531,normal
18532,normal
18533,normal
18534,normal
18535,normal
18536,normal
18537,normal
18538,normal
18539,normal
18540,normal
18541,normal
18542,normal
18543,normal
18544,normal
18545,normal
18546,normal
18547,normal
18548,normal
18549,normal
18550,normal
18551,normal
18552,normal
18553,normal
18554,normal
18555,normal
18556,normal
18557,normal
18558,normal
18559,normal
18560,normal
18561,normal
18562,normal
18563,normal
18564,normal
18565,normal
18566,normal
18567,normal
18568,normal
18569,normal
18570,normal
18571,normal
18572,normal
18573,normal
18574,normal
18575,normal
18576,normal
18577,normal
18578,normal
18579,normal
18580,normal
18581,normal
18582,normal
18583,normal
18584,normal
18585,normal
18586,normal
18587,normal
18588,normal
18589,normal
18590,normal
18591,normal
18592,normal
18593,normal
18594,normal
18595,normal
18596,normal
18597,normal
18598,normal
18599,normal
18600,normal
18601,normal
18602,normal
18603,normal
18604,normal
18605,normal
18606,normal
18607,normal
18608,normal
18609,normal
18610,normal
18611,normal
18612,normal
18613,normal
18614,normal
18615,normal
18616,normal
18617,normal
18618,normal
18619,normal
18620,normal
18621,normal
18622,normal
18623,normal
18624,normal
18625,normal
18626,normal
18627,normal
18628,normal
18629,normal
18630,normal
18631,normal
18632,normal
18633,normal
18634,normal
18635,normal
18636,normal
18637,normal
18638,normal
18639,normal
18640,normal
18641,normal
18642,normal
18643,normal
18644,normal
18645,normal
18646,normal
18647,normal
18648,normal
18649,normal
18650,normal
18651,normal
18652,normal
18653,normal
18654,normal
18655,normal
18656,normal
18657,normal
18658,normal
18659,normal
18660,normal
18661,normal
18662,normal
18663,normal
18664,normal
18665,normal
18666,normal
18667,normal
18668,normal
18669,normal
18670,normal
18671,normal
18672,normal
18673,normal
18674,normal
18675,normal
18676,normal
18677,normal
18678,normal
18679,normal
18680,normal
18681,normal
18682,normal
18683,normal
18684,normal
18685,normal
18686,normal
18687,normal
18688,insider_drift
18689,normal
18690,normal
18691,normal
18692,normal
18693,normal
18694,normal
18695,normal
18696,normal
18697,normal
18698,normal
18699,normal
18700,normal
18701,normal
18702,normal
18703,normal
18704,normal
18705,normal
18706,normal
18707,normal
18708,normal
18709,normal
18710,normal
18711,normal
18712,normal
18713,normal
18714,normal
18715,normal
18716,normal
18717,normal
18718,normal
18719,normal
18720,normal
18721,normal
18722,normal
18723,normal
18724,normal
18725,normal
18726,normal
18727,normal
18728,normal
18729,normal
18730,normal
18731,normal
18732,normal
18733,normal
18734,normal
18735,normal
18736,normal
18737,normal
18738,normal
18739,normal
18740,normal
18741,normal
18742,normal
18743,normal
18744,normal
18745,normal
18746,normal
18747,normal
18748,normal
18749,normal
18750,normal
18751,normal
18752,normal
18753,normal
18754,normal
18755,normal
18756,normal
18757,normal
18758,normal
18759,normal
18760,normal
18761,normal
18762,normal
18763,normal
18764,normal
18765,normal
18766,normal
18767,normal
18768,normal
18769,normal
18770,normal
18771,normal
18772,normal
18773,normal
18774,normal
18775,normal
18776,normal
18777,normal
18778,normal
18779,normal
18780,normal
18781,normal
18782,normal
18783,normal
18784,normal
18785,normal
18786,normal
18787,normal
18788,normal
18789,normal
18790,normal
18791,normal
18792,normal
18793,normal
18794,normal
18795,normal
18796,normal
18797,normal
18798,normal
18799,normal
18800,normal
18801,normal
18802,normal
18803,normal
18804,normal
18805,normal
18806,normal
18807,normal
18808,normal
18809,normal
18810,normal
18811,normal
18812,normal
18813,normal
18814,normal
18815,normal
18816,normal
18817,normal
18818,normal
18819,normal
18820,normal
18821,normal
18822,normal
18823,normal
18824,normal
18825,normal
18826,normal
18827,normal
18828,normal
18829,normal
18830,normal
18831,normal
18832,normal
18833,normal
18834,normal
18835,normal
18836,normal
18837,normal
18838,normal
18839,normal
18840,normal
18841,normal
18842,normal
18843,normal
18844,normal
18845,normal
18846,normal
18847,normal
18848,normal
18849,normal
18850,normal
18851,normal
18852,normal
18853,normal
18854,normal
18855,normal
18856,normal
18857,normal
18858,normal
18859,normal
18860,normal
18861,normal
18862,normal
18863,normal
18864,normal
18865,normal
18866,normal
18867,normal
18868,normal
18869,normal
18870,normal
18871,normal
18872,normal
18873,normal
18874,normal
18875,normal
18876,normal
18877,normal
18878,normal
18879,normal
18880,normal
18881,normal
18882,normal
18883,normal
18884,normal
18885,normal
18886,normal
18887,normal
18888,normal
18889,normal
18890,normal
18891,normal
18892,normal
18893,normal
18894,normal
18895,normal
18896,normal
18897,normal
18898,normal
18899,normal
18900,normal
18901,normal
18902,normal
18903,normal
18904,normal
18905,normal
18906,normal
18907,normal
18908,normal
18909,normal
18910,normal
18911,normal
18912,normal
18913,normal
18914,normal
18915,normal
18916,normal
18917,normal
18918,normal
18919,normal
18920,normal
18921,normal
18922,normal
18923,normal
18924,normal
18925,normal
18926,normal
18927,normal
18928,normal
18929,normal
18930,normal
18931,normal
18932,normal
18933,normal
18934,normal
18935,normal
18936,normal
18937,normal
18938,normal
18939,normal
18940,normal
18941,normal
18942,normal
18943,normal
18944,normal
18945,normal
18946,normal
18947,normal
18948,normal
18949,normal
18950,normal
18951,normal
18952,normal
18953,normal
18954,normal
18955,normal
18956,normal
18957,normal
18958,normal
18959,normal
18960,normal
18961,normal
18962,normal
18963,normal
18964,normal
18965,normal
18966,normal
18967,normal
18968,normal
18969,normal
18970,normal
18971,normal
18972,normal
18973,normal
18974,normal
18975,normal
18976,normal
18977,normal
18978,normal
18979,normal
18980,normal
18981,normal
18982,normal
18983,normal
18984,normal
18985,normal
18986,normal
18987,normal
18988,normal
18989,normal
18990,normal
18991,normal
18992,normal
18993,normal
18994,normal
18995,normal
18996,normal
18997,normal
18998,normal
18999,normal
19000,normal
19001,normal
19002,normal
19003,normal
19004,normal
19005,normal
19006,normal
19007,normal
19008,normal
19009,normal
19010,normal
19011,normal
19012,normal
19013,normal
19014,normal
19015,normal
19016,normal
19017,normal
19018,normal
19019,normal
19020,normal
19021,normal
19022,normal
19023,normal
19024,normal
19025,normal
19026,normal
19027,normal
19028,normal
19029,normal
19030,normal
19031,normal
19032,normal
19033,normal
19034,normal
19035,normal
19036,normal
19037,normal
19038,normal
19039,normal
19040,normal
19041,normal
19042,normal
19043,normal
19044,normal
19045,normal
19046,normal
19047,normal
19048,normal
19049,normal
19050,normal
19051,normal
19052,normal
19053,normal
19054,normal
19055,normal
19056,normal
19057,normal
19058,normal
19059,normal
19060,normal
19061,normal
19062,normal
19063,normal
19064,normal
19065,normal
19066,normal
19067,normal
19068,normal
19069,normal
19070,normal
19071,normal
19072,normal
19073,normal
19074,normal
19075,normal
19076,normal
19077,normal
19078,normal
19079,normal
19080,normal
19081,normal
19082,normal
19083,normal
19084,normal
19085,normal
19086,normal
19087,normal
19088,normal
19089,normal
19090,normal
19091,normal
19092,normal
19093,normal
19094,normal
19095,normal
19096,normal
19097,normal
19098,normal
19099,normal
19100,normal
19101,normal
19102,normal
19103,normal
19104,normal
19105,normal
19106,normal
19107,normal
19108,normal
19109,normal
19110,normal
19111,normal
19112,normal
19113,normal
19114,normal
19115,normal
19116,normal
19117,normal
19118,normal
19119,normal
19120,normal
19121,normal
19122,normal
19123,normal
19124,normal
19125,normal
19126,normal
19127,normal
19128,normal
19129,normal
19130,normal
19131,normal
19132,normal
19133,normal
19134,normal
19135,normal
19136,normal
19137,normal
19138,normal
19139,normal
19140,normal
19141,normal
19142,normal
19143,normal
19144,normal
19145,normal
19146,normal
19147,normal
19148,normal
19149,normal
19150,normal
19151,normal
19152,normal
19153,normal
19154,normal
19155,normal
19156,normal
19157,normal
19158,normal
19159,normal
19160,normal
19161,normal
19162,normal
19163,insider_drift
19164,normal
19165,normal
19166,normal
19167,normal
19168,normal
19169,normal
19170,normal
19171,normal
19172,normal
19173,normal
19174,normal
19175,normal
19176,normal
19177,normal
19178,normal
19179,normal
19180,normal
19181,normal
19182,normal
19183,normal
19184,normal
19185,normal
19186,normal
19187,normal
19188,normal
19189,normal
19190,normal
19191,normal
19192,normal
19193,normal
19194,normal
19195,normal
19196,normal
19197,normal
19198,normal
19199,normal
19200,normal
19201,normal
19202,normal
19203,normal
19204,normal
19205,normal
19206,normal
19207,normal
19208,normal
19209,normal
19210,normal
19211,normal
19212,normal
19213,normal
19214,normal
19215,normal
19216,normal
19217,normal
19218,normal
19219,normal
19220,normal
19221,normal
19222,normal
19223,normal
19224,normal
19225,normal
19226,normal
19227,insider_drift
19228,normal
19229,normal
19230,normal
19231,normal
19232,normal
19233,normal
19234,normal
19235,normal
19236,normal
19237,normal
19238,normal
19239,normal
19240,normal
19241,normal
19242,normal
19243,normal
19244,normal
19245,normal
19246,normal
19247,normal
19248,normal
19249,normal
19250,device_spoofing
19251,normal
19252,normal
19253,normal
19254,normal
19255,normal
19256,normal
19257,normal
19258,normal
19259,normal
19260,normal
19261,normal
19262,normal
19263,normal
19264,normal
19265,impossible_travel
19266,normal
19267,normal
19268,normal
19269,normal
19270,low_and_slow_exfiltration
19271,normal
19272,normal
19273,normal
19274,normal
19275,impossible_travel
19276,normal
19277,normal
19278,normal
19279,normal
19280,normal
19281,normal
19282,normal
19283,low_and_slow_exfiltration
19284,normal
19285,normal
19286,normal
19287,normal
19288,normal
19289,normal
19290,normal
19291,normal
19292,normal
19293,normal
19294,normal
19295,low_and_slow_exfiltration
19296,low_and_slow_exfiltration
19297,normal
19298,normal
19299,normal
19300,low_and_slow_exfiltration
19301,normal
19302,normal
19303,normal
19304,normal
19305,normal
19306,normal
19307,normal
19308,normal
19309,normal
19310,normal
19311,normal
19312,normal
19313,normal
19314,normal
19315,normal
19316,normal
19317,normal
19318,normal
19319,normal
19320,normal
19321,normal
19322,normal
19323,normal
19324,normal
19325,normal
19326,normal
19327,normal
19328,normal
19329,normal
19330,normal
19331,normal
19332,normal
19333,normal
19334,insider_drift
19335,normal
19336,normal
19337,normal
19338,normal
19339,normal
19340,normal
19341,normal
19342,normal
19343,normal
19344,normal
19345,low_and_slow_exfiltration
19346,normal
19347,normal
19348,normal
19349,low_and_slow_exfiltration
19350,normal
19351,normal
19352,normal
19353,normal
19354,normal
19355,impossible_travel
19356,normal
19357,normal
19358,normal
19359,impossible_travel
19360,normal
19361,normal
19362,normal
19363,normal
19364,normal
19365,normal
19366,normal
19367,normal
19368,normal
19369,normal
19370,normal
19371,normal
19372,normal
19373,normal
19374,normal
19375,normal
19376,normal
19377,normal
19378,normal
19379,normal
19380,normal
19381,normal
19382,normal
19383,normal
19384,normal
19385,normal
19386,normal
19387,device_spoofing
19388,normal
19389,normal
19390,normal
19391,normal
19392,normal
19393,normal
19394,normal
19395,normal
19396,normal
19397,normal
19398,normal
19399,normal
19400,normal
19401,normal
19402,normal
19403,normal
19404,normal
19405,normal
19406,normal
19407,normal
19408,normal
19409,normal
19410,normal
19411,normal
19412,normal
19413,normal
19414,normal
19415,normal
19416,normal
19417,normal
19418,normal
19419,normal
19420,normal
19421,normal
19422,normal
19423,normal
19424,normal
19425,normal
19426,normal
19427,normal
19428,normal
19429,normal
19430,normal
19431,normal
19432,normal
19433,normal
19434,normal
19435,normal
19436,normal
19437,normal
19438,normal
19439,normal
19440,normal
19441,normal
19442,normal
19443,normal
19444,normal
19445,normal
19446,normal
19447,normal
19448,insider_drift
19449,normal
19450,normal
19451,normal
19452,normal
19453,normal
19454,normal
19455,normal
19456,normal
19457,normal
19458,normal
19459,normal
19460,normal
19461,normal
19462,normal
19463,normal
19464,normal
19465,normal
19466,normal
19467,normal
19468,normal
19469,normal
19470,normal
19471,normal
19472,normal
19473,normal
19474,normal
19475,normal
19476,normal
19477,normal
19478,normal
19479,normal
19480,normal
19481,normal
19482,normal
19483,normal
19484,normal
19485,normal
19486,normal
19487,normal
19488,normal
19489,normal
19490,normal
19491,normal
19492,normal
19493,normal
19494,normal
19495,normal
19496,normal
19497,normal
19498,normal
19499,normal
19500,normal
19501,normal
19502,normal
19503,normal
19504,normal
19505,normal
19506,normal
19507,normal
19508,normal
19509,normal
19510,normal
19511,normal
19512,normal
19513,normal
19514,normal
19515,normal
19516,normal
19517,normal
19518,normal
19519,normal
19520,normal
19521,normal
19522,normal
19523,normal
19524,normal
19525,normal
19526,normal
19527,normal
19528,normal
19529,normal
19530,normal
19531,normal
19532,normal
19533,normal
19534,normal
19535,normal
19536,normal
19537,normal
19538,normal
19539,normal
19540,normal
19541,normal
19542,normal
19543,normal
19544,normal
19545,normal
19546,normal
19547,normal
19548,normal
19549,normal
19550,normal
19551,normal
19552,normal
19553,normal
19554,normal
19555,normal
19556,normal
19557,normal
19558,normal
19559,normal
19560,normal
19561,normal
19562,normal
19563,normal
19564,normal
19565,normal
19566,normal
19567,normal
19568,normal
19569,normal
19570,normal
19571,normal
19572,normal
19573,normal
19574,normal
19575,normal
19576,normal
19577,normal
19578,normal
19579,normal
19580,normal
19581,normal
19582,normal
19583,normal
19584,normal
19585,normal
19586,normal
19587,normal
19588,normal
19589,normal
19590,normal
19591,normal
19592,normal
19593,normal
19594,normal
19595,normal
19596,normal
19597,normal
19598,normal
19599,normal
19600,normal
19601,normal
19602,normal
19603,normal
19604,normal
19605,normal
19606,normal
19607,normal
19608,normal
19609,normal
19610,normal
19611,normal
19612,normal
19613,normal
19614,normal
19615,normal
19616,normal
19617,normal
19618,normal
19619,normal
19620,normal
19621,normal
19622,normal
19623,normal
19624,normal
19625,normal
19626,normal
19627,normal
19628,normal
19629,normal
19630,normal
19631,normal
19632,normal
19633,normal
19634,normal
19635,normal
19636,normal
19637,normal
19638,normal
19639,normal
19640,normal
19641,normal
19642,normal
19643,normal
19644,normal
19645,normal
19646,normal
19647,normal
19648,normal
19649,normal
19650,normal
19651,normal
19652,normal
19653,normal
19654,normal
19655,normal
19656,normal
19657,normal
19658,normal
19659,normal
19660,normal
19661,normal
19662,normal
19663,normal
19664,normal
19665,normal
19666,normal
19667,normal
19668,normal
19669,normal
19670,normal
19671,normal
19672,normal
19673,normal
19674,normal
19675,normal
19676,normal
19677,normal
19678,normal
19679,normal
19680,normal
19681,normal
19682,normal
19683,normal
19684,normal
19685,normal
19686,normal
19687,normal
19688,normal
19689,normal
19690,normal
19691,normal
19692,normal
19693,normal
19694,normal
19695,normal
19696,normal
19697,normal
19698,normal
19699,normal
19700,normal
19701,normal
19702,normal
19703,normal
19704,normal
19705,normal
19706,normal
19707,normal
19708,normal
19709,normal
19710,normal
19711,normal
19712,normal
19713,normal
19714,normal
19715,normal
19716,normal
19717,normal
19718,normal
19719,normal
19720,normal
19721,normal
19722,normal
19723,normal
19724,normal
19725,normal
19726,normal
19727,normal
19728,normal
19729,normal
19730,normal
19731,normal
19732,normal
19733,normal
19734,normal
19735,normal
19736,normal
19737,normal
19738,normal
19739,normal
19740,normal
19741,normal
19742,normal
19743,normal
19744,normal
19745,normal
19746,normal
19747,normal
19748,normal
19749,normal
19750,normal
19751,normal
19752,normal
19753,normal
19754,normal
19755,normal
19756,normal
19757,normal
19758,normal
19759,normal
19760,normal
19761,normal
19762,normal
19763,normal
19764,normal
19765,normal
19766,normal
19767,normal
19768,normal
19769,normal
19770,normal
19771,normal
19772,normal
19773,normal
19774,normal
19775,normal
19776,normal
19777,normal
19778,normal
19779,normal
19780,normal
19781,normal
19782,normal
19783,normal
19784,normal
19785,normal
19786,normal
19787,normal
19788,normal
19789,normal
19790,normal
19791,normal
19792,normal
19793,normal
19794,normal
19795,normal
19796,normal
19797,normal
19798,normal
19799,normal
19800,normal
19801,normal
19802,normal
19803,normal
19804,normal
19805,normal
19806,normal
19807,normal
19808,normal
19809,normal
19810,normal
19811,normal
19812,normal
19813,normal
19814,normal
19815,normal
19816,normal
19817,normal
19818,normal
19819,normal
19820,normal
19821,normal
19822,normal
19823,normal
19824,normal
19825,normal
19826,normal
19827,normal
19828,normal
19829,normal
19830,normal
19831,normal
19832,normal
19833,normal
19834,normal
19835,normal
19836,normal
19837,normal
19838,normal
19839,normal
19840,normal
19841,normal
19842,normal
19843,normal
19844,normal
19845,normal
19846,normal
19847,normal
19848,normal
19849,normal
19850,normal
19851,normal
19852,normal
19853,normal
19854,normal
19855,normal
19856,normal
19857,normal
19858,normal
19859,normal
19860,normal
19861,normal
19862,normal
19863,normal
19864,normal
19865,normal
19866,normal
19867,normal
19868,normal
19869,normal
19870,normal
19871,normal
19872,normal
19873,normal
19874,normal
19875,normal
19876,normal
19877,normal
19878,normal
19879,normal
19880,normal
19881,normal
19882,normal
19883,normal
19884,normal
19885,normal
19886,normal
19887,normal
19888,normal
19889,normal
19890,normal
19891,normal
19892,normal
19893,normal
19894,normal
19895,normal
19896,normal
19897,normal
19898,normal
19899,normal
19900,normal
19901,normal
19902,normal
19903,normal
19904,normal
19905,normal
19906,normal
19907,normal
19908,normal
19909,normal
19910,normal
19911,normal
19912,normal
19913,normal
19914,normal
19915,normal
19916,normal
19917,normal
19918,normal
19919,normal
19920,normal
19921,normal
19922,normal
19923,normal
19924,normal
19925,normal
19926,normal
19927,normal
19928,normal
19929,normal
19930,normal
19931,normal
19932,normal
19933,normal
19934,normal
19935,normal
19936,normal
19937,normal
19938,normal
19939,normal
19940,normal
19941,normal
19942,normal
19943,normal
19944,normal
19945,normal
19946,normal
19947,normal
19948,normal
19949,normal
19950,normal
19951,normal
19952,normal
19953,normal
19954,normal
19955,normal
19956,normal
19957,normal
19958,normal
19959,normal
19960,normal
19961,normal
19962,normal
19963,normal
19964,normal
19965,normal
19966,normal
19967,normal
19968,normal
19969,normal
19970,normal
19971,normal
19972,normal
19973,normal
19974,normal
19975,normal
19976,normal
19977,normal
19978,normal
19979,normal
19980,normal
19981,normal
19982,normal
19983,normal
19984,normal
19985,normal
19986,normal
19987,normal
19988,normal
19989,normal
19990,normal
19991,normal
19992,normal
19993,normal
19994,normal
19995,normal
19996,normal
19997,normal
19998,normal
19999,normal
20000,normal
20001,normal
20002,normal
20003,normal
20004,normal
20005,normal
20006,normal
20007,normal
20008,normal
20009,normal
20010,normal
20011,normal
20012,normal
20013,normal
20014,normal
20015,normal
20016,normal
20017,normal
20018,normal
20019,normal
20020,normal
20021,normal
20022,normal
20023,normal
20024,normal
20025,normal
20026,normal
20027,normal
20028,normal
20029,normal
20030,normal
20031,normal
20032,normal
20033,normal
20034,normal
20035,normal
20036,normal
20037,normal
20038,normal
20039,normal
20040,normal
20041,normal
20042,normal
20043,normal
20044,normal
20045,normal
20046,normal
20047,normal
20048,normal
20049,normal
20050,normal
20051,normal
20052,normal
20053,normal
20054,normal
20055,normal
20056,normal
20057,normal
20058,normal
20059,normal
20060,normal
20061,normal
20062,normal
20063,normal
20064,normal
20065,normal
20066,normal
20067,normal
20068,normal
20069,normal
20070,normal
20071,normal
20072,normal
20073,normal
20074,normal
20075,normal
20076,normal
20077,normal
20078,normal
20079,normal
20080,normal
20081,normal
20082,normal
20083,normal
20084,normal
20085,normal
20086,normal
20087,normal
20088,normal
20089,normal
20090,normal
20091,normal
20092,normal
20093,normal
20094,normal
20095,normal
20096,normal
20097,normal
20098,normal
20099,normal
20100,normal
20101,normal
20102,normal
20103,normal
20104,normal
20105,normal
20106,normal
20107,normal
20108,normal
20109,normal
20110,normal
20111,normal
20112,normal
20113,normal
20114,normal
20115,normal
20116,normal
20117,normal
20118,normal
20119,normal
20120,normal
20121,normal
20122,normal
20123,normal
20124,normal
20125,normal
20126,normal
20127,normal
20128,normal
20129,impossible_travel
20130,normal
20131,normal
20132,normal
20133,normal
20134,normal
20135,impossible_travel
20136,normal
20137,normal
20138,normal
20139,normal
20140,normal
20141,normal
20142,normal
20143,normal
20144,normal
20145,normal
20146,normal
20147,normal
20148,normal
20149,normal
20150,normal
20151,normal
20152,normal
20153,normal
20154,normal
20155,normal
20156,normal
20157,normal
20158,normal
20159,normal
20160,normal
20161,normal
20162,normal
20163,normal
20164,normal
20165,normal
20166,normal
20167,normal
20168,normal
20169,normal
20170,normal
20171,normal
20172,normal
20173,normal
20174,normal
20175,normal
20176,normal
20177,normal
20178,normal
20179,normal
20180,normal
20181,normal
20182,normal
20183,normal
20184,normal
20185,normal
20186,normal
20187,normal
20188,normal
20189,normal
20190,normal
20191,normal
20192,normal
20193,normal
20194,normal
20195,normal
20196,normal
20197,normal
20198,normal
20199,normal
20200,normal
20201,normal
20202,normal
20203,normal
20204,normal
20205,normal
20206,normal
20207,normal
20208,normal
20209,normal
20210,normal
20211,normal
20212,normal
20213,normal
20214,normal
20215,normal
20216,normal
20217,normal
20218,normal
20219,normal
20220,normal
20221,normal
20222,normal
20223,normal
20224,normal
20225,normal
20226,normal
20227,normal
20228,normal
20229,normal
20230,normal
20231,normal
20232,normal
20233,normal
20234,normal
20235,normal
20236,normal
20237,normal
20238,normal
20239,normal
20240,normal
20241,normal
20242,normal
20243,normal
20244,normal
20245,normal
20246,normal
20247,normal
20248,normal
20249,normal
20250,normal
20251,normal
20252,normal
20253,normal
20254,normal
20255,normal
20256,normal
20257,normal
20258,normal
20259,normal
20260,normal
20261,normal
20262,normal
20263,normal
20264,device_spoofing
20265,normal
20266,normal
20267,normal
20268,normal
20269,normal
20270,normal
20271,normal
20272,normal
20273,normal
20274,normal
20275,normal
20276,normal
20277,normal
20278,normal
20279,normal
20280,normal
20281,insider_drift
20282,normal
20283,normal
20284,normal
20285,normal
20286,normal
20287,normal
20288,normal
20289,normal
20290,normal
20291,normal
20292,normal
20293,normal
20294,normal
20295,normal
20296,normal
20297,normal
20298,normal
20299,normal
20300,normal
20301,normal
20302,normal
20303,normal
20304,normal
20305,normal
20306,normal
20307,normal
20308,normal
20309,normal
20310,normal
20311,low_and_slow_exfiltration
20312,normal
20313,normal
20314,low_and_slow_exfiltration
20315,normal
20316,normal
20317,normal
20318,normal
20319,normal
20320,normal
20321,normal
20322,normal
20323,normal
20324,device_spoofing
20325,normal
20326,normal
20327,normal
20328,normal
20329,normal
20330,normal
20331,normal
20332,normal
20333,normal
20334,normal
20335,normal
20336,normal
20337,normal
20338,normal
20339,normal
20340,normal
20341,normal
20342,normal
20343,normal
20344,device_spoofing
20345,normal
20346,normal
20347,normal
20348,normal
20349,low_and_slow_exfiltration
20350,normal
20351,normal
20352,normal
20353,low_and_slow_exfiltration
20354,normal
20355,normal
20356,normal
20357,normal
20358,normal
20359,normal
20360,normal
20361,low_and_slow_exfiltration
20362,normal
20363,normal
20364,normal
20365,normal
20366,normal
20367,normal
20368,normal
20369,normal
20370,normal
20371,normal
20372,normal
20373,normal
20374,normal
20375,normal
20376,normal
20377,device_spoofing
20378,normal
20379,low_and_slow_exfiltration
20380,normal
20381,normal
20382,normal
20383,normal
20384,normal
20385,normal
20386,normal
20387,normal
20388,normal
20389,normal
20390,normal
20391,normal
20392,normal
20393,normal
20394,normal
20395,normal
20396,normal
20397,normal
20398,normal
20399,normal
20400,normal
20401,normal
20402,low_and_slow_exfiltration
20403,normal
20404,normal
20405,normal
20406,low_and_slow_exfiltration
20407,normal
20408,normal
20409,normal
20410,normal
20411,normal
20412,normal
20413,normal
20414,normal
20415,normal
20416,normal
20417,normal
20418,normal
20419,normal
20420,normal
20421,normal
20422,normal
20423,normal
20424,normal
20425,normal
20426,normal
20427,normal
20428,normal
20429,normal
20430,normal
20431,normal
20432,normal
20433,normal
20434,normal
20435,normal
20436,normal
20437,normal
20438,normal
20439,normal
20440,normal
20441,normal
20442,normal
20443,normal
20444,normal
20445,normal
20446,normal
20447,normal
20448,normal
20449,normal
20450,normal
20451,normal
20452,normal
20453,normal
20454,normal
20455,normal
20456,normal
20457,normal
20458,normal
20459,normal
20460,normal
20461,normal
20462,normal
20463,normal
20464,normal
20465,normal
20466,normal
20467,normal
20468,normal
20469,normal
20470,normal
20471,normal
20472,normal
20473,normal
20474,normal
20475,normal
20476,normal
20477,normal
20478,normal
20479,normal
20480,normal
20481,normal
20482,normal
20483,normal
20484,normal
20485,normal
20486,normal
20487,normal
20488,normal
20489,normal
20490,normal
20491,normal
20492,normal
20493,normal
20494,normal
20495,normal
20496,normal
20497,normal
20498,normal
20499,normal
20500,normal
20501,normal
20502,normal
20503,normal
20504,normal
20505,normal
20506,normal
20507,normal
20508,normal
20509,normal
20510,normal
20511,normal
20512,normal
20513,normal
20514,normal
20515,normal
20516,normal
20517,normal
20518,normal
20519,normal
20520,normal
20521,normal
20522,normal
20523,normal
20524,normal
20525,normal
20526,normal
20527,normal
20528,normal
20529,normal
20530,normal
20531,normal
20532,normal
20533,normal
20534,normal
20535,normal
20536,normal
20537,normal
20538,normal
20539,normal
20540,normal
20541,normal
20542,normal
20543,normal
20544,normal
20545,normal
20546,normal
20547,normal
20548,normal
20549,normal
20550,normal
20551,normal
20552,normal
20553,normal
20554,normal
20555,normal
20556,normal
20557,normal
20558,normal
20559,normal
20560,normal
20561,normal
20562,normal
20563,normal
20564,normal
20565,normal
20566,normal
20567,normal
20568,normal
20569,normal
20570,normal
20571,normal
20572,normal
20573,normal
20574,normal
20575,normal
20576,normal
20577,normal
20578,normal
20579,normal
20580,normal
20581,normal
20582,normal
20583,normal
20584,normal
20585,normal
20586,normal
20587,normal
20588,normal
20589,normal
20590,normal
20591,normal
20592,normal
20593,normal
20594,normal
20595,normal
20596,normal
20597,normal
20598,normal
20599,normal
20600,normal
20601,normal
20602,normal
20603,normal
20604,normal
20605,device_spoofing
20606,normal
20607,normal
20608,normal
20609,normal
20610,normal
20611,normal
20612,normal
20613,normal
20614,normal
20615,normal
20616,normal
20617,normal
20618,normal
20619,normal
20620,normal
20621,normal
20622,normal
20623,normal
20624,normal
20625,normal
20626,normal
20627,normal
20628,normal
20629,normal
20630,normal
20631,normal
20632,normal
20633,normal
20634,normal
20635,normal
20636,normal
20637,normal
20638,normal
20639,normal
20640,normal
20641,normal
20642,normal
20643,normal
20644,normal
20645,normal
20646,normal
20647,normal
20648,normal
20649,normal
20650,normal
20651,normal
20652,normal
20653,normal
20654,normal
20655,normal
20656,normal
20657,normal
20658,normal
20659,normal
20660,normal
20661,normal
20662,normal
20663,normal
20664,normal
20665,normal
20666,insider_drift
20667,normal
20668,normal
20669,normal
20670,normal
20671,normal
20672,normal
20673,normal
20674,normal
20675,normal
20676,normal
20677,normal
20678,normal
20679,normal
20680,normal
20681,normal
20682,normal
20683,normal
20684,normal
20685,normal
20686,normal
20687,normal
20688,normal
20689,normal
20690,normal
20691,normal
20692,normal
20693,normal
20694,normal
20695,normal
20696,normal
20697,normal
20698,normal
20699,normal
20700,normal
20701,normal
20702,normal
20703,normal
20704,normal
20705,normal
20706,normal
20707,normal
20708,normal
20709,normal
20710,normal
20711,normal
20712,normal
20713,normal
20714,normal
20715,normal
20716,normal
20717,normal
20718,normal
20719,normal
20720,normal
20721,normal
20722,normal
20723,normal
20724,normal
20725,normal
20726,normal
20727,normal
20728,normal
20729,normal
20730,normal
20731,normal
20732,normal
20733,normal
20734,normal
20735,normal
20736,normal
20737,normal
20738,normal
20739,normal
20740,normal
20741,normal
20742,normal
20743,normal
20744,normal
20745,normal
20746,normal
20747,normal
20748,normal
20749,normal
20750,normal
20751,normal
20752,normal
20753,normal
20754,normal
20755,normal
20756,normal
20757,normal
20758,normal
20759,normal
20760,normal
20761,normal
20762,normal
20763,normal
20764,normal
20765,normal
20766,normal
20767,normal
20768,normal
20769,normal
20770,normal
20771,normal
20772,normal
20773,normal
20774,normal
20775,normal
20776,normal
20777,normal
20778,normal
20779,normal
20780,normal
20781,normal
20782,normal
20783,normal
20784,normal
20785,normal
20786,normal
20787,normal
20788,normal
20789,normal
20790,normal
20791,normal
20792,normal
20793,normal
20794,normal
20795,normal
20796,normal
20797,normal
20798,normal
20799,normal
20800,normal
20801,normal
20802,normal
20803,normal
20804,normal
20805,normal
20806,normal
20807,normal
20808,normal
20809,normal
20810,normal
20811,normal
20812,normal
20813,normal
20814,normal
20815,normal
20816,normal
20817,normal
20818,normal
20819,normal
20820,normal
20821,normal
20822,normal
20823,normal
20824,normal
20825,normal
20826,normal
20827,normal
20828,normal
20829,normal
20830,normal
20831,normal
20832,normal
20833,normal
20834,normal
20835,normal
20836,normal
20837,normal
20838,normal
20839,normal
20840,normal
20841,normal
20842,normal
20843,normal
20844,normal
20845,normal
20846,normal
20847,normal
20848,normal
20849,normal
20850,normal
20851,normal
20852,normal
20853,normal
20854,normal
20855,normal
20856,normal
20857,normal
20858,normal
20859,normal
20860,normal
20861,normal
20862,normal
20863,normal
20864,normal
20865,normal
20866,normal
20867,normal
20868,normal
20869,normal
20870,normal
20871,normal
20872,normal
20873,normal
20874,normal
20875,normal
20876,normal
20877,normal
20878,normal
20879,normal
20880,normal
20881,normal
20882,normal
20883,normal
20884,normal
20885,normal
20886,normal
20887,normal
20888,lateral_movement
20889,normal
20890,normal
20891,normal
20892,lateral_movement
20893,normal
20894,lateral_movement
20895,lateral_movement
20896,normal
20897,normal
20898,normal
20899,normal
20900,lateral_movement
20901,normal
20902,normal
20903,normal
20904,lateral_movement
20905,normal
20906,normal
20907,normal
20908,normal
20909,normal
20910,normal
20911,normal
20912,normal
20913,normal
20914,normal
20915,normal
20916,normal
20917,normal
20918,normal
20919,normal
20920,normal
20921,lateral_movement
20922,normal
20923,normal
20924,normal
20925,lateral_movement
20926,normal
20927,normal
20928,normal
20929,normal
20930,normal
20931,normal
20932,normal
20933,normal
20934,normal
20935,normal
20936,normal
20937,normal
20938,normal
20939,normal
20940,normal
20941,normal
20942,normal
20943,normal
20944,normal
20945,normal
20946,normal
20947,normal
20948,normal
20949,normal
20950,normal
20951,normal
20952,normal
20953,normal
20954,normal
20955,normal
20956,normal
20957,normal
20958,normal
20959,normal
20960,normal
20961,normal
20962,normal
20963,normal
20964,normal
20965,normal
20966,normal
20967,normal
20968,normal
20969,normal
20970,normal
20971,normal
20972,normal
20973,normal
20974,normal
20975,normal
20976,normal
20977,normal
20978,normal
20979,normal
20980,normal
20981,normal
20982,normal
20983,normal
20984,impossible_travel
20985,normal
20986,normal
20987,normal
20988,normal
20989,normal
20990,normal
20991,normal
20992,normal
20993,normal
20994,normal
20995,normal
20996,normal
20997,normal
20998,normal
20999,normal
21000,normal
21001,normal
21002,impossible_travel
21003,normal
21004,normal
21005,normal
21006,normal
21007,normal
21008,normal
21009,normal
21010,normal
21011,normal
21012,normal
21013,normal
21014,normal
21015,normal
21016,normal
21017,normal
21018,normal
21019,normal
21020,normal
21021,normal
21022,normal
21023,normal
21024,normal
21025,normal
21026,normal
21027,normal
21028,normal
21029,normal
21030,normal
21031,normal
21032,normal
21033,normal
21034,normal
21035,normal
21036,normal
21037,normal
21038,normal
21039,normal
21040,normal
21041,normal
21042,normal
21043,normal
21044,normal
21045,normal
21046,normal
21047,normal
21048,normal
21049,normal
21050,normal
21051,normal
21052,normal
21053,normal
21054,normal
21055,normal
21056,normal
21057,normal
21058,normal
21059,normal
21060,normal
21061,normal
21062,normal
21063,normal
21064,normal
21065,normal
21066,normal
21067,normal
21068,normal
21069,normal
21070,normal
21071,normal
21072,normal
21073,normal
21074,normal
21075,normal
21076,normal
21077,normal
21078,normal
21079,normal
21080,normal
21081,normal
21082,normal
21083,normal
21084,normal
21085,normal
21086,normal
21087,normal
21088,normal
21089,normal
21090,normal
21091,normal
21092,normal
21093,normal
21094,normal
21095,normal
21096,normal
21097,normal
21098,normal
21099,normal
21100,normal
21101,normal
21102,normal
21103,normal
21104,normal
21105,normal
21106,normal
21107,normal
21108,normal
21109,normal
21110,normal
21111,normal
21112,normal
21113,normal
21114,normal
21115,normal
21116,normal
21117,normal
21118,normal
21119,normal
21120,normal
21121,normal
21122,normal
21123,normal
21124,normal
21125,normal
21126,normal
21127,normal
21128,normal
21129,normal
21130,normal
21131,normal
21132,normal
21133,normal
21134,normal
21135,normal
21136,normal
21137,normal
21138,normal
21139,normal
21140,normal
21141,normal
21142,normal
21143,normal
21144,normal
21145,normal
21146,normal
21147,normal
21148,normal
21149,normal
21150,normal
21151,normal
21152,normal
21153,normal
21154,normal
21155,normal
21156,normal
21157,normal
21158,normal
21159,normal
21160,normal
21161,normal
21162,normal
21163,normal
21164,normal
21165,normal
21166,normal
21167,normal
21168,normal
21169,normal
21170,normal
21171,normal
21172,normal
21173,normal
21174,normal
21175,normal
21176,normal
21177,normal
21178,normal
21179,normal
21180,normal
21181,normal
21182,normal
21183,normal
21184,normal
21185,normal
21186,normal
21187,normal
21188,normal
21189,normal
21190,normal
21191,normal
21192,normal
21193,normal
21194,normal
21195,normal
21196,normal
21197,normal
21198,normal
21199,normal
21200,normal
21201,normal
21202,normal
21203,normal
21204,normal
21205,normal
21206,normal
21207,normal
21208,normal
21209,normal
21210,normal
21211,normal
21212,normal
21213,normal
21214,normal
21215,normal
21216,normal
21217,normal
21218,normal
21219,normal
21220,normal
21221,normal
21222,normal
21223,normal
21224,normal
21225,normal
21226,normal
21227,normal
21228,normal
21229,normal
21230,normal
21231,normal
21232,normal
21233,normal
21234,normal
21235,normal
21236,normal
21237,normal
21238,normal
21239,normal
21240,normal
21241,normal
21242,normal
21243,normal
21244,normal
21245,normal
21246,normal
21247,normal
21248,normal
21249,normal
21250,normal
21251,normal
21252,normal
21253,normal
21254,normal
21255,normal
21256,normal
21257,normal
21258,normal
21259,normal
21260,normal
21261,normal
21262,normal
21263,normal
21264,normal
21265,normal
21266,normal
21267,normal
21268,normal
21269,normal
21270,normal
21271,normal
21272,normal
21273,normal
21274,normal
21275,normal
21276,normal
21277,normal
21278,normal
21279,normal
21280,normal
21281,normal
21282,normal
21283,normal
21284,normal
21285,normal
21286,normal
21287,normal
21288,normal
21289,normal
21290,normal
21291,normal
21292,normal
21293,normal
21294,normal
21295,normal
21296,normal
21297,normal
21298,normal
21299,normal
21300,normal
21301,normal
21302,normal
21303,normal
21304,normal
21305,normal
21306,normal
21307,normal
21308,normal
21309,normal
21310,normal
21311,normal
21312,normal
21313,normal
21314,normal
21315,normal
21316,normal
21317,normal
21318,normal
21319,normal
21320,normal
21321,normal
21322,normal
21323,normal
21324,normal
21325,normal
21326,normal
21327,normal
21328,normal
21329,normal
21330,normal
21331,normal
21332,normal
21333,normal
21334,normal
21335,normal
21336,normal
21337,normal
21338,normal
21339,normal
21340,normal
21341,normal
21342,normal
21343,normal
21344,normal
21345,normal
21346,normal
21347,normal
21348,normal
21349,normal
21350,normal
21351,normal
21352,normal
21353,normal
21354,normal
21355,normal
21356,normal
21357,normal
21358,normal
21359,normal
21360,normal
21361,normal
21362,normal
21363,insider_drift
21364,normal
21365,normal
21366,normal
21367,normal
21368,normal
21369,low_and_slow_exfiltration
21370,normal
21371,normal
21372,normal
21373,normal
21374,normal
21375,normal
21376,normal
21377,normal
21378,normal
21379,low_and_slow_exfiltration
21380,normal
21381,normal
21382,normal
21383,normal
21384,device_spoofing
21385,normal
21386,normal
21387,normal
21388,normal
21389,normal
21390,normal
21391,normal
21392,normal
21393,normal
21394,normal
21395,normal
21396,normal
21397,normal
21398,normal
21399,normal
21400,normal
21401,normal
21402,low_and_slow_exfiltration
21403,normal
21404,normal
21405,normal
21406,normal
21407,normal
21408,normal
21409,normal
21410,normal
21411,normal
21412,normal
21413,normal
21414,normal
21415,normal
21416,low_and_slow_exfiltration
21417,normal
21418,device_spoofing
21419,normal
21420,normal
21421,normal
21422,normal
21423,normal
21424,normal
21425,normal
21426,normal
21427,normal
21428,normal
21429,normal
21430,normal
21431,normal
21432,normal
21433,normal
21434,normal
21435,normal
21436,normal
21437,normal
21438,normal
21439,normal
21440,normal
21441,normal
21442,normal
21443,normal
21444,normal
21445,normal
21446,normal
21447,normal
21448,normal
21449,normal
21450,normal
21451,normal
21452,normal
21453,normal
21454,normal
21455,normal
21456,normal
21457,normal
21458,normal
21459,normal
21460,normal
21461,normal
21462,normal
21463,normal
21464,normal
21465,normal
21466,normal
21467,normal
21468,normal
21469,normal
21470,normal
21471,normal
21472,normal
21473,normal
21474,normal
21475,normal
21476,normal
21477,normal
21478,normal
21479,normal
21480,normal
21481,normal
21482,normal
21483,normal
21484,normal
21485,normal
21486,normal
21487,normal
21488,normal
21489,normal
21490,normal
21491,normal
21492,normal
21493,normal
21494,normal
21495,normal
21496,normal
21497,normal
21498,normal
21499,normal
21500,normal
21501,normal
21502,normal
21503,normal
21504,normal
21505,normal
21506,normal
21507,normal
21508,normal
21509,normal
21510,normal
21511,normal
21512,normal
21513,normal
21514,normal
21515,normal
21516,normal
21517,normal
21518,normal
21519,normal
21520,normal
21521,normal
21522,normal
21523,normal
21524,normal
21525,normal
21526,normal
21527,normal
21528,insider_drift
21529,normal
21530,normal
21531,normal
21532,normal
21533,normal
21534,normal
21535,normal
21536,normal
21537,normal
21538,normal
21539,normal
21540,normal
21541,normal
21542,normal
21543,normal
21544,normal
21545,normal
21546,normal
21547,normal
21548,normal
21549,normal
21550,normal
21551,normal
21552,normal
21553,normal
21554,normal
21555,normal
21556,normal
21557,normal
21558,normal
21559,normal
21560,normal
21561,normal
21562,normal
21563,normal
21564,normal
21565,normal
21566,normal
21567,device_spoofing
21568,normal
21569,normal
21570,normal
21571,normal
21572,normal
21573,normal
21574,normal
21575,normal
21576,normal
21577,normal
21578,normal
21579,normal
21580,normal
21581,normal
21582,normal
21583,normal
21584,normal
21585,normal
21586,normal
21587,normal
21588,normal
21589,normal
21590,normal
21591,normal
21592,normal
21593,normal
21594,normal
21595,normal
21596,normal
21597,normal
21598,normal
21599,normal
21600,normal
21601,normal
21602,normal
21603,normal
21604,normal
21605,normal
21606,normal
21607,normal
21608,normal
21609,normal
21610,normal
21611,normal
21612,normal
21613,normal
21614,normal
21615,normal
21616,normal
21617,normal
21618,normal
21619,normal
21620,normal
21621,normal
21622,normal
21623,normal
21624,normal
21625,normal
21626,normal
21627,normal
21628,normal
21629,normal
21630,normal
21631,normal
21632,normal
21633,normal
21634,normal
21635,normal
21636,normal
21637,normal
21638,normal
21639,normal
21640,normal
21641,normal
21642,normal
21643,normal
21644,normal
21645,normal
21646,normal
21647,normal
21648,normal
21649,normal
21650,insider_drift
21651,normal
21652,normal
21653,normal
21654,normal
21655,normal
21656,normal
21657,normal
21658,normal
21659,normal
21660,normal
21661,normal
21662,normal
21663,normal
21664,normal
21665,normal
21666,normal
21667,normal
21668,normal
21669,normal
21670,normal
21671,normal
21672,normal
21673,normal
21674,normal
21675,normal
21676,normal
21677,lateral_movement
21678,normal
21679,normal
21680,lateral_movement
21681,normal
21682,normal
21683,normal
21684,normal
21685,lateral_movement
21686,normal
21687,normal
21688,normal
21689,lateral_movement
21690,normal
21691,normal
21692,normal
21693,normal
21694,normal
21695,normal
21696,normal
21697,normal
21698,normal
21699,normal
21700,normal
21701,normal
21702,normal
21703,normal
21704,normal
21705,normal
21706,normal
21707,normal
21708,normal
21709,normal
21710,normal
21711,normal
21712,normal
21713,normal
21714,normal
21715,normal
21716,normal
21717,normal
21718,normal
21719,normal
21720,normal
21721,normal
21722,normal
21723,normal
21724,normal
21725,normal
21726,normal
21727,normal
21728,normal
21729,normal
21730,normal
21731,normal
21732,normal
21733,normal
21734,normal
21735,normal
21736,normal
21737,normal
21738,normal
21739,normal
21740,normal
21741,normal
21742,normal
21743,normal
21744,normal
21745,normal
21746,normal
21747,normal
21748,normal
21749,normal
21750,normal
21751,normal
21752,normal
21753,normal
21754,normal
21755,normal
21756,normal
21757,normal
21758,normal
21759,normal
21760,normal
21761,normal
21762,normal
21763,normal
21764,normal
21765,normal
21766,normal
21767,normal
21768,normal
21769,normal
21770,normal
21771,normal
21772,normal
21773,normal
21774,normal
21775,normal
21776,normal
21777,normal
21778,normal
21779,normal
21780,normal
21781,normal
21782,normal
21783,normal
21784,normal
21785,normal
21786,normal
21787,normal
21788,normal
21789,normal
21790,normal
21791,normal
21792,normal
21793,normal
21794,normal
21795,normal
21796,normal
21797,normal
21798,normal
21799,normal
21800,normal
21801,normal
21802,normal
21803,normal
21804,normal
21805,normal
21806,normal
21807,normal
21808,normal
21809,normal
21810,normal
21811,normal
21812,normal
21813,normal
21814,normal
21815,normal
21816,normal
21817,normal
21818,normal
21819,normal
21820,normal
21821,normal
21822,normal
21823,normal
21824,normal
21825,normal
21826,normal
21827,normal
21828,normal
21829,normal
21830,normal
21831,normal
21832,normal
21833,normal
21834,normal
21835,normal
21836,normal
21837,normal
21838,normal
21839,normal
21840,normal
21841,normal
21842,normal
21843,normal
21844,normal
21845,normal
21846,normal
21847,normal
21848,normal
21849,normal
21850,normal
21851,normal
21852,normal
21853,normal
21854,normal
21855,normal
21856,normal
21857,normal
21858,normal
21859,normal
21860,normal
21861,normal
21862,normal
21863,normal
21864,normal
21865,normal
21866,normal
21867,normal
21868,normal
21869,normal
21870,normal
21871,normal
21872,normal
21873,normal
21874,normal
21875,normal
21876,normal
21877,normal
21878,normal
21879,normal
21880,normal
21881,normal
21882,normal
21883,normal
21884,normal
21885,normal
21886,normal
21887,normal
21888,normal
21889,normal
21890,normal
21891,normal
21892,normal
21893,normal
21894,normal
21895,normal
21896,normal
21897,normal
21898,normal
21899,normal
21900,normal
21901,normal
21902,normal
21903,normal
21904,normal
21905,normal
21906,normal
21907,normal
21908,normal
21909,normal
21910,normal
21911,normal
21912,normal
21913,normal
21914,normal
21915,normal
21916,normal
21917,normal
21918,normal
21919,normal
21920,normal
21921,normal
21922,normal
21923,normal
21924,normal
21925,normal
21926,normal
21927,normal
21928,normal
21929,normal
21930,normal
21931,normal
21932,normal
21933,normal
21934,normal
21935,normal
21936,normal
21937,normal
21938,normal
21939,normal
21940,normal
21941,normal
21942,normal
21943,normal
21944,normal
21945,normal
21946,normal
21947,normal
21948,normal
21949,normal
21950,normal
21951,normal
21952,normal
21953,normal
21954,normal
21955,normal
21956,normal
21957,normal
21958,normal
21959,normal
21960,normal
21961,normal
21962,normal
21963,normal
21964,normal
21965,normal
21966,normal
21967,normal
21968,normal
21969,normal
21970,normal
21971,normal
21972,normal
21973,normal
21974,normal
21975,normal
21976,normal
21977,normal
21978,normal
21979,normal
21980,normal
21981,normal
21982,normal
21983,normal
21984,normal
21985,normal
21986,normal
21987,normal
21988,normal
21989,normal
21990,normal
21991,normal
21992,normal
21993,normal
21994,normal
21995,normal
21996,normal
21997,normal
21998,normal
21999,normal
22000,normal
22001,normal
22002,normal
22003,normal
22004,normal
22005,normal
22006,normal
22007,normal
22008,normal
22009,normal
22010,normal
22011,normal
22012,normal
22013,normal
22014,normal
22015,normal
22016,normal
22017,normal
22018,normal
22019,normal
22020,normal
22021,normal
22022,normal
22023,normal
22024,normal
22025,normal
22026,normal
22027,normal
22028,normal
22029,normal
22030,normal
22031,normal
22032,normal
22033,normal
22034,normal
22035,normal
22036,normal
22037,normal
22038,normal
22039,normal
22040,normal
22041,normal
22042,normal
22043,normal
22044,normal
22045,normal
22046,normal
22047,normal
22048,normal
22049,normal
22050,normal
22051,normal
22052,normal
22053,normal
22054,normal
22055,normal
22056,normal
22057,normal
22058,normal
22059,normal
22060,normal
22061,normal
22062,normal
22063,normal
22064,normal
22065,normal
22066,normal
22067,normal
22068,normal
22069,normal
22070,normal
22071,normal
22072,normal
22073,normal
22074,normal
22075,normal
22076,normal
22077,normal
22078,normal
22079,normal
22080,normal
22081,normal
22082,normal
22083,normal
22084,normal
22085,normal
22086,normal
22087,normal
22088,normal
22089,normal
22090,normal
22091,normal
22092,normal
22093,normal
22094,normal
22095,normal
22096,normal
22097,normal
22098,normal
22099,normal
22100,normal
22101,normal
22102,normal
22103,normal
22104,normal
22105,normal
22106,normal
22107,normal
22108,normal
22109,normal
22110,normal
22111,normal
22112,normal
22113,normal
22114,normal
22115,normal
22116,normal
22117,normal
22118,normal
22119,normal
22120,normal
22121,normal
22122,normal
22123,normal
22124,normal
22125,normal
22126,normal
22127,normal
22128,normal
22129,normal
22130,normal
22131,normal
22132,normal
22133,device_spoofing
22134,normal
22135,normal
22136,normal
22137,normal
22138,normal
22139,normal
22140,normal
22141,normal
22142,normal
22143,normal
22144,normal
22145,normal
22146,normal
22147,normal
22148,normal
22149,normal
22150,normal
22151,normal
22152,normal
22153,normal
22154,normal
22155,normal
22156,normal
22157,normal
22158,normal
22159,normal
22160,normal
22161,normal
22162,normal
22163,device_spoofing
22164,normal
22165,normal
22166,normal
22167,normal
22168,normal
22169,normal
22170,normal
22171,normal
22172,normal
22173,normal
22174,normal
22175,normal
22176,normal
22177,normal
22178,normal
22179,normal
22180,normal
22181,normal
22182,normal
22183,normal
22184,normal
22185,normal
22186,normal
22187,normal
22188,normal
22189,normal
22190,normal
22191,normal
22192,normal
22193,normal
22194,normal
22195,normal
22196,normal
22197,normal
22198,normal
22199,normal
22200,normal
22201,normal
22202,normal
22203,normal
22204,normal
22205,normal
22206,normal
22207,normal
22208,normal
22209,normal
22210,normal
22211,normal
22212,normal
22213,normal
22214,normal
22215,normal
22216,normal
22217,normal
22218,normal
22219,normal
22220,normal
22221,normal
22222,normal
22223,normal
22224,normal
22225,normal
22226,normal
22227,normal
22228,normal
22229,normal
22230,normal
22231,normal
22232,normal
22233,normal
22234,normal
22235,normal
22236,normal
22237,normal
22238,normal
22239,normal
22240,normal
22241,normal
22242,normal
22243,normal
22244,normal
22245,normal
22246,normal
22247,normal
22248,normal
22249,normal
22250,normal
22251,normal
22252,normal
22253,normal
22254,normal
22255,normal
22256,normal
22257,normal
22258,normal
22259,normal
22260,normal
22261,normal
22262,normal
22263,normal
22264,normal
22265,normal
22266,normal
22267,normal
22268,normal
22269,normal
22270,normal
22271,normal
22272,normal
22273,normal
22274,normal
22275,normal
22276,normal
22277,normal
22278,normal
22279,normal
22280,normal
22281,normal
22282,normal
22283,normal
22284,normal
22285,normal
22286,normal
22287,normal
22288,normal
22289,normal
22290,normal
22291,normal
22292,normal
22293,normal
22294,normal
22295,normal
22296,normal
22297,normal
22298,normal
22299,normal
22300,normal
22301,normal
22302,normal
22303,normal
22304,normal
22305,normal
22306,normal
22307,normal
22308,normal
22309,normal
22310,normal
22311,normal
22312,normal
22313,normal
22314,normal
22315,normal
22316,normal
22317,normal
22318,normal
22319,low_and_slow_exfiltration
22320,normal
22321,normal
22322,normal
22323,normal
22324,normal
22325,normal
22326,normal
22327,normal
22328,low_and_slow_exfiltration
22329,normal
22330,normal
22331,normal
22332,impossible_travel
22333,impossible_travel
22334,normal
22335,normal
22336,normal
22337,normal
22338,low_and_slow_exfiltration
22339,normal
22340,normal
22341,normal
22342,normal
22343,normal
22344,normal
22345,normal
22346,normal
22347,normal
22348,normal
22349,normal
22350,normal
22351,normal
22352,normal
22353,normal
22354,normal
22355,normal
22356,normal
22357,normal
22358,normal
22359,normal
22360,normal
22361,normal
22362,normal
22363,normal
22364,normal
22365,normal
22366,normal
22367,normal
22368,normal
22369,normal
22370,normal
22371,normal
22372,normal
22373,normal
22374,normal
22375,low_and_slow_exfiltration
22376,normal
22377,low_and_slow_exfiltration
22378,normal
22379,normal
22380,normal
22381,normal
22382,normal
22383,normal
22384,normal
22385,normal
22386,normal
22387,normal
22388,normal
22389,normal
22390,normal
22391,normal
22392,normal
22393,normal
22394,normal
22395,normal
22396,normal
22397,low_and_slow_exfiltration
22398,normal
22399,normal
22400,normal
22401,normal
22402,normal
22403,normal
22404,normal
22405,normal
22406,normal
22407,normal
22408,normal
22409,normal
22410,normal
22411,normal
22412,normal
22413,normal
22414,normal
22415,normal
22416,normal
22417,normal
22418,normal
22419,normal
22420,normal
22421,normal
22422,normal
22423,normal
22424,normal
22425,normal
22426,normal
22427,normal
22428,normal
22429,normal
22430,normal
22431,impossible_travel
22432,impossible_travel
22433,normal
22434,normal
22435,normal
22436,normal
22437,normal
22438,normal
22439,normal
22440,normal
22441,normal
22442,normal
22443,normal
22444,normal
22445,impossible_travel
22446,normal
22447,normal
22448,normal
22449,normal
22450,normal
22451,normal
22452,normal
22453,impossible_travel
22454,normal
22455,normal
22456,normal
22457,normal
22458,normal
22459,normal
22460,normal
22461,normal
22462,normal
22463,normal
22464,normal
22465,normal
22466,normal
22467,normal
22468,normal
22469,normal
22470,normal
22471,normal
22472,normal
22473,normal
22474,normal
22475,normal
22476,normal
22477,normal
22478,normal
22479,normal
22480,normal
22481,normal
22482,normal
22483,normal
22484,normal
22485,normal
22486,normal
22487,normal
22488,normal
22489,normal
22490,normal
22491,normal
22492,normal
22493,normal
22494,normal
22495,normal
22496,normal
22497,normal
22498,normal
22499,normal
22500,normal
22501,normal
22502,normal
22503,normal
22504,normal
22505,normal
22506,normal
22507,normal
22508,normal
22509,normal
22510,normal
22511,normal
22512,normal
22513,normal
22514,normal
22515,normal
22516,normal
22517,normal
22518,normal
22519,normal
22520,normal
22521,normal
22522,normal
22523,normal
22524,normal
22525,normal
22526,normal
22527,normal
22528,normal
22529,normal
22530,normal
22531,normal
22532,normal
22533,normal
22534,normal
22535,normal
22536,normal
22537,normal
22538,normal
22539,normal
22540,normal
22541,normal
22542,normal
22543,normal
22544,normal
22545,normal
22546,normal
22547,normal
22548,normal
22549,normal
22550,normal
22551,normal
22552,normal
22553,normal
22554,normal
22555,normal
22556,normal
22557,normal
22558,normal
22559,normal
22560,normal
22561,normal
22562,normal
22563,normal
22564,normal
22565,normal
22566,normal
22567,normal
22568,normal
22569,normal
22570,normal
22571,normal
22572,normal
22573,normal
22574,normal
22575,normal
22576,normal
22577,normal
22578,normal
22579,normal
22580,normal
22581,normal
22582,normal
22583,normal
22584,normal
22585,normal
22586,normal
22587,normal
22588,normal
22589,normal
22590,normal
22591,normal
22592,normal
22593,normal
22594,normal
22595,normal
22596,normal
22597,normal
22598,normal
22599,normal
22600,normal
22601,normal
22602,normal
22603,normal
22604,normal
22605,normal
22606,normal
22607,normal
22608,normal
22609,normal
22610,normal
22611,normal
22612,normal
22613,normal
22614,normal
22615,normal
22616,normal
22617,normal
22618,normal
22619,normal
22620,normal
22621,normal
22622,normal
22623,normal
22624,normal
22625,normal
22626,normal
22627,device_spoofing
22628,normal
22629,normal
22630,normal
22631,normal
22632,normal
22633,normal
22634,normal
22635,normal
22636,normal
22637,normal
22638,normal
22639,normal
22640,normal
22641,normal
22642,normal
22643,normal
22644,normal
22645,normal
22646,normal
22647,normal
22648,normal
22649,normal
22650,normal
22651,normal
22652,normal
22653,normal
22654,normal
22655,normal
22656,normal
22657,normal
22658,normal
22659,normal
22660,normal
22661,normal
22662,normal
22663,normal
22664,normal
22665,normal
22666,normal
22667,normal
22668,normal
22669,normal
22670,normal
22671,normal
22672,normal
22673,normal
22674,normal
22675,normal
22676,normal
22677,normal
22678,normal
22679,normal
22680,normal
22681,normal
22682,normal
22683,normal
22684,normal
22685,normal
22686,normal
22687,normal
22688,normal
22689,normal
22690,normal
22691,normal
22692,normal
22693,normal
22694,normal
22695,normal
22696,normal
22697,normal
22698,normal
22699,normal
22700,normal
22701,normal
22702,normal
22703,normal
22704,normal
22705,normal
22706,normal
22707,normal
22708,normal
22709,normal
22710,normal
22711,normal
22712,normal
22713,normal
22714,normal
22715,normal
22716,normal
22717,normal
22718,normal
22719,normal
22720,normal
22721,normal
22722,normal
22723,normal
22724,normal
22725,normal
22726,normal
22727,normal
22728,normal
22729,normal
22730,normal
22731,normal
22732,normal
22733,normal
22734,normal
22735,normal
22736,normal
22737,normal
22738,normal
22739,normal
22740,normal
22741,normal
22742,normal
22743,normal
22744,normal
22745,normal
22746,normal
22747,normal
22748,normal
22749,normal
22750,normal
22751,normal
22752,normal
22753,normal
22754,normal
22755,normal
22756,normal
22757,normal
22758,normal
22759,normal
22760,normal
22761,normal
22762,normal
22763,normal
22764,normal
22765,normal
22766,normal
22767,normal
22768,normal
22769,normal
22770,normal
22771,normal
22772,normal
22773,normal
22774,normal
22775,normal
22776,normal
22777,normal
22778,normal
22779,normal
22780,normal
22781,normal
22782,normal
22783,normal
22784,normal
22785,normal
22786,normal
22787,normal
22788,normal
22789,normal
22790,normal
22791,normal
22792,normal
22793,normal
22794,normal
22795,normal
22796,normal
22797,normal
22798,normal
22799,normal
22800,normal
22801,normal
22802,normal
22803,normal
22804,normal
22805,normal
22806,normal
22807,normal
22808,normal
22809,normal
22810,normal
22811,normal
22812,normal
22813,normal
22814,normal
22815,normal
22816,normal
22817,normal
22818,normal
22819,normal
22820,normal
22821,normal
22822,normal
22823,normal
22824,normal
22825,normal
22826,normal
22827,normal
22828,normal
22829,normal
22830,normal
22831,normal
22832,normal
22833,normal
22834,normal
22835,normal
22836,normal
22837,normal
22838,normal
22839,normal
22840,normal
22841,normal
22842,normal
22843,normal
22844,normal
22845,normal
22846,normal
22847,normal
22848,normal
22849,normal
22850,normal
22851,normal
22852,normal
22853,normal
22854,normal
22855,normal
22856,normal
22857,normal
22858,normal
22859,normal
22860,normal
22861,normal
22862,normal
22863,normal
22864,normal
22865,normal
22866,normal
22867,normal
22868,normal
22869,normal
22870,normal
22871,normal
22872,normal
22873,normal
22874,normal
22875,normal
22876,normal
22877,normal
22878,normal
22879,normal
22880,normal
22881,normal
22882,normal
22883,normal
22884,normal
22885,normal
22886,normal
22887,normal
22888,normal
22889,normal
22890,normal
22891,normal
22892,normal
22893,normal
22894,normal
22895,normal
22896,normal
22897,normal
22898,normal
22899,normal
22900,normal
22901,normal
22902,normal
22903,normal
22904,normal
22905,normal
22906,normal
22907,normal
22908,normal
22909,normal
22910,normal
22911,normal
22912,normal
22913,normal
22914,normal
22915,normal
22916,normal
22917,normal
22918,normal
22919,normal
22920,normal
22921,normal
22922,normal
22923,normal
22924,normal
22925,device_spoofing
22926,normal
22927,normal
22928,normal
22929,normal
22930,normal
22931,normal
22932,normal
22933,normal
22934,normal
22935,normal
22936,normal
22937,normal
22938,normal
22939,normal
22940,normal
22941,normal
22942,normal
22943,normal
22944,normal
22945,normal
22946,normal
22947,normal
22948,normal
22949,normal
22950,normal
22951,normal
22952,normal
22953,normal
22954,normal
22955,normal
22956,normal
22957,normal
22958,normal
22959,normal
22960,normal
22961,normal
22962,normal
22963,insider_drift
22964,normal
22965,normal
22966,normal
22967,normal
22968,normal
22969,normal
22970,normal
22971,normal
22972,normal
22973,normal
22974,normal
22975,normal
22976,normal
22977,normal
22978,normal
22979,normal
22980,normal
22981,normal
22982,normal
22983,normal
22984,normal
22985,normal
22986,normal
22987,normal
22988,normal
22989,normal
22990,normal
22991,normal
22992,normal
22993,normal
22994,normal
22995,normal
22996,normal
22997,normal
22998,normal
22999,normal
23000,normal
23001,normal
23002,normal
23003,normal
23004,normal
23005,normal
23006,normal
23007,normal
23008,normal
23009,normal
23010,normal
23011,normal
23012,normal
23013,normal
23014,normal
23015,normal
23016,normal
23017,normal
23018,normal
23019,normal
23020,normal
23021,normal
23022,normal
23023,normal
23024,normal
23025,normal
23026,normal
23027,normal
23028,normal
23029,normal
23030,normal
23031,normal
23032,normal
23033,normal
23034,normal
23035,normal
23036,normal
23037,normal
23038,normal
23039,normal
23040,normal
23041,normal
23042,normal
23043,normal
23044,normal
23045,normal
23046,normal
23047,normal
23048,normal
23049,normal
23050,normal
23051,normal
23052,normal
23053,normal
23054,normal
23055,normal
23056,normal
23057,normal
23058,normal
23059,normal
23060,normal
23061,normal
23062,normal
23063,normal
23064,normal
23065,normal
23066,normal
23067,normal
23068,normal
23069,normal
23070,normal
23071,normal
23072,normal
23073,normal
23074,normal
23075,normal
23076,normal
23077,normal
23078,normal
23079,normal
23080,normal
23081,normal
23082,normal
23083,normal
23084,normal
23085,normal
23086,normal
23087,normal
23088,normal
23089,normal
23090,normal
23091,normal
23092,normal
23093,normal
23094,normal
23095,normal
23096,normal
23097,normal
23098,normal
23099,normal
23100,normal
23101,normal
23102,normal
23103,normal
23104,normal
23105,normal
23106,normal
23107,normal
23108,normal
23109,normal
23110,normal
23111,normal
23112,normal
23113,normal
23114,normal
23115,normal
23116,normal
23117,normal
23118,normal
23119,normal
23120,normal
23121,normal
23122,normal
23123,normal
23124,normal
23125,normal
23126,normal
23127,normal
23128,normal
23129,normal
23130,normal
23131,normal
23132,normal
23133,normal
23134,normal
23135,normal
23136,normal
23137,normal
23138,normal
23139,normal
23140,normal
23141,normal
23142,normal
23143,normal
23144,normal
23145,normal
23146,normal
23147,normal
23148,normal
23149,normal
23150,normal
23151,normal
23152,normal
23153,normal
23154,normal
23155,normal
23156,normal
23157,normal
23158,normal
23159,normal
23160,normal
23161,normal
23162,normal
23163,normal
23164,normal
23165,normal
23166,normal
23167,normal
23168,normal
23169,normal
23170,normal
23171,normal
23172,normal
23173,normal
23174,normal
23175,normal
23176,normal
23177,normal
23178,normal
23179,normal
23180,normal
23181,normal
23182,normal
23183,normal
23184,normal
23185,normal
23186,normal
23187,normal
23188,normal
23189,normal
23190,normal
23191,normal
23192,normal
23193,normal
23194,normal
23195,normal
23196,normal
23197,normal
23198,normal
23199,normal
23200,normal
23201,normal
23202,normal
23203,normal
23204,normal
23205,normal
23206,normal
23207,normal
23208,normal
23209,normal
23210,normal
23211,normal
23212,normal
23213,normal
23214,normal
23215,normal
23216,normal
23217,normal
23218,normal
23219,normal
23220,normal
23221,normal
23222,normal
23223,normal
23224,normal
23225,normal
23226,normal
23227,normal
23228,normal
23229,normal
23230,normal
23231,normal
23232,normal
23233,normal
23234,normal
23235,normal
23236,normal
23237,normal
23238,normal
23239,normal
23240,normal
23241,normal
23242,normal
23243,normal
23244,normal
23245,normal
23246,normal
23247,normal
23248,normal
23249,normal
23250,normal
23251,normal
23252,normal
23253,normal
23254,normal
23255,normal
23256,normal
23257,normal
23258,normal
23259,normal
23260,normal
23261,normal
23262,normal
23263,normal
23264,normal
23265,normal
23266,normal
23267,normal
23268,normal
23269,normal
23270,normal
23271,normal
23272,normal
23273,normal
23274,normal
23275,normal
23276,normal
23277,normal
23278,normal
23279,normal
23280,normal
23281,normal
23282,normal
23283,normal
23284,normal
23285,normal
23286,normal
23287,normal
23288,normal
23289,normal
23290,normal
23291,normal
23292,normal
23293,normal
23294,normal
23295,normal
23296,normal
23297,normal
23298,normal
23299,normal
23300,normal
23301,normal
23302,normal
23303,normal
23304,normal
23305,normal
23306,normal
23307,normal
23308,normal
23309,normal
23310,normal
23311,normal
23312,normal
23313,normal
23314,normal
23315,normal
23316,normal
23317,normal
23318,low_and_slow_exfiltration
23319,normal
23320,normal
23321,normal
23322,normal
23323,normal
23324,normal
23325,normal
23326,normal
23327,normal
23328,normal
23329,normal
23330,normal
23331,normal
23332,normal
23333,low_and_slow_exfiltration
23334,normal
23335,normal
23336,normal
23337,low_and_slow_exfiltration
23338,normal
23339,normal
23340,normal
23341,normal
23342,normal
23343,normal
23344,normal
23345,normal
23346,normal
23347,normal
23348,normal
23349,normal
23350,normal
23351,normal
23352,normal
23353,normal
23354,normal
23355,normal
23356,normal
23357,normal
23358,normal
23359,normal
23360,normal
23361,normal
23362,normal
23363,normal
23364,normal
23365,normal
23366,normal
23367,normal
23368,normal
23369,normal
23370,normal
23371,normal
23372,normal
23373,low_and_slow_exfiltration
23374,low_and_slow_exfiltration
23375,normal
23376,normal
23377,normal
23378,normal
23379,normal
23380,normal
23381,normal
23382,normal
23383,normal
23384,normal
23385,normal
23386,normal
23387,normal
23388,normal
23389,normal
23390,normal
23391,normal
23392,normal
23393,normal
23394,normal
23395,normal
23396,normal
23397,normal
23398,normal
23399,normal
23400,normal
23401,normal
23402,normal
23403,normal
23404,normal
23405,normal
23406,normal
23407,normal
23408,normal
23409,normal
23410,normal
23411,normal
23412,normal
23413,normal
23414,normal
23415,normal
23416,normal
23417,normal
23418,normal
23419,normal
23420,normal
23421,normal
23422,normal
23423,normal
23424,normal
23425,normal
23426,normal
23427,normal
23428,normal
23429,normal
23430,normal
23431,normal
23432,normal
23433,normal
23434,normal
23435,normal
23436,normal
23437,normal
23438,normal
23439,normal
23440,normal
23441,normal
23442,normal
23443,normal
23444,normal
23445,normal
23446,normal
23447,normal
23448,normal
23449,normal
23450,normal
23451,normal
23452,normal
23453,normal
23454,normal
23455,normal
23456,normal
23457,normal
23458,normal
23459,normal
23460,normal
23461,normal
23462,normal
23463,normal
23464,normal
23465,normal
23466,normal
23467,normal
23468,normal
23469,normal
23470,normal
23471,normal
23472,normal
23473,normal
23474,normal
23475,normal
23476,normal
23477,normal
23478,normal
23479,normal
23480,normal
23481,normal
23482,normal
23483,normal
23484,normal
23485,normal
23486,normal
23487,normal
23488,normal
23489,normal
23490,normal
23491,normal
23492,normal
23493,normal
23494,normal
23495,normal
23496,normal
23497,normal
23498,normal
23499,normal
23500,normal
23501,normal
23502,normal
23503,normal
23504,normal
23505,normal
23506,normal
23507,normal
23508,normal
23509,normal
23510,normal
23511,normal
23512,normal
23513,normal
23514,normal
23515,normal
23516,normal
23517,normal
23518,normal
23519,normal
23520,normal
23521,normal
23522,normal
23523,normal
23524,normal
23525,normal
23526,normal
23527,normal
23528,normal
23529,normal
23530,normal
23531,normal
23532,normal
23533,normal
23534,normal
23535,normal
23536,normal
23537,normal
23538,normal
23539,normal
23540,normal
23541,normal
23542,normal
23543,normal
23544,normal
23545,normal
23546,normal
23547,normal
23548,normal
23549,normal
23550,normal
23551,normal
23552,normal
23553,normal
23554,normal
23555,normal
23556,normal
23557,normal
23558,normal
23559,normal
23560,normal
23561,normal
23562,normal
23563,normal
23564,normal
23565,normal
23566,normal
23567,normal
23568,normal
23569,normal
23570,normal
23571,normal
23572,normal
23573,normal
23574,normal
23575,normal
23576,normal
23577,device_spoofing
23578,normal
23579,normal
23580,normal
23581,normal
23582,normal
23583,normal
23584,normal
23585,normal
23586,normal
23587,normal
23588,normal
23589,normal
23590,normal
23591,normal
23592,normal
23593,normal
23594,normal
23595,normal
23596,normal
23597,normal
23598,normal
23599,normal
23600,normal
23601,normal
23602,normal
23603,normal
23604,normal
23605,normal
23606,normal
23607,normal
23608,normal
23609,normal
23610,normal
23611,normal
23612,normal
23613,normal
23614,normal
23615,normal
23616,normal
23617,normal
23618,normal
23619,normal
23620,normal
23621,normal
23622,normal
23623,normal
23624,normal
23625,normal
23626,normal
23627,normal
23628,normal
23629,normal
23630,normal
23631,normal
23632,normal
23633,normal
23634,normal
23635,normal
23636,normal
23637,normal
23638,normal
23639,normal
23640,normal
23641,normal
23642,normal
23643,normal
23644,normal
23645,normal
23646,normal
23647,normal
23648,normal
23649,normal
23650,normal
23651,normal
23652,normal
23653,normal
23654,normal
23655,normal
23656,normal
23657,normal
23658,normal
23659,normal
23660,normal
23661,normal
23662,normal
23663,normal
23664,normal
23665,normal
23666,normal
23667,normal
23668,normal
23669,normal
23670,normal
23671,normal
23672,normal
23673,normal
23674,normal
23675,normal
23676,normal
23677,normal
23678,normal
23679,normal
23680,normal
23681,normal
23682,normal
23683,normal
23684,normal
23685,normal
23686,normal
23687,normal
23688,normal
23689,normal
23690,normal
23691,normal
23692,normal
23693,normal
23694,normal
23695,normal
23696,normal
23697,normal
23698,normal
23699,normal
23700,normal
23701,normal
23702,normal
23703,normal
23704,normal
23705,normal
23706,normal
23707,normal
23708,normal
23709,normal
23710,normal
23711,normal
23712,normal
23713,normal
23714,normal
23715,normal
23716,normal
23717,normal
23718,normal
23719,normal
23720,normal
23721,normal
23722,normal
23723,normal
23724,normal
23725,normal
23726,normal
23727,normal
23728,normal
23729,normal
23730,normal
23731,normal
23732,normal
23733,normal
23734,normal
23735,normal
23736,normal
23737,normal
23738,normal
23739,normal
23740,normal
23741,normal
23742,normal
23743,normal
23744,normal
23745,normal
23746,normal
23747,normal
23748,normal
23749,normal
23750,normal
23751,normal
23752,normal
23753,normal
23754,normal
23755,normal
23756,normal
23757,normal
23758,normal
23759,normal
23760,normal
23761,normal
23762,normal
23763,normal
23764,normal
23765,normal
23766,normal
23767,normal
23768,normal
23769,normal
23770,normal
23771,normal
23772,normal
23773,normal
23774,normal
23775,normal
23776,normal
23777,normal
23778,normal
23779,normal
23780,normal
23781,normal
23782,normal
23783,normal
23784,normal
23785,normal
23786,normal
23787,normal
23788,normal
23789,normal
23790,normal
23791,normal
23792,normal
23793,normal
23794,normal
23795,normal
23796,normal
23797,normal
23798,normal
23799,normal
23800,normal
23801,normal
23802,normal
23803,normal
23804,normal
23805,normal
23806,normal
23807,normal
23808,normal
23809,normal
23810,normal
23811,normal
23812,normal
23813,normal
23814,normal
23815,normal
23816,normal
23817,normal
23818,normal
23819,normal
23820,normal
23821,normal
23822,normal
23823,normal
23824,normal
23825,normal
23826,normal
23827,normal
23828,normal
23829,normal
23830,normal
23831,normal
23832,normal
23833,normal
23834,normal
23835,normal
23836,normal
23837,normal
23838,normal
23839,normal
23840,normal
23841,normal
23842,normal
23843,normal
23844,normal
23845,normal
23846,normal
23847,normal
23848,normal
23849,normal
23850,normal
23851,normal
23852,normal
23853,normal
23854,normal
23855,normal
23856,normal
23857,normal
23858,normal
23859,normal
23860,normal
23861,normal
23862,normal
23863,normal
23864,normal
23865,normal
23866,normal
23867,normal
23868,normal
23869,normal
23870,normal
23871,normal
23872,normal
23873,normal
23874,normal
23875,normal
23876,normal
23877,normal
23878,normal
23879,normal
23880,normal
23881,normal
23882,normal
23883,normal
23884,normal
23885,normal
23886,normal
23887,normal
23888,normal
23889,normal
23890,normal
23891,normal
23892,normal
23893,normal
23894,normal
23895,normal
23896,normal
23897,normal
23898,normal
23899,normal
23900,normal
23901,normal
23902,normal
23903,normal
23904,normal
23905,normal
23906,normal
23907,normal
23908,normal
23909,normal
23910,normal
23911,normal
23912,normal
23913,normal
23914,normal
23915,normal
23916,normal
23917,normal
23918,normal
23919,normal
23920,normal
23921,normal
23922,normal
23923,normal
23924,normal
23925,normal
23926,normal
23927,normal
23928,normal
23929,normal
23930,normal
23931,normal
23932,normal
23933,normal
23934,normal
23935,normal
23936,normal
23937,normal
23938,normal
23939,normal
23940,normal
23941,normal
23942,normal
23943,normal
23944,normal
23945,normal
23946,normal
23947,normal
23948,normal
23949,normal
23950,normal
23951,normal
23952,normal
23953,normal
23954,normal
23955,normal
23956,normal
23957,normal
23958,normal
23959,normal
23960,normal
23961,normal
23962,normal
23963,normal
23964,normal
23965,normal
23966,normal
23967,normal
23968,normal
23969,normal
23970,normal
23971,device_spoofing
23972,normal
23973,normal
23974,normal
23975,normal
23976,normal
23977,normal
23978,normal
23979,normal
23980,normal
23981,normal
23982,normal
23983,normal
23984,normal
23985,normal
23986,normal
23987,normal
23988,normal
23989,normal
23990,normal
23991,normal
23992,normal
23993,normal
23994,normal
23995,normal
23996,normal
23997,normal
23998,normal
23999,normal
24000,normal
24001,normal
24002,normal
24003,normal
24004,normal
24005,normal
24006,normal
24007,normal
24008,normal
24009,normal
24010,normal
24011,normal
24012,normal
24013,normal
24014,normal
24015,normal
24016,normal
24017,normal
24018,normal
24019,normal
24020,normal
24021,normal
24022,normal
24023,normal
24024,normal
24025,normal
24026,normal
24027,normal
24028,normal
24029,normal
24030,normal
24031,normal
24032,normal
24033,normal
24034,normal
24035,normal
24036,normal
24037,normal
24038,normal
24039,normal
24040,normal
24041,normal
24042,normal
24043,normal
24044,normal
24045,normal
24046,normal
24047,normal
24048,normal
24049,normal
24050,normal
24051,normal
24052,normal
24053,normal
24054,normal
24055,normal
24056,normal
24057,normal
24058,normal
24059,normal
24060,normal
24061,normal
24062,normal
24063,normal
24064,normal
24065,normal
24066,normal
24067,normal
24068,normal
24069,normal
24070,normal
24071,normal
24072,normal
24073,normal
24074,normal
24075,normal
24076,normal
24077,normal
24078,normal
24079,normal
24080,normal
24081,normal
24082,normal
24083,normal
24084,normal
24085,normal
24086,normal
24087,normal
24088,normal
24089,normal
24090,normal
24091,normal
24092,normal
24093,normal
24094,normal
24095,normal
24096,normal
24097,normal
24098,normal
24099,normal
24100,normal
24101,normal
24102,normal
24103,normal
24104,normal
24105,normal
24106,normal
24107,normal
24108,normal
24109,normal
24110,normal
24111,normal
24112,normal
24113,normal
24114,normal
24115,normal
24116,normal
24117,normal
24118,normal
24119,normal
24120,normal
24121,normal
24122,normal
24123,normal
24124,normal
24125,normal
24126,normal
24127,normal
24128,normal
24129,normal
24130,normal
24131,normal
24132,normal
24133,normal
24134,normal
24135,normal
24136,normal
24137,normal
24138,normal
24139,normal
24140,normal
24141,normal
24142,normal
24143,normal
24144,normal
24145,normal
24146,normal
24147,normal
24148,normal
24149,normal
24150,normal
24151,normal
24152,normal
24153,normal
24154,normal
24155,normal
24156,normal
24157,normal
24158,normal
24159,normal
24160,normal
24161,normal
24162,normal
24163,normal
24164,normal
24165,normal
24166,normal
24167,device_spoofing
24168,normal
24169,normal
24170,normal
24171,normal
24172,normal
24173,normal
24174,normal
24175,normal
24176,normal
24177,normal
24178,normal
24179,normal
24180,normal
24181,normal
24182,normal
24183,normal
24184,normal
24185,normal
24186,normal
24187,normal
24188,normal
24189,normal
24190,normal
24191,normal
24192,normal
24193,normal
24194,normal
24195,normal
24196,normal
24197,normal
24198,normal
24199,normal
24200,normal
24201,normal
24202,normal
24203,normal
24204,normal
24205,normal
24206,normal
24207,normal
24208,normal
24209,normal
24210,normal
24211,normal
24212,normal
24213,normal
24214,normal
24215,normal
24216,normal
24217,normal
24218,normal
24219,normal
24220,normal
24221,normal
24222,normal
24223,normal
24224,normal
24225,normal
24226,normal
24227,normal
24228,normal
24229,normal
24230,normal
24231,normal
24232,normal
24233,normal
24234,normal
24235,normal
24236,normal
24237,normal
24238,normal
24239,normal
24240,normal
24241,normal
24242,normal
24243,normal
24244,normal
24245,normal
24246,normal
24247,normal
24248,normal
24249,normal
24250,normal
24251,normal
24252,normal
24253,normal
24254,normal
24255,normal
24256,normal
24257,normal
24258,normal
24259,normal
24260,normal
24261,normal
24262,normal
24263,normal
24264,normal
24265,normal
24266,normal
24267,normal
24268,normal
24269,normal
24270,normal
24271,normal
24272,normal
24273,normal
24274,normal
24275,normal
24276,device_spoofing
24277,normal
24278,normal
24279,normal
24280,normal
24281,normal
24282,normal
24283,normal
24284,normal
24285,normal
24286,normal
24287,normal
24288,normal
24289,normal
24290,normal
24291,normal
24292,normal
24293,normal
24294,normal
24295,normal
24296,normal
24297,normal
24298,normal
24299,normal
24300,normal
24301,normal
24302,normal
24303,normal
24304,normal
24305,normal
24306,normal
24307,normal
24308,normal
24309,normal
24310,normal
24311,normal
24312,normal
24313,normal
24314,normal
24315,normal
24316,normal
24317,normal
24318,normal
24319,normal
24320,normal
24321,normal
24322,normal
24323,normal
24324,normal
24325,normal
24326,normal
24327,normal
24328,low_and_slow_exfiltration
24329,normal
24330,normal
24331,normal
24332,low_and_slow_exfiltration
24333,normal
24334,normal
24335,normal
24336,normal
24337,normal
24338,normal
24339,normal
24340,normal
24341,normal
24342,normal
24343,normal
24344,normal
24345,normal
24346,normal
24347,normal
24348,normal
24349,low_and_slow_exfiltration
24350,normal
24351,normal
24352,normal
24353,normal
24354,normal
24355,normal
24356,normal
24357,low_and_slow_exfiltration
24358,normal
24359,normal
24360,normal
24361,normal
24362,normal
24363,normal
24364,normal
24365,low_and_slow_exfiltration
24366,normal
24367,normal
24368,normal
24369,normal
24370,normal
24371,normal
24372,normal
24373,normal
24374,normal
24375,normal
24376,normal
24377,normal
24378,normal
24379,normal
24380,normal
24381,normal
24382,normal
24383,normal
24384,normal
24385,normal
24386,normal
24387,normal
24388,normal
24389,normal
24390,normal
24391,normal
24392,normal
24393,normal
24394,normal
24395,device_spoofing
24396,normal
24397,normal
24398,normal
24399,normal
24400,normal
24401,normal
24402,normal
24403,normal
24404,normal
24405,normal
24406,normal
24407,normal
24408,normal
24409,normal
24410,normal
24411,normal
24412,normal
24413,normal
24414,normal
24415,normal
24416,normal
24417,normal
24418,normal
24419,normal
24420,normal
24421,normal
24422,normal
24423,normal
24424,normal
24425,normal
24426,normal
24427,normal
24428,normal
24429,normal
24430,normal
24431,normal
24432,normal
24433,normal
24434,normal
24435,normal
24436,normal
24437,insider_drift
24438,normal
24439,normal
24440,normal
24441,normal
24442,normal
24443,normal
24444,normal
24445,normal
24446,normal
24447,normal
24448,normal
24449,normal
24450,normal
24451,normal
24452,normal
24453,normal
24454,normal
24455,normal
24456,normal
24457,normal
24458,normal
24459,normal
24460,normal
24461,normal
24462,normal
24463,normal
24464,normal
24465,normal
24466,normal
24467,normal
24468,normal
24469,normal
24470,normal
24471,normal
24472,normal
24473,normal
24474,normal
24475,normal
24476,normal
24477,normal
24478,normal
24479,normal
24480,normal
24481,normal
24482,normal
24483,normal
24484,normal
24485,normal
24486,normal
24487,normal
24488,normal
24489,normal
24490,normal
24491,normal
24492,normal
24493,normal
24494,normal
24495,normal
24496,normal
24497,normal
24498,normal
24499,normal
24500,normal
24501,normal
24502,normal
24503,normal
24504,normal
24505,normal
24506,normal
24507,normal
24508,normal
24509,normal
24510,normal
24511,normal
24512,normal
24513,normal
24514,normal
24515,normal
24516,normal
24517,normal
24518,normal
24519,normal
24520,normal
24521,normal
24522,normal
24523,normal
24524,normal
24525,normal
24526,normal
24527,normal
24528,normal
24529,normal
24530,normal
24531,normal
24532,normal
24533,normal
24534,normal
24535,normal
24536,normal
24537,normal
24538,normal
24539,normal
24540,normal
24541,normal
24542,normal
24543,normal
24544,normal
24545,normal
24546,normal
24547,normal
24548,normal
24549,normal
24550,normal
24551,normal
24552,normal
24553,normal
24554,normal
24555,normal
24556,normal
24557,normal
24558,normal
24559,normal
24560,normal
24561,normal
24562,normal
24563,normal
24564,normal
24565,normal
24566,normal
24567,normal
24568,normal
24569,normal
24570,normal
24571,normal
24572,normal
24573,normal
24574,normal
24575,device_spoofing
24576,normal
24577,normal
24578,device_spoofing
24579,normal
24580,normal
24581,normal
24582,normal
24583,normal
24584,normal
24585,normal
24586,normal
24587,normal
24588,normal
24589,normal
24590,normal
24591,normal
24592,normal
24593,normal
24594,normal
24595,normal
24596,normal
24597,normal
24598,normal
24599,normal
24600,normal
24601,normal
24602,normal
24603,normal
24604,normal
24605,normal
24606,normal
24607,normal
24608,normal
24609,normal
24610,normal
24611,normal
24612,normal
24613,normal
24614,normal
24615,normal
24616,normal
24617,normal
24618,normal
24619,normal
24620,normal
24621,normal
24622,normal
24623,normal
24624,normal
24625,normal
24626,normal
24627,normal
24628,normal
24629,normal
24630,normal
24631,normal
24632,normal
24633,normal
24634,normal
24635,normal
24636,normal
24637,normal
24638,normal
24639,normal
24640,normal
24641,normal
24642,normal
24643,normal
24644,normal
24645,normal
24646,normal
24647,normal
24648,normal
24649,normal
24650,normal
24651,normal
24652,normal
24653,normal
24654,normal
24655,normal
24656,normal
24657,normal
24658,normal
24659,normal
24660,normal
24661,normal
24662,normal
24663,normal
24664,normal
24665,normal
24666,normal
24667,normal
24668,normal
24669,normal
24670,normal
24671,normal
24672,normal
24673,normal
24674,normal
24675,normal
24676,normal
24677,normal
24678,normal
24679,impossible_travel
24680,normal
24681,normal
24682,normal
24683,impossible_travel
24684,normal
24685,normal
24686,normal
24687,normal
24688,normal
24689,normal
24690,normal
24691,normal
24692,normal
24693,normal
24694,normal
24695,normal
24696,normal
24697,normal
24698,normal
24699,normal
24700,normal
24701,normal
24702,normal
24703,normal
24704,normal
24705,normal
24706,normal
24707,normal
24708,normal
24709,normal
24710,normal
24711,normal
24712,normal
24713,normal
24714,normal
24715,normal
24716,normal
24717,normal
24718,normal
24719,normal
24720,normal
24721,normal
24722,normal
24723,normal
24724,normal
24725,normal
24726,normal
24727,normal
24728,normal
24729,normal
24730,normal
24731,normal
24732,normal
24733,normal
24734,normal
24735,normal
24736,normal
24737,normal
24738,normal
24739,normal
24740,normal
24741,normal
24742,normal
24743,normal
24744,normal
24745,normal
24746,normal
24747,normal
24748,normal
24749,normal
24750,normal
24751,normal
24752,normal
24753,normal
24754,normal
24755,normal
24756,normal
24757,normal
24758,normal
24759,normal
24760,normal
24761,normal
24762,normal
24763,normal
24764,normal
24765,normal
24766,normal
24767,normal
24768,normal
24769,normal
24770,normal
24771,normal
24772,normal
24773,normal
24774,normal
24775,normal
24776,normal
24777,normal
24778,normal
24779,normal
24780,normal
24781,normal
24782,normal
24783,normal
24784,normal
24785,normal
24786,normal
24787,normal
24788,normal
24789,normal
24790,normal
24791,normal
24792,normal
24793,normal
24794,normal
24795,normal
24796,normal
24797,normal
24798,normal
24799,normal
24800,normal
24801,normal
24802,normal
24803,normal
24804,normal
24805,normal
24806,normal
24807,normal
24808,normal
24809,normal
24810,normal
24811,normal
24812,normal
24813,normal
24814,normal
24815,normal
24816,normal
24817,normal
24818,normal
24819,normal
24820,normal
24821,normal
24822,normal
24823,normal
24824,normal
24825,normal
24826,normal
24827,normal
24828,normal
24829,normal
24830,normal
24831,normal
24832,normal
24833,normal
24834,normal
24835,normal
24836,normal
24837,normal
24838,normal
24839,normal
24840,normal
24841,normal
24842,normal
24843,normal
24844,normal
24845,normal
24846,normal
24847,normal
24848,normal
24849,normal
24850,normal
24851,normal
24852,normal
24853,normal
24854,normal
24855,normal
24856,normal
24857,normal
24858,normal
24859,normal
24860,normal
24861,normal
24862,normal
24863,normal
24864,normal
24865,normal
24866,normal
24867,normal
24868,normal
24869,normal
24870,normal
24871,normal
24872,normal
24873,normal
24874,normal
24875,normal
24876,normal
24877,normal
24878,normal
24879,normal
24880,normal
24881,normal
24882,normal
24883,normal
24884,normal
24885,normal
24886,normal
24887,normal
24888,normal
24889,normal
24890,normal
24891,normal
24892,normal
24893,normal
24894,normal
24895,normal
24896,normal
24897,normal
24898,normal
24899,normal
24900,normal
24901,normal
24902,normal
24903,normal
24904,normal
24905,normal
24906,normal
24907,normal
24908,normal
24909,normal
24910,normal
24911,normal
24912,normal
24913,normal
24914,normal
24915,normal
24916,normal
24917,normal
24918,normal
24919,normal
24920,normal
24921,normal
24922,normal
24923,normal
24924,normal
24925,normal
24926,normal
24927,normal
24928,normal
24929,normal
24930,normal
24931,normal
24932,normal
24933,normal
24934,normal
24935,normal
24936,normal
24937,normal
24938,normal
24939,normal
24940,normal
24941,normal
24942,normal
24943,normal
24944,normal
24945,normal
24946,normal
24947,normal
24948,normal
24949,normal
24950,normal
24951,normal
24952,normal
24953,normal
24954,normal
24955,normal
24956,normal
24957,normal
24958,normal
24959,normal
24960,normal
24961,normal
24962,normal
24963,normal
24964,normal
24965,normal
24966,normal
24967,normal
24968,normal
24969,normal
24970,normal
24971,normal
24972,normal
24973,normal
24974,normal
24975,normal
24976,normal
24977,normal
24978,normal
24979,normal
24980,normal
24981,normal
24982,normal
24983,normal
24984,normal
24985,normal
24986,normal
24987,normal
24988,normal
24989,normal
24990,impossible_travel
24991,normal
24992,normal
24993,normal
24994,normal
24995,normal
24996,normal
24997,normal
24998,normal
24999,impossible_travel
25000,normal
25001,normal
25002,normal
25003,normal
25004,normal
25005,normal
25006,normal
25007,normal
25008,normal
25009,normal
25010,normal
25011,normal
25012,normal
25013,normal
25014,normal
25015,normal
25016,normal
25017,normal
25018,normal
25019,normal
25020,normal
25021,normal
25022,normal
25023,normal
25024,normal
25025,normal
25026,normal
25027,normal
25028,normal
25029,normal
25030,normal
25031,normal
25032,normal
25033,normal
25034,normal
25035,normal
25036,normal
25037,normal
25038,normal
25039,normal
25040,normal
25041,normal
25042,normal
25043,normal
25044,normal
25045,normal
25046,normal
25047,normal
25048,normal
25049,normal
25050,normal
25051,normal
25052,normal
25053,normal
25054,normal
25055,normal
25056,normal
25057,normal
25058,normal
25059,normal
25060,normal
25061,normal
25062,normal
25063,normal
25064,normal
25065,normal
25066,normal
25067,normal
25068,normal
25069,normal
25070,normal
25071,normal
25072,normal
25073,normal
25074,normal
25075,normal
25076,normal
25077,normal
25078,normal
25079,normal
25080,normal
25081,normal
25082,normal
25083,normal
25084,normal
25085,normal
25086,normal
25087,normal
25088,normal
25089,normal
25090,device_spoofing
25091,normal
25092,normal
25093,normal
25094,normal
25095,normal
25096,normal
25097,normal
25098,normal
25099,normal
25100,normal
25101,normal
25102,normal
25103,normal
25104,normal
25105,normal
25106,normal
25107,normal
25108,normal
25109,normal
25110,normal
25111,normal
25112,normal
25113,normal
25114,normal
25115,normal
25116,normal
25117,normal
25118,normal
25119,normal
25120,normal
25121,normal
25122,normal
25123,normal
25124,normal
25125,normal
25126,normal
25127,normal
25128,normal
25129,normal
25130,normal
25131,normal
25132,normal
25133,normal
25134,normal
25135,normal
25136,normal
25137,normal
25138,normal
25139,normal
25140,normal
25141,normal
25142,normal
25143,normal
25144,normal
25145,normal
25146,normal
25147,normal
25148,normal
25149,normal
25150,normal
25151,normal
25152,normal
25153,normal
25154,normal
25155,normal
25156,normal
25157,normal
25158,normal
25159,normal
25160,normal
25161,normal
25162,normal
25163,normal
25164,normal
25165,normal
25166,normal
25167,normal
25168,normal
25169,normal
25170,normal
25171,normal
25172,normal
25173,normal
25174,normal
25175,normal
25176,normal
25177,normal
25178,normal
25179,normal
25180,normal
25181,normal
25182,normal
25183,normal
25184,normal
25185,normal
25186,normal
25187,normal
25188,normal
25189,normal
25190,normal
25191,normal
25192,normal
25193,normal
25194,normal
25195,normal
25196,normal
25197,normal
25198,normal
25199,normal
25200,normal
25201,normal
25202,normal
25203,normal
25204,normal
25205,normal
25206,impossible_travel
25207,normal
25208,normal
25209,normal
25210,normal
25211,normal
25212,normal
25213,normal
25214,normal
25215,normal
25216,normal
25217,normal
25218,normal
25219,impossible_travel
25220,normal
25221,normal
25222,normal
25223,normal
25224,normal
25225,normal
25226,normal
25227,normal
25228,normal
25229,normal
25230,normal
25231,normal
25232,normal
25233,normal
25234,normal
25235,normal
25236,normal
25237,normal
25238,normal
25239,normal
25240,normal
25241,normal
25242,normal
25243,normal
25244,normal
25245,normal
25246,normal
25247,normal
25248,normal
25249,normal
25250,normal
25251,normal
25252,normal
25253,normal
25254,normal
25255,normal
25256,normal
25257,normal
25258,normal
25259,normal
25260,normal
25261,normal
25262,normal
25263,normal
25264,normal
25265,normal
25266,normal
25267,normal
25268,normal
25269,normal
25270,normal
25271,normal
25272,normal
25273,normal
25274,normal
25275,normal
25276,normal
25277,normal
25278,normal
25279,normal
25280,normal
25281,normal
25282,normal
25283,normal
25284,normal
25285,normal
25286,normal
25287,normal
25288,normal
25289,normal
25290,normal
25291,normal
25292,normal
25293,normal
25294,normal
25295,normal
25296,normal
25297,normal
25298,normal
25299,normal
25300,normal
25301,normal
25302,normal
25303,normal
25304,normal
25305,normal
25306,normal
25307,normal
25308,normal
25309,normal
25310,normal
25311,normal
25312,normal
25313,normal
25314,normal
25315,impossible_travel
25316,normal
25317,normal
25318,normal
25319,normal
25320,normal
25321,normal
25322,normal
25323,impossible_travel
25324,normal
25325,normal
25326,normal
25327,normal
25328,normal
25329,normal
25330,normal
25331,normal
25332,normal
25333,normal
25334,normal
25335,normal
25336,normal
25337,normal
25338,normal
25339,normal
25340,normal
25341,normal
25342,normal
25343,normal
25344,normal
25345,insider_drift
25346,normal
25347,normal
25348,normal
25349,normal
25350,normal
25351,normal
25352,normal
25353,normal
25354,normal
25355,normal
25356,normal
25357,normal
25358,normal
25359,normal
25360,normal
25361,low_and_slow_exfiltration
25362,normal
25363,normal
25364,normal
25365,normal
25366,insider_drift
25367,normal
25368,low_and_slow_exfiltration
25369,normal
25370,normal
25371,normal
25372,normal
25373,normal
25374,normal
25375,normal
25376,normal
25377,normal
25378,normal
25379,normal
25380,normal
25381,normal
25382,normal
25383,normal
25384,normal
25385,normal
25386,normal
25387,normal
25388,normal
25389,normal
25390,normal
25391,normal
25392,normal
25393,normal
25394,low_and_slow_exfiltration
25395,normal
25396,normal
25397,normal
25398,low_and_slow_exfiltration
25399,normal
25400,normal
25401,normal
25402,normal
25403,normal
25404,normal
25405,normal
25406,normal
25407,normal
25408,normal
25409,normal
25410,normal
25411,normal
25412,normal
25413,normal
25414,normal
25415,normal
25416,normal
25417,normal
25418,normal
25419,normal
25420,normal
25421,normal
25422,normal
25423,normal
25424,normal
25425,normal
25426,normal
25427,normal
25428,normal
25429,normal
25430,normal
25431,low_and_slow_exfiltration
25432,normal
25433,normal
25434,normal
25435,normal
25436,normal
25437,normal
25438,normal
25439,normal
25440,normal
25441,normal
25442,normal
25443,normal
25444,normal
25445,normal
25446,normal
25447,normal
25448,normal
25449,normal
25450,normal
25451,normal
25452,normal
25453,normal
25454,normal
25455,normal
25456,normal
25457,normal
25458,normal
25459,normal
25460,normal
25461,normal
25462,normal
25463,normal
25464,normal
25465,normal
25466,normal
25467,normal
25468,normal
25469,normal
25470,normal
25471,normal
25472,normal
25473,normal
25474,normal
25475,normal
25476,normal
25477,normal
25478,normal
25479,normal
25480,normal
25481,normal
25482,normal
25483,normal
25484,normal
25485,normal
25486,normal
25487,normal
25488,normal
25489,normal
25490,normal
25491,normal
25492,normal
25493,normal
25494,normal
25495,normal
25496,normal
25497,normal
25498,normal
25499,normal
25500,normal
25501,normal
25502,normal
25503,normal
25504,normal
25505,normal
25506,normal
25507,normal
25508,normal
25509,normal
25510,normal
25511,normal
25512,normal
25513,normal
25514,normal
25515,normal
25516,normal
25517,normal
25518,normal
25519,normal
25520,normal
25521,normal
25522,normal
25523,normal
25524,normal
25525,normal
25526,normal
25527,normal
25528,normal
25529,normal
25530,normal
25531,normal
25532,normal
25533,normal
25534,normal
25535,normal
25536,normal
25537,normal
25538,normal
25539,normal
25540,normal
25541,normal
25542,normal
25543,normal
25544,normal
25545,normal
25546,normal
25547,normal
25548,normal
25549,normal
25550,normal
25551,normal
25552,normal
25553,normal
25554,normal
25555,normal
25556,normal
25557,normal
25558,normal
25559,normal
25560,normal
25561,normal
25562,normal
25563,normal
25564,normal
25565,normal
25566,normal
25567,normal
25568,normal
25569,normal
25570,normal
25571,normal
25572,normal
25573,normal
25574,normal
25575,normal
25576,normal
25577,normal
25578,normal
25579,normal
25580,normal
25581,normal
25582,normal
25583,normal
25584,normal
25585,normal
25586,normal
25587,normal
25588,normal
25589,normal
25590,normal
25591,normal
25592,normal
25593,normal
25594,normal
25595,normal
25596,normal
25597,normal
25598,normal
25599,normal
25600,normal
25601,normal
25602,normal
25603,normal
25604,normal
25605,normal
25606,normal
25607,normal
25608,normal
25609,normal
25610,normal
25611,normal
25612,normal
25613,normal
25614,normal
25615,normal
25616,normal
25617,normal
25618,normal
25619,normal
25620,normal
25621,normal
25622,normal
25623,normal
25624,normal
25625,normal
25626,normal
25627,normal
25628,normal
25629,normal
25630,normal
25631,normal
25632,normal
25633,normal
25634,normal
25635,normal
25636,normal
25637,normal
25638,normal
25639,normal
25640,normal
25641,normal
25642,normal
25643,normal
25644,normal
25645,normal
25646,normal
25647,normal
25648,normal
25649,normal
25650,normal
25651,normal
25652,normal
25653,normal
25654,normal
25655,normal
25656,normal
25657,normal
25658,normal
25659,normal
25660,normal
25661,normal
25662,normal
25663,normal
25664,normal
25665,normal
25666,normal
25667,normal
25668,normal
25669,normal
25670,normal
25671,normal
25672,normal
25673,normal
25674,normal
25675,normal
25676,normal
25677,normal
25678,normal
25679,normal
25680,normal
25681,normal
25682,normal
25683,normal
25684,normal
25685,normal
25686,normal
25687,normal
25688,normal
25689,normal
25690,normal
25691,normal
25692,normal
25693,normal
25694,normal
25695,normal
25696,normal
25697,normal
25698,normal
25699,normal
25700,normal
25701,normal
25702,normal
25703,normal
25704,normal
25705,normal
25706,normal
25707,normal
25708,normal
25709,normal
25710,normal
25711,normal
25712,normal
25713,normal
25714,normal
25715,normal
25716,normal
25717,normal
25718,normal
25719,normal
25720,normal
25721,normal
25722,normal
25723,normal
25724,normal
25725,normal
25726,normal
25727,normal
25728,normal
25729,normal
25730,normal
25731,normal
25732,normal
25733,normal
25734,normal
25735,normal
25736,normal
25737,normal
25738,normal
25739,normal
25740,normal
25741,normal
25742,normal
25743,normal
25744,normal
25745,normal
25746,normal
25747,normal
25748,normal
25749,normal
25750,normal
25751,normal
25752,normal
25753,normal
25754,normal
25755,normal
25756,normal
25757,normal
25758,normal
25759,normal
25760,normal
25761,normal
25762,normal
25763,normal
25764,normal
25765,normal
25766,normal
25767,normal
25768,normal
25769,normal
25770,normal
25771,normal
25772,normal
25773,normal
25774,normal
25775,normal
25776,normal
25777,normal
25778,normal
25779,normal
25780,normal
25781,normal
25782,normal
25783,normal
25784,normal
25785,normal
25786,normal
25787,normal
25788,normal
25789,normal
25790,normal
25791,normal
25792,normal
25793,normal
25794,normal
25795,normal
25796,normal
25797,normal
25798,normal
25799,normal
25800,normal
25801,normal
25802,normal
25803,normal
25804,normal
25805,normal
25806,normal
25807,impossible_travel
25808,normal
25809,normal
25810,normal
25811,normal
25812,normal
25813,normal
25814,normal
25815,normal
25816,normal
25817,normal
25818,normal
25819,normal
25820,normal
25821,normal
25822,normal
25823,normal
25824,normal
25825,normal
25826,impossible_travel
25827,normal
25828,normal
25829,normal
25830,normal
25831,normal
25832,normal
25833,normal
25834,normal
25835,normal
25836,normal
25837,normal
25838,normal
25839,normal
25840,normal
25841,normal
25842,normal
25843,normal
25844,normal
25845,normal
25846,normal
25847,normal
25848,normal
25849,normal
25850,normal
25851,normal
25852,normal
25853,normal
25854,normal
25855,normal
25856,normal
25857,normal
25858,normal
25859,normal
25860,normal
25861,normal
25862,normal
25863,normal
25864,normal
25865,normal
25866,normal
25867,normal
25868,normal
25869,normal
25870,normal
25871,normal
25872,normal
25873,normal
25874,normal
25875,normal
25876,normal
25877,normal
25878,normal
25879,normal
25880,normal
25881,normal
25882,normal
25883,normal
25884,normal
25885,normal
25886,normal
25887,normal
25888,normal
25889,normal
25890,normal
25891,normal
25892,normal
25893,normal
25894,normal
25895,normal
25896,normal
25897,normal
25898,normal
25899,normal
25900,normal
25901,normal
25902,normal
25903,normal
25904,normal
25905,normal
25906,normal
25907,normal
25908,normal
25909,normal
25910,normal
25911,normal
25912,normal
25913,normal
25914,normal
25915,normal
25916,normal
25917,normal
25918,normal
25919,normal
25920,normal
25921,normal
25922,normal
25923,normal
25924,normal
25925,normal
25926,normal
25927,normal
25928,normal
25929,normal
25930,normal
25931,normal
25932,normal
25933,normal
25934,normal
25935,normal
25936,normal
25937,normal
25938,normal
25939,normal
25940,normal
25941,normal
25942,normal
25943,normal
25944,normal
25945,normal
25946,normal
25947,normal
25948,normal
25949,normal
25950,normal
25951,normal
25952,normal
25953,normal
25954,normal
25955,normal
25956,normal
25957,normal
25958,normal
25959,normal
25960,normal
25961,normal
25962,normal
25963,normal
25964,normal
25965,normal
25966,normal
25967,normal
25968,normal
25969,normal
25970,normal
25971,normal
25972,normal
25973,normal
25974,normal
25975,normal
25976,normal
25977,normal
25978,normal
25979,normal
25980,normal
25981,normal
25982,normal
25983,normal
25984,normal
25985,normal
25986,normal
25987,normal
25988,normal
25989,normal
25990,normal
25991,normal
25992,normal
25993,normal
25994,normal
25995,normal
25996,normal
25997,normal
25998,normal
25999,normal
26000,normal
26001,normal
26002,normal
26003,normal
26004,normal
26005,normal
26006,normal
26007,normal
26008,normal
26009,normal
26010,normal
26011,normal
26012,normal
26013,normal
26014,normal
26015,normal
26016,normal
26017,normal
26018,normal
26019,normal
26020,normal
26021,normal
26022,normal
26023,normal
26024,normal
26025,normal
26026,normal
26027,normal
26028,normal
26029,normal
26030,normal
26031,normal
26032,normal
26033,normal
26034,normal
26035,normal
26036,normal
26037,normal
26038,normal
26039,normal
26040,normal
26041,normal
26042,normal
26043,normal
26044,normal
26045,normal
26046,normal
26047,normal
26048,normal
26049,normal
26050,normal
26051,normal
26052,normal
26053,normal
26054,normal
26055,normal
26056,normal
26057,normal
26058,normal
26059,normal
26060,normal
26061,normal
26062,normal
26063,normal
26064,normal
26065,normal
26066,normal
26067,normal
26068,normal
26069,normal
26070,normal
26071,normal
26072,normal
26073,normal
26074,normal
26075,normal
26076,normal
26077,normal
26078,normal
26079,normal
26080,normal
26081,normal
26082,normal
26083,normal
26084,normal
26085,normal
26086,normal
26087,normal
26088,normal
26089,normal
26090,normal
26091,normal
26092,normal
26093,normal
26094,normal
26095,normal
26096,normal
26097,normal
26098,normal
26099,normal
26100,normal
26101,normal
26102,device_spoofing
26103,normal
26104,normal
26105,normal
26106,normal
26107,normal
26108,normal
26109,normal
26110,normal
26111,normal
26112,normal
26113,normal
26114,normal
26115,normal
26116,normal
26117,normal
26118,normal
26119,normal
26120,normal
26121,normal
26122,normal
26123,normal
26124,normal
26125,normal
26126,normal
26127,normal
26128,normal
26129,normal
26130,normal
26131,normal
26132,normal
26133,normal
26134,normal
26135,normal
26136,normal
26137,normal
26138,normal
26139,normal
26140,normal
26141,normal
26142,normal
26143,normal
26144,normal
26145,normal
26146,normal
26147,normal
26148,normal
26149,normal
26150,normal
26151,normal
26152,normal
26153,normal
26154,normal
26155,normal
26156,normal
26157,normal
26158,normal
26159,normal
26160,normal
26161,normal
26162,normal
26163,normal
26164,normal
26165,normal
26166,normal
26167,normal
26168,normal
26169,normal
26170,normal
26171,normal
26172,normal
26173,normal
26174,normal
26175,normal
26176,normal
26177,normal
26178,normal
26179,normal
26180,normal
26181,normal
26182,normal
26183,normal
26184,normal
26185,normal
26186,normal
26187,normal
26188,normal
26189,normal
26190,normal
26191,normal
26192,normal
26193,normal
26194,normal
26195,normal
26196,normal
26197,normal
26198,normal
26199,normal
26200,normal
26201,normal
26202,normal
26203,normal
26204,normal
26205,normal
26206,normal
26207,normal
26208,normal
26209,normal
26210,normal
26211,normal
26212,normal
26213,normal
26214,normal
26215,normal
26216,normal
26217,normal
26218,normal
26219,normal
26220,normal
26221,normal
26222,normal
26223,normal
26224,normal
26225,normal
26226,normal
26227,normal
26228,normal
26229,normal
26230,normal
26231,normal
26232,normal
26233,normal
26234,normal
26235,normal
26236,normal
26237,normal
26238,normal
26239,normal
26240,normal
26241,normal
26242,normal
26243,normal
26244,normal
26245,normal
26246,normal
26247,normal
26248,normal
26249,normal
26250,normal
26251,normal
26252,normal
26253,normal
26254,normal
26255,normal
26256,normal
26257,normal
26258,normal
26259,brute_force
26260,normal
26261,brute_force
26262,brute_force
26263,brute_force
26264,brute_force
26265,brute_force
26266,brute_force
26267,brute_force
26268,brute_force
26269,brute_force
26270,brute_force
26271,brute_force
26272,brute_force
26273,brute_force
26274,brute_force
26275,brute_force
26276,brute_force
26277,brute_force
26278,brute_force
26279,brute_force
26280,brute_force
26281,brute_force
26282,brute_force
26283,brute_force
26284,brute_force
26285,brute_force
26286,brute_force
26287,brute_force
26288,brute_force
26289,brute_force
26290,brute_force
26291,brute_force
26292,brute_force
26293,brute_force
26294,brute_force
26295,brute_force
26296,brute_force
26297,normal
26298,brute_force
26299,brute_force
26300,brute_force
26301,brute_force
26302,brute_force
26303,brute_force
26304,normal
26305,normal
26306,normal
26307,normal
26308,normal
26309,normal
26310,normal
26311,normal
26312,normal
26313,normal
26314,normal
26315,normal
26316,normal
26317,normal
26318,normal
26319,normal
26320,normal
26321,normal
26322,normal
26323,normal
26324,normal
26325,normal
26326,normal
26327,normal
26328,normal
26329,normal
26330,normal
26331,normal
26332,normal
26333,normal
26334,normal
26335,normal
26336,normal
26337,normal
26338,normal
26339,normal
26340,normal
26341,normal
26342,normal
26343,normal
26344,normal
26345,normal
26346,normal
26347,normal
26348,normal
26349,normal
26350,normal
26351,normal
26352,normal
26353,normal
26354,normal
26355,normal
26356,normal
26357,normal
26358,normal
26359,normal
26360,normal
26361,normal
26362,normal
26363,normal
26364,normal
26365,normal
26366,normal
26367,normal
26368,normal
26369,normal
26370,normal
26371,normal
26372,normal
26373,normal
26374,normal
26375,normal
26376,normal
26377,normal
26378,normal
26379,normal
26380,normal
26381,normal
26382,normal
26383,normal
26384,normal
26385,normal
26386,normal
26387,normal
26388,normal
26389,normal
26390,normal
26391,normal
26392,normal
26393,normal
26394,normal
26395,normal
26396,normal
26397,normal
26398,normal
26399,normal
26400,normal
26401,normal
26402,normal
26403,normal
26404,normal
26405,normal
26406,normal
26407,normal
26408,normal
26409,normal
26410,normal
26411,normal
26412,normal
26413,insider_drift
26414,normal
26415,normal
26416,normal
26417,normal
26418,normal
26419,normal
26420,normal
26421,normal
26422,normal
26423,normal
26424,normal
26425,normal
26426,normal
26427,normal
26428,normal
26429,normal
26430,normal
26431,normal
26432,normal
26433,normal
26434,normal
26435,normal
26436,normal
26437,normal
26438,normal
26439,normal
26440,normal
26441,normal
26442,normal
26443,normal
26444,normal
26445,normal
26446,normal
26447,normal
26448,normal
26449,normal
26450,normal
26451,impossible_travel
26452,impossible_travel
26453,normal
26454,normal
26455,normal
26456,normal
26457,low_and_slow_exfiltration
26458,normal
26459,impossible_travel
26460,normal
26461,normal
26462,impossible_travel
26463,normal
26464,normal
26465,normal
26466,normal
26467,normal
26468,normal
26469,normal
26470,low_and_slow_exfiltration
26471,normal
26472,normal
26473,normal
26474,normal
26475,normal
26476,normal
26477,normal
26478,normal
26479,normal
26480,normal
26481,normal
26482,normal
26483,normal
26484,normal
26485,normal
26486,low_and_slow_exfiltration
26487,normal
26488,normal
26489,device_spoofing
26490,normal
26491,normal
26492,normal
26493,normal
26494,normal
26495,normal
26496,normal
26497,normal
26498,normal
26499,normal
26500,normal
26501,normal
26502,normal
26503,normal
26504,normal
26505,normal
26506,normal
26507,normal
26508,normal
26509,normal
26510,normal
26511,normal
26512,normal
26513,normal
26514,normal
26515,normal
26516,normal
26517,normal
26518,normal
26519,normal
26520,normal
26521,normal
26522,normal
26523,normal
26524,normal
26525,normal
26526,normal
26527,insider_drift
26528,normal
26529,normal
26530,normal
26531,normal
26532,normal
26533,normal
26534,normal
26535,normal
26536,normal
26537,normal
26538,normal
26539,normal
26540,normal
26541,normal
26542,normal
26543,normal
26544,normal
26545,normal
26546,normal
26547,device_spoofing
26548,normal
26549,normal
26550,normal
26551,normal
26552,normal
26553,normal
26554,normal
26555,normal
26556,normal
26557,normal
26558,normal
26559,normal
26560,normal
26561,normal
26562,normal
26563,normal
26564,normal
26565,normal
26566,normal
26567,normal
26568,normal
26569,normal
26570,normal
26571,normal
26572,normal
26573,normal
26574,normal
26575,normal
26576,normal
26577,normal
26578,normal
26579,normal
26580,normal
26581,normal
26582,normal
26583,normal
26584,normal
26585,normal
26586,normal
26587,normal
26588,normal
26589,normal
26590,normal
26591,normal
26592,normal
26593,normal
26594,normal
26595,normal
26596,normal
26597,normal
26598,normal
26599,normal
26600,normal
26601,normal
26602,normal
26603,normal
26604,normal
26605,normal
26606,normal
26607,normal
26608,normal
26609,normal
26610,normal
26611,normal
26612,normal
26613,normal
26614,normal
26615,normal
26616,normal
26617,normal
26618,normal
26619,normal
26620,normal
26621,normal
26622,normal
26623,normal
26624,normal
26625,normal
26626,normal
26627,normal
26628,normal
26629,normal
26630,normal
26631,normal
26632,normal
26633,normal
26634,normal
26635,normal
26636,normal
26637,normal
26638,normal
26639,normal
26640,normal
26641,normal
26642,normal
26643,normal
26644,normal
26645,normal
26646,normal
26647,normal
26648,normal
26649,normal
26650,normal
26651,normal
26652,normal
26653,normal
26654,normal
26655,normal
26656,normal
26657,normal
26658,normal
26659,normal
26660,normal
26661,normal
26662,normal
26663,normal
26664,normal
26665,normal
26666,normal
26667,normal
26668,normal
26669,normal
26670,normal
26671,normal
26672,normal
26673,normal
26674,normal
26675,normal
26676,normal
26677,normal
26678,normal
26679,normal
26680,normal
26681,normal
26682,normal
26683,normal
26684,normal
26685,normal
26686,normal
26687,normal
26688,normal
26689,normal
26690,normal
26691,normal
26692,normal
26693,normal
26694,normal
26695,normal
26696,normal
26697,normal
26698,normal
26699,normal
26700,normal
26701,normal
26702,normal
26703,normal
26704,normal
26705,normal
26706,normal
26707,normal
26708,normal
26709,normal
26710,normal
26711,normal
26712,normal
26713,normal
26714,normal
26715,normal
26716,normal
26717,normal
26718,normal
26719,normal
26720,normal
26721,normal
26722,normal
26723,normal
26724,normal
26725,normal
26726,normal
26727,normal
26728,normal
26729,normal
26730,normal
26731,normal
26732,normal
26733,normal
26734,normal
26735,normal
26736,normal
26737,normal
26738,normal
26739,normal
26740,normal
26741,normal
26742,normal
26743,normal
26744,normal
26745,normal
26746,normal
26747,normal
26748,normal
26749,normal
26750,normal
26751,normal
26752,normal
26753,normal
26754,normal
26755,normal
26756,normal
26757,normal
26758,normal
26759,normal
26760,normal
26761,normal
26762,normal
26763,normal
26764,normal
26765,normal
26766,normal
26767,normal
26768,normal
26769,normal
26770,normal
26771,normal
26772,normal
26773,normal
26774,normal
26775,normal
26776,normal
26777,normal
26778,normal
26779,normal
26780,normal
26781,normal
26782,normal
26783,normal
26784,normal
26785,normal
26786,normal
26787,normal
26788,normal
26789,normal
26790,normal
26791,normal
26792,normal
26793,normal
26794,normal
26795,normal
26796,normal
26797,normal
26798,normal
26799,normal
26800,normal
26801,normal
26802,normal
26803,normal
26804,normal
26805,normal
26806,normal
26807,normal
26808,normal
26809,normal
26810,normal
26811,normal
26812,normal
26813,normal
26814,normal
26815,normal
26816,normal
26817,normal
26818,normal
26819,normal
26820,normal
26821,normal
26822,normal
26823,normal
26824,normal
26825,normal
26826,normal
26827,normal
26828,normal
26829,normal
26830,normal
26831,normal
26832,normal
26833,normal
26834,normal
26835,normal
26836,normal
26837,normal
26838,normal
26839,normal
26840,normal
26841,normal
26842,normal
26843,normal
26844,normal
26845,normal
26846,normal
26847,normal
26848,normal
26849,normal
26850,normal
26851,normal
26852,normal
26853,normal
26854,normal
26855,normal
26856,normal
26857,normal
26858,normal
26859,normal
26860,normal
26861,normal
26862,normal
26863,normal
26864,normal
26865,normal
26866,normal
26867,normal
26868,normal
26869,normal
26870,normal
26871,normal
26872,normal
26873,normal
26874,normal
26875,normal
26876,normal
26877,normal
26878,normal
26879,normal
26880,normal
26881,normal
26882,normal
26883,normal
26884,normal
26885,normal
26886,normal
26887,normal
26888,normal
26889,normal
26890,normal
26891,normal
26892,normal
26893,normal
26894,normal
26895,normal
26896,normal
26897,normal
26898,normal
26899,device_spoofing
26900,normal
26901,normal
26902,normal
26903,normal
26904,normal
26905,normal
26906,normal
26907,normal
26908,normal
26909,normal
26910,normal
26911,normal
26912,normal
26913,normal
26914,normal
26915,normal
26916,normal
26917,normal
26918,normal
26919,normal
26920,normal
26921,normal
26922,normal
26923,normal
26924,normal
26925,normal
26926,normal
26927,normal
26928,normal
26929,normal
26930,normal
26931,normal
26932,normal
26933,normal
26934,normal
26935,normal
26936,normal
26937,normal
26938,normal
26939,normal
26940,normal
26941,normal
26942,normal
26943,normal
26944,normal
26945,normal
26946,normal
26947,normal
26948,normal
26949,normal
26950,normal
26951,normal
26952,normal
26953,normal
26954,normal
26955,normal
26956,normal
26957,normal
26958,normal
26959,normal
26960,normal
26961,normal
26962,normal
26963,normal
26964,normal
26965,normal
26966,normal
26967,normal
26968,normal
26969,normal
26970,normal
26971,normal
26972,normal
26973,normal
26974,normal
26975,normal
26976,normal
26977,normal
26978,normal
26979,normal
26980,normal
26981,normal
26982,normal
26983,normal
26984,normal
26985,normal
26986,normal
26987,normal
26988,normal
26989,normal
26990,normal
26991,normal
26992,normal
26993,normal
26994,normal
26995,normal
26996,normal
26997,normal
26998,normal
26999,normal
27000,normal
27001,normal
27002,normal
27003,normal
27004,normal
27005,normal
27006,normal
27007,normal
27008,normal
27009,normal
27010,normal
27011,normal
27012,normal
27013,normal
27014,normal
27015,normal
27016,normal
27017,normal
27018,normal
27019,normal
27020,normal
27021,normal
27022,normal
27023,normal
27024,normal
27025,normal
27026,normal
27027,normal
27028,normal
27029,normal
27030,normal
27031,normal
27032,normal
27033,normal
27034,normal
27035,normal
27036,normal
27037,normal
27038,normal
27039,normal
27040,normal
27041,normal
27042,normal
27043,normal
27044,normal
27045,normal
27046,normal
27047,normal
27048,normal
27049,normal
27050,normal
27051,normal
27052,normal
27053,normal
27054,normal
27055,normal
27056,normal
27057,normal
27058,normal
27059,normal
27060,normal
27061,normal
27062,normal
27063,normal
27064,normal
27065,normal
27066,normal
27067,normal
27068,normal
27069,normal
27070,normal
27071,normal
27072,normal
27073,normal
27074,normal
27075,normal
27076,normal
27077,normal
27078,normal
27079,normal
27080,normal
27081,normal
27082,normal
27083,normal
27084,normal
27085,normal
27086,normal
27087,normal
27088,normal
27089,normal
27090,normal
27091,normal
27092,normal
27093,normal
27094,normal
27095,normal
27096,normal
27097,normal
27098,normal
27099,normal
27100,normal
27101,normal
27102,normal
27103,normal
27104,normal
27105,normal
27106,normal
27107,normal
27108,normal
27109,normal
27110,normal
27111,normal
27112,normal
27113,normal
27114,normal
27115,normal
27116,normal
27117,normal
27118,normal
27119,normal
27120,normal
27121,normal
27122,normal
27123,normal
27124,normal
27125,normal
27126,normal
27127,normal
27128,normal
27129,normal
27130,normal
27131,normal
27132,normal
27133,normal
27134,normal
27135,normal
27136,normal
27137,normal
27138,normal
27139,normal
27140,normal
27141,normal
27142,normal
27143,normal
27144,normal
27145,normal
27146,normal
27147,normal
27148,normal
27149,normal
27150,normal
27151,normal
27152,normal
27153,normal
27154,normal
27155,normal
27156,normal
27157,normal
27158,normal
27159,normal
27160,normal
27161,normal
27162,normal
27163,normal
27164,normal
27165,normal
27166,normal
27167,normal
27168,normal
27169,normal
27170,normal
27171,normal
27172,normal
27173,normal
27174,normal
27175,normal
27176,normal
27177,normal
27178,normal
27179,normal
27180,normal
27181,normal
27182,normal
27183,normal
27184,normal
27185,normal
27186,normal
27187,normal
27188,normal
27189,normal
27190,normal
27191,normal
27192,normal
27193,normal
27194,normal
27195,normal
27196,normal
27197,normal
27198,normal
27199,normal
27200,normal
27201,normal
27202,normal
27203,normal
27204,normal
27205,normal
27206,normal
27207,normal
27208,normal
27209,normal
27210,normal
27211,normal
27212,normal
27213,normal
27214,normal
27215,normal
27216,normal
27217,normal
27218,normal
27219,normal
27220,normal
27221,normal
27222,normal
27223,normal
27224,normal
27225,normal
27226,normal
27227,normal
27228,normal
27229,normal
27230,normal
27231,normal
27232,normal
27233,normal
27234,normal
27235,normal
27236,insider_drift
27237,normal
27238,normal
27239,normal
27240,normal
27241,normal
27242,normal
27243,normal
27244,normal
27245,normal
27246,normal
27247,normal
27248,normal
27249,normal
27250,normal
27251,normal
27252,normal
27253,normal
27254,normal
27255,normal
27256,normal
27257,normal
27258,normal
27259,normal
27260,normal
27261,normal
27262,normal
27263,normal
27264,normal
27265,normal
27266,normal
27267,normal
27268,normal
27269,normal
27270,normal
27271,normal
27272,normal
27273,normal
27274,normal
27275,normal
27276,normal
27277,normal
27278,normal
27279,normal
27280,normal
27281,normal
27282,normal
27283,normal
27284,normal
27285,normal
27286,normal
27287,normal
27288,normal
27289,normal
27290,normal
27291,device_spoofing
27292,normal
27293,normal
27294,normal
27295,normal
27296,normal
27297,normal
27298,normal
27299,normal
27300,normal
27301,normal
27302,normal
27303,normal
27304,normal
27305,normal
27306,normal
27307,normal
27308,normal
27309,normal
27310,normal
27311,normal
27312,normal
27313,normal
27314,normal
27315,normal
27316,normal
27317,normal
27318,normal
27319,normal
27320,normal
27321,normal
27322,normal
27323,normal
27324,normal
27325,normal
27326,normal
27327,normal
27328,normal
27329,normal
27330,normal
27331,normal
27332,normal
27333,normal
27334,normal
27335,normal
27336,normal
27337,normal
27338,normal
27339,normal
27340,normal
27341,normal
27342,normal
27343,normal
27344,normal
27345,normal
27346,normal
27347,normal
27348,normal
27349,normal
27350,normal
27351,normal
27352,normal
27353,normal
27354,normal
27355,normal
27356,normal
27357,normal
27358,normal
27359,normal
27360,normal
27361,normal
27362,normal
27363,normal
27364,normal
27365,normal
27366,normal
27367,normal
27368,normal
27369,normal
27370,normal
27371,normal
27372,normal
27373,normal
27374,normal
27375,normal
27376,normal
27377,normal
27378,normal
27379,normal
27380,normal
27381,normal
27382,normal
27383,normal
27384,normal
27385,normal
27386,normal
27387,normal
27388,normal
27389,normal
27390,normal
27391,normal
27392,normal
27393,normal
27394,normal
27395,normal
27396,normal
27397,normal
27398,normal
27399,normal
27400,normal
27401,normal
27402,normal
27403,normal
27404,normal
27405,normal
27406,normal
27407,normal
27408,normal
27409,normal
27410,normal
27411,normal
27412,normal
27413,normal
27414,normal
27415,normal
27416,normal
27417,normal
27418,normal
27419,normal
27420,normal
27421,normal
27422,normal
27423,normal
27424,normal
27425,normal
27426,normal
27427,normal
27428,normal
27429,normal
27430,normal
27431,normal
27432,normal
27433,normal
27434,normal
27435,normal
27436,normal
27437,normal
27438,normal
27439,normal
27440,normal
27441,normal
27442,normal
27443,normal
27444,normal
27445,normal
27446,normal
27447,normal
27448,normal
27449,normal
27450,normal
27451,normal
27452,normal
27453,normal
27454,normal
27455,normal
27456,normal
27457,normal
27458,low_and_slow_exfiltration
27459,normal
27460,normal
27461,normal
27462,normal
27463,normal
27464,normal
27465,normal
27466,normal
27467,normal
27468,normal
27469,normal
27470,low_and_slow_exfiltration
27471,normal
27472,normal
27473,normal
27474,normal
27475,normal
27476,normal
27477,normal
27478,normal
27479,normal
27480,normal
27481,normal
27482,normal
27483,normal
27484,normal
27485,normal
27486,normal
27487,normal
27488,normal
27489,normal
27490,normal
27491,normal
27492,normal
27493,normal
27494,low_and_slow_exfiltration
27495,normal
27496,normal
27497,normal
27498,normal
27499,normal
27500,normal
27501,normal
27502,normal
27503,normal
27504,normal
27505,normal
27506,normal
27507,normal
27508,normal
27509,normal
27510,normal
27511,normal
27512,normal
27513,normal
27514,normal
27515,normal
27516,normal
27517,normal
27518,normal
27519,normal
27520,normal
27521,normal
27522,normal
27523,normal
27524,normal
27525,normal
27526,normal
27527,normal
27528,normal
27529,normal
27530,normal
27531,normal
27532,normal
27533,normal
27534,normal
27535,normal
27536,normal
27537,normal
27538,normal
27539,normal
27540,normal
27541,normal
27542,normal
27543,normal
27544,normal
27545,normal
27546,normal
27547,normal
27548,normal
27549,normal
27550,normal
27551,normal
27552,normal
27553,normal
27554,normal
27555,normal
27556,normal
27557,normal
27558,normal
27559,normal
27560,normal
27561,normal
27562,normal
27563,normal
27564,normal
27565,normal
27566,normal
27567,normal
27568,normal
27569,normal
27570,normal
27571,normal
27572,normal
27573,normal
27574,normal
27575,normal
27576,normal
27577,normal
27578,normal
27579,normal
27580,normal
27581,normal
27582,normal
27583,normal
27584,normal
27585,normal
27586,normal
27587,normal
27588,normal
27589,normal
27590,normal
27591,normal
27592,normal
27593,normal
27594,normal
27595,normal
27596,normal
27597,normal
27598,normal
27599,normal
27600,normal
27601,normal
27602,normal
27603,normal
27604,normal
27605,normal
27606,normal
27607,normal
27608,normal
27609,normal
27610,normal
27611,normal
27612,normal
27613,normal
27614,normal
27615,normal
27616,normal
27617,normal
27618,normal
27619,normal
27620,normal
27621,normal
27622,normal
27623,normal
27624,normal
27625,normal
27626,normal
27627,normal
27628,normal
27629,normal
27630,normal
27631,normal
27632,normal
27633,normal
27634,normal
27635,normal
27636,normal
27637,normal
27638,normal
27639,normal
27640,normal
27641,normal
27642,normal
27643,normal
27644,normal
27645,normal
27646,normal
27647,normal
27648,normal
27649,normal
27650,normal
27651,normal
27652,normal
27653,normal
27654,normal
27655,normal
27656,normal
27657,normal
27658,normal
27659,normal
27660,normal
27661,normal
27662,normal
27663,normal
27664,normal
27665,normal
27666,normal
27667,normal
27668,normal
27669,normal
27670,normal
27671,normal
27672,normal
27673,normal
27674,normal
27675,normal
27676,normal
27677,normal
27678,normal
27679,normal
27680,normal
27681,normal
27682,normal
27683,normal
27684,normal
27685,normal
27686,normal
27687,normal
27688,normal
27689,normal
27690,normal
27691,normal
27692,normal
27693,normal
27694,normal
27695,normal
27696,normal
27697,normal
27698,normal
27699,normal
27700,normal
27701,normal
27702,normal
27703,normal
27704,normal
27705,normal
27706,normal
27707,normal
27708,normal
27709,normal
27710,normal
27711,normal
27712,normal
27713,normal
27714,normal
27715,normal
27716,normal
27717,normal
27718,normal
27719,normal
27720,normal
27721,normal
27722,normal
27723,normal
27724,normal
27725,normal
27726,normal
27727,normal
27728,normal
27729,normal
27730,normal
27731,normal
27732,normal
27733,normal
27734,normal
27735,impossible_travel
27736,normal
27737,normal
27738,normal
27739,normal
27740,normal
27741,normal
27742,normal
27743,normal
27744,normal
27745,normal
27746,normal
27747,normal
27748,normal
27749,normal
27750,normal
27751,normal
27752,normal
27753,impossible_travel
27754,normal
27755,normal
27756,normal
27757,normal
27758,normal
27759,normal
27760,normal
27761,normal
27762,normal
27763,normal
27764,normal
27765,normal
27766,normal
27767,normal
27768,normal
27769,normal
27770,normal
27771,normal
27772,normal
27773,normal
27774,normal
27775,normal
27776,normal
27777,normal
27778,normal
27779,normal
27780,normal
27781,normal
27782,normal
27783,normal
27784,normal
27785,normal
27786,normal
27787,normal
27788,normal
27789,normal
27790,normal
27791,normal
27792,normal
27793,normal
27794,normal
27795,normal
27796,normal
27797,normal
27798,normal
27799,normal
27800,normal
27801,normal
27802,normal
27803,normal
27804,normal
27805,normal
27806,normal
27807,normal
27808,normal
27809,normal
27810,normal
27811,normal
27812,normal
27813,normal
27814,normal
27815,normal
27816,normal
27817,normal
27818,normal
27819,normal
27820,normal
27821,normal
27822,normal
27823,normal
27824,normal
27825,normal
27826,normal
27827,normal
27828,normal
27829,normal
27830,normal
27831,normal
27832,normal
27833,normal
27834,normal
27835,normal
27836,normal
27837,normal
27838,normal
27839,normal
27840,normal
27841,normal
27842,normal
27843,normal
27844,normal
27845,normal
27846,normal
27847,normal
27848,normal
27849,normal
27850,normal
27851,normal
27852,normal
27853,normal
27854,normal
27855,normal
27856,normal
27857,normal
27858,normal
27859,normal
27860,normal
27861,normal
27862,normal
27863,normal
27864,normal
27865,normal
27866,normal
27867,normal
27868,normal
27869,normal
27870,normal
27871,normal
27872,normal
27873,normal
27874,normal
27875,normal
27876,normal
27877,normal
27878,normal
27879,normal
27880,normal
27881,normal
27882,normal
27883,normal
27884,normal
27885,normal
27886,normal
27887,normal
27888,normal
27889,normal
27890,normal
27891,normal
27892,normal
27893,normal
27894,normal
27895,normal
27896,normal
27897,normal
27898,normal
27899,normal
27900,normal
27901,normal
27902,normal
27903,normal
27904,normal
27905,normal
27906,normal
27907,normal
27908,normal
27909,normal
27910,normal
27911,normal
27912,normal
27913,normal
27914,normal
27915,normal
27916,normal
27917,normal
27918,normal
27919,normal
27920,normal
27921,normal
27922,normal
27923,normal
27924,normal
27925,normal
27926,normal
27927,normal
27928,normal
27929,normal
27930,normal
27931,normal
27932,normal
27933,normal
27934,normal
27935,normal
27936,normal
27937,normal
27938,normal
27939,normal
27940,normal
27941,normal
27942,normal
27943,normal
27944,normal
27945,impossible_travel
27946,normal
27947,normal
27948,normal
27949,normal
27950,normal
27951,normal
27952,impossible_travel
27953,normal
27954,normal
27955,normal
27956,normal
27957,normal
27958,normal
27959,normal
27960,normal
27961,normal
27962,normal
27963,normal
27964,normal
27965,normal
27966,normal
27967,normal
27968,normal
27969,normal
27970,normal
27971,normal
27972,normal
27973,normal
27974,normal
27975,normal
27976,normal
27977,normal
27978,normal
27979,normal
27980,normal
27981,normal
27982,normal
27983,normal
27984,normal
27985,normal
27986,normal
27987,normal
27988,normal
27989,normal
27990,normal
27991,normal
27992,normal
27993,normal
27994,normal
27995,normal
27996,normal
27997,normal
27998,normal
27999,normal
28000,normal
28001,normal
28002,normal
28003,normal
28004,normal
28005,normal
28006,normal
28007,normal
28008,normal
28009,normal
28010,normal
28011,normal
28012,normal
28013,normal
28014,normal
28015,normal
28016,normal
28017,normal
28018,normal
28019,normal
28020,normal
28021,normal
28022,normal
28023,normal
28024,normal
28025,normal
28026,normal
28027,normal
28028,normal
28029,normal
28030,normal
28031,normal
28032,normal
28033,normal
28034,normal
28035,normal
28036,normal
28037,normal
28038,normal
28039,normal
28040,normal
28041,normal
28042,normal
28043,normal
28044,normal
28045,normal
28046,normal
28047,normal
28048,normal
28049,normal
28050,normal
28051,normal
28052,normal
28053,normal
28054,normal
28055,normal
28056,normal
28057,normal
28058,normal
28059,normal
28060,normal
28061,normal
28062,normal
28063,normal
28064,normal
28065,normal
28066,normal
28067,normal
28068,normal
28069,normal
28070,normal
28071,normal
28072,normal
28073,normal
28074,normal
28075,normal
28076,normal
28077,normal
28078,normal
28079,normal
28080,normal
28081,normal
28082,normal
28083,normal
28084,normal
28085,normal
28086,normal
28087,normal
28088,normal
28089,normal
28090,normal
28091,normal
28092,normal
28093,normal
28094,normal
28095,normal
28096,normal
28097,normal
28098,normal
28099,normal
28100,normal
28101,normal
28102,normal
28103,normal
28104,normal
28105,normal
28106,normal
28107,normal
28108,normal
28109,normal
28110,normal
28111,normal
28112,normal
28113,normal
28114,normal
28115,normal
28116,normal
28117,normal
28118,normal
28119,normal
28120,normal
28121,normal
28122,normal
28123,normal
28124,normal
28125,normal
28126,normal
28127,normal
28128,normal
28129,normal
28130,normal
28131,normal
28132,normal
28133,normal
28134,normal
28135,normal
28136,normal
28137,normal
28138,normal
28139,normal
28140,normal
28141,normal
28142,normal
28143,normal
28144,normal
28145,normal
28146,normal
28147,normal
28148,normal
28149,normal
28150,normal
28151,normal
28152,normal
28153,normal
28154,normal
28155,normal
28156,normal
28157,normal
28158,normal
28159,normal
28160,normal
28161,normal
28162,normal
28163,normal
28164,normal
28165,normal
28166,normal
28167,normal
28168,normal
28169,normal
28170,normal
28171,normal
28172,normal
28173,normal
28174,normal
28175,normal
28176,normal
28177,normal
28178,normal
28179,normal
28180,normal
28181,normal
28182,normal
28183,normal
28184,normal
28185,normal
28186,normal
28187,normal
28188,normal
28189,normal
28190,normal
28191,normal
28192,normal
28193,normal
28194,normal
28195,normal
28196,normal
28197,normal
28198,normal
28199,normal
28200,normal
28201,normal
28202,normal
28203,normal
28204,normal
28205,normal
28206,normal
28207,normal
28208,normal
28209,normal
28210,normal
28211,normal
28212,normal
28213,normal
28214,normal
28215,normal
28216,normal
28217,normal
28218,normal
28219,normal
28220,normal
28221,normal
28222,normal
28223,normal
28224,normal
28225,normal
28226,normal
28227,normal
28228,normal
28229,normal
28230,normal
28231,device_spoofing
28232,normal
28233,normal
28234,normal
28235,normal
28236,normal
28237,normal
28238,normal
28239,normal
28240,normal
28241,normal
28242,normal
28243,normal
28244,normal
28245,normal
28246,normal
28247,normal
28248,normal
28249,normal
28250,normal
28251,normal
28252,normal
28253,normal
28254,normal
28255,normal
28256,normal
28257,normal
28258,normal
28259,normal
28260,normal
28261,normal
28262,normal
28263,normal
28264,normal
28265,normal
28266,normal
28267,normal
28268,normal
28269,normal
28270,impossible_travel
28271,normal
28272,normal
28273,normal
28274,normal
28275,normal
28276,normal
28277,normal
28278,normal
28279,normal
28280,normal
28281,normal
28282,normal
28283,normal
28284,normal
28285,normal
28286,normal
28287,impossible_travel
28288,normal
28289,normal
28290,normal
28291,normal
28292,normal
28293,normal
28294,normal
28295,normal
28296,normal
28297,normal
28298,normal
28299,normal
28300,normal
28301,normal
28302,normal
28303,normal
28304,normal
28305,normal
28306,normal
28307,normal
28308,normal
28309,normal
28310,normal
28311,normal
28312,normal
28313,normal
28314,normal
28315,normal
28316,normal
28317,normal
28318,normal
28319,normal
28320,normal
28321,normal
28322,normal
28323,normal
28324,normal
28325,normal
28326,normal
28327,normal
28328,normal
28329,normal
28330,normal
28331,normal
28332,normal
28333,normal
28334,normal
28335,normal
28336,normal
28337,normal
28338,normal
28339,normal
28340,normal
28341,normal
28342,normal
28343,normal
28344,normal
28345,device_spoofing
28346,normal
28347,normal
28348,normal
28349,normal
28350,normal
28351,normal
28352,lateral_movement
28353,lateral_movement
28354,normal
28355,normal
28356,normal
28357,lateral_movement
28358,lateral_movement
28359,normal
28360,lateral_movement
28361,normal
28362,normal
28363,normal
28364,normal
28365,normal
28366,normal
28367,normal
28368,normal
28369,normal
28370,normal
28371,normal
28372,normal
28373,normal
28374,normal
28375,normal
28376,normal
28377,normal
28378,normal
28379,normal
28380,normal
28381,normal
28382,normal
28383,normal
28384,normal
28385,normal
28386,normal
28387,normal
28388,normal
28389,normal
28390,normal
28391,normal
28392,normal
28393,normal
28394,normal
28395,normal
28396,normal
28397,normal
28398,normal
28399,normal
28400,normal
28401,normal
28402,normal
28403,normal
28404,normal
28405,normal
28406,normal
28407,normal
28408,normal
28409,normal
28410,normal
28411,normal
28412,normal
28413,normal
28414,normal
28415,normal
28416,normal
28417,normal
28418,normal
28419,normal
28420,normal
28421,normal
28422,normal
28423,normal
28424,normal
28425,normal
28426,normal
28427,normal
28428,normal
28429,normal
28430,normal
28431,normal
28432,normal
28433,normal
28434,normal
28435,normal
28436,normal
28437,normal
28438,normal
28439,normal
28440,normal
28441,normal
28442,normal
28443,normal
28444,normal
28445,normal
28446,normal
28447,normal
28448,normal
28449,normal
28450,normal
28451,normal
28452,normal
28453,normal
28454,normal
28455,normal
28456,low_and_slow_exfiltration
28457,normal
28458,normal
28459,normal
28460,normal
28461,normal
28462,normal
28463,normal
28464,normal
28465,normal
28466,normal
28467,normal
28468,normal
28469,normal
28470,normal
28471,normal
28472,normal
28473,normal
28474,normal
28475,normal
28476,normal
28477,normal
28478,normal
28479,normal
28480,normal
28481,normal
28482,normal
28483,normal
28484,low_and_slow_exfiltration
28485,normal
28486,normal
28487,normal
28488,normal
28489,normal
28490,normal
28491,normal
28492,normal
28493,normal
28494,normal
28495,normal
28496,normal
28497,normal
28498,normal
28499,normal
28500,normal
28501,normal
28502,normal
28503,normal
28504,normal
28505,normal
28506,normal
28507,normal
28508,normal
28509,normal
28510,normal
28511,normal
28512,normal
28513,normal
28514,normal
28515,normal
28516,normal
28517,normal
28518,normal
28519,normal
28520,normal
28521,normal
28522,normal
28523,normal
28524,normal
28525,normal
28526,normal
28527,normal
28528,normal
28529,normal
28530,normal
28531,normal
28532,normal
28533,normal
28534,normal
28535,normal
28536,normal
28537,normal
28538,normal
28539,normal
28540,normal
28541,normal
28542,normal
28543,normal
28544,normal
28545,normal
28546,normal
28547,normal
28548,normal
28549,normal
28550,normal
28551,normal
28552,normal
28553,normal
28554,normal
28555,normal
28556,normal
28557,normal
28558,normal
28559,normal
28560,normal
28561,normal
28562,normal
28563,normal
28564,normal
28565,normal
28566,normal
28567,normal
28568,normal
28569,normal
28570,normal
28571,normal
28572,normal
28573,normal
28574,normal
28575,normal
28576,normal
28577,normal
28578,normal
28579,normal
28580,normal
28581,normal
28582,normal
28583,normal
28584,normal
28585,normal
28586,normal
28587,normal
28588,normal
28589,normal
28590,normal
28591,normal
28592,normal
28593,normal
28594,normal
28595,normal
28596,normal
28597,normal
28598,normal
28599,normal
28600,normal
28601,normal
28602,normal
28603,normal
28604,normal
28605,normal
28606,normal
28607,normal
28608,normal
28609,normal
28610,normal
28611,normal
28612,normal
28613,normal
28614,normal
28615,insider_drift
28616,normal
28617,normal
28618,normal
28619,normal
28620,normal
28621,normal
28622,normal
28623,normal
28624,normal
28625,normal
28626,normal
28627,normal
28628,normal
28629,normal
28630,normal
28631,normal
28632,normal
28633,normal
28634,normal
28635,normal
28636,normal
28637,normal
28638,normal
28639,normal
28640,normal
28641,normal
28642,normal
28643,normal
28644,normal
28645,normal
28646,normal
28647,normal
28648,normal
28649,normal
28650,normal
28651,normal
28652,normal
28653,normal
28654,normal
28655,normal
28656,normal
28657,normal
28658,normal
28659,normal
28660,normal
28661,normal
28662,normal
28663,normal
28664,normal
28665,normal
28666,normal
28667,normal
28668,normal
28669,normal
28670,normal
28671,normal
28672,normal
28673,normal
28674,normal
28675,normal
28676,normal
28677,normal
28678,normal
28679,normal
28680,normal
28681,normal
28682,normal
28683,normal
28684,normal
28685,normal
28686,normal
28687,normal
28688,normal
28689,normal
28690,normal
28691,normal
28692,normal
28693,normal
28694,normal
28695,normal
28696,normal
28697,normal
28698,normal
28699,normal
28700,normal
28701,normal
28702,normal
28703,normal
28704,normal
28705,normal
28706,normal
28707,normal
28708,normal
28709,normal
28710,normal
28711,normal
28712,normal
28713,normal
28714,normal
28715,normal
28716,normal
28717,normal
28718,normal
28719,normal
28720,normal
28721,normal
28722,normal
28723,normal
28724,normal
28725,normal
28726,normal
28727,normal
28728,normal
28729,normal
28730,normal
28731,normal
28732,normal
28733,normal
28734,normal
28735,normal
28736,normal
28737,normal
28738,normal
28739,normal
28740,normal
28741,normal
28742,normal
28743,device_spoofing
28744,normal
28745,normal
28746,normal
28747,normal
28748,normal
28749,normal
28750,normal
28751,normal
28752,normal
28753,normal
28754,normal
28755,normal
28756,normal
28757,normal
28758,normal
28759,normal
28760,normal
28761,normal
28762,normal
28763,normal
28764,normal
28765,normal
28766,normal
28767,normal
28768,normal
28769,normal
28770,normal
28771,normal
28772,normal
28773,normal
28774,normal
28775,normal
28776,normal
28777,normal
28778,normal
28779,normal
28780,normal
28781,normal
28782,normal
28783,normal
28784,normal
28785,normal
28786,normal
28787,normal
28788,normal
28789,normal
28790,normal
28791,normal
28792,normal
28793,normal
28794,normal
28795,normal
28796,normal
28797,normal
28798,normal
28799,normal
28800,normal
28801,normal
28802,normal
28803,normal
28804,normal
28805,normal
28806,normal
28807,normal
28808,normal
28809,normal
28810,normal
28811,normal
28812,normal
28813,normal
28814,normal
28815,normal
28816,normal
28817,normal
28818,normal
28819,normal
28820,normal
28821,normal
28822,normal
28823,normal
28824,normal
28825,normal
28826,normal
28827,normal
28828,normal
28829,normal
28830,normal
28831,normal
28832,normal
28833,normal
28834,normal
28835,normal
28836,normal
28837,normal
28838,normal
28839,normal
28840,normal
28841,normal
28842,normal
28843,normal
28844,normal
28845,normal
28846,normal
28847,normal
28848,normal
28849,normal
28850,normal
28851,normal
28852,normal
28853,lateral_movement
28854,normal
28855,lateral_movement
28856,normal
28857,lateral_movement
28858,lateral_movement
28859,normal
28860,normal
28861,lateral_movement
28862,normal
28863,normal
28864,normal
28865,lateral_movement
28866,normal
28867,normal
28868,normal
28869,normal
28870,normal
28871,normal
28872,normal
28873,normal
28874,normal
28875,normal
28876,lateral_movement
28877,normal
28878,normal
28879,normal
28880,normal
28881,normal
28882,normal
28883,normal
28884,normal
28885,normal
28886,normal
28887,normal
28888,normal
28889,normal
28890,normal
28891,normal
28892,normal
28893,normal
28894,normal
28895,normal
28896,normal
28897,normal
28898,normal
28899,normal
28900,normal
28901,normal
28902,normal
28903,normal
28904,normal
28905,normal
28906,normal
28907,normal
28908,normal
28909,normal
28910,normal
28911,normal
28912,normal
28913,normal
28914,normal
28915,normal
28916,normal
28917,normal
28918,normal
28919,normal
28920,normal
28921,normal
28922,normal
28923,normal
28924,normal
28925,normal
28926,normal
28927,normal
28928,normal
28929,normal
28930,normal
28931,normal
28932,normal
28933,normal
28934,normal
28935,normal
28936,normal
28937,normal
28938,normal
28939,normal
28940,normal
28941,normal
28942,normal
28943,normal
28944,normal
28945,normal
28946,normal
28947,normal
28948,normal
28949,normal
28950,normal
28951,normal
28952,normal
28953,normal
28954,normal
28955,normal
28956,normal
28957,normal
28958,normal
28959,normal
28960,normal
28961,normal
28962,normal
28963,normal
28964,normal
28965,normal
28966,normal
28967,normal
28968,normal
28969,normal
28970,normal
28971,normal
28972,normal
28973,normal
28974,normal
28975,normal
28976,normal
28977,normal
28978,normal
28979,normal
28980,normal
28981,normal
28982,normal
28983,normal
28984,normal
28985,normal
28986,normal
28987,normal
28988,normal
28989,normal
28990,normal
28991,normal
28992,normal
28993,normal
28994,normal
28995,normal
28996,normal
28997,normal
28998,normal
28999,normal
29000,normal
29001,normal
29002,normal
29003,normal
29004,normal
29005,normal
29006,normal
29007,normal
29008,normal
29009,normal
29010,normal
29011,normal
29012,normal
29013,normal
29014,normal
29015,normal
29016,normal
29017,normal
29018,normal
29019,normal
29020,normal
29021,normal
29022,normal
29023,normal
29024,normal
29025,normal
29026,normal
29027,normal
29028,normal
29029,normal
29030,normal
29031,normal
29032,normal
29033,normal
29034,normal
29035,normal
29036,normal
29037,normal
29038,normal
29039,normal
29040,normal
29041,normal
29042,normal
29043,normal
29044,normal
29045,normal
29046,normal
29047,normal
29048,normal
29049,normal
29050,normal
29051,normal
29052,normal
29053,normal
29054,normal
29055,normal
29056,normal
29057,normal
29058,normal
29059,normal
29060,normal
29061,normal
29062,normal
29063,normal
29064,normal
29065,normal
29066,normal
29067,normal
29068,normal
29069,normal
29070,normal
29071,normal
29072,normal
29073,normal
29074,normal
29075,normal
29076,normal
29077,normal
29078,normal
29079,normal
29080,normal
29081,normal
29082,normal
29083,normal
29084,normal
29085,normal
29086,normal
29087,normal
29088,normal
29089,normal
29090,normal
29091,normal
29092,normal
29093,normal
29094,normal
29095,normal
29096,normal
29097,normal
29098,normal
29099,normal
29100,normal
29101,normal
29102,normal
29103,normal
29104,normal
29105,normal
29106,normal
29107,normal
29108,normal
29109,normal
29110,normal
29111,normal
29112,normal
29113,normal
29114,normal
29115,normal
29116,normal
29117,normal
29118,normal
29119,normal
29120,normal
29121,normal
29122,normal
29123,normal
29124,normal
29125,normal
29126,normal
29127,normal
29128,normal
29129,normal
29130,normal
29131,normal
29132,normal
29133,normal
29134,normal
29135,normal
29136,normal
29137,normal
29138,normal
29139,normal
29140,normal
29141,normal
29142,normal
29143,normal
29144,normal
29145,normal
29146,normal
29147,normal
29148,normal
29149,normal
29150,normal
29151,normal
29152,normal
29153,normal
29154,normal
29155,normal
29156,normal
29157,normal
29158,normal
29159,normal
29160,normal
29161,normal
29162,normal
29163,normal
29164,normal
29165,normal
29166,normal
29167,normal
29168,normal
29169,normal
29170,normal
29171,normal
29172,normal
29173,normal
29174,normal
29175,normal
29176,normal
29177,normal
29178,normal
29179,normal
29180,normal
29181,normal
29182,normal
29183,normal
29184,normal
29185,normal
29186,normal
29187,normal
29188,normal
29189,normal
29190,normal
29191,normal
29192,normal
29193,normal
29194,normal
29195,normal
29196,normal
29197,normal
29198,normal
29199,normal
29200,normal
29201,normal
29202,normal
29203,normal
29204,normal
29205,normal
29206,normal
29207,normal
29208,normal
29209,normal
29210,normal
29211,normal
29212,normal
29213,insider_drift
29214,normal
29215,normal
29216,normal
29217,normal
29218,normal
29219,normal
29220,normal
29221,normal
29222,normal
29223,normal
29224,normal
29225,normal
29226,normal
29227,normal
29228,normal
29229,normal
29230,normal
29231,normal
29232,normal
29233,normal
29234,normal
29235,normal
29236,normal
29237,normal
29238,normal
29239,normal
29240,normal
29241,insider_drift
29242,normal
29243,normal
29244,normal
29245,normal
29246,normal
29247,normal
29248,normal
29249,normal
29250,normal
29251,normal
29252,normal
29253,normal
29254,normal
29255,normal
29256,normal
29257,normal
29258,normal
29259,normal
29260,normal
29261,normal
29262,normal
29263,normal
29264,normal
29265,normal
29266,normal
29267,normal
29268,normal
29269,normal
29270,normal
29271,normal
29272,normal
29273,normal
29274,normal
29275,normal
29276,normal
29277,normal
29278,normal
29279,normal
29280,normal
29281,normal
29282,normal
29283,normal
29284,normal
29285,normal
29286,normal
29287,normal
29288,normal
29289,normal
29290,normal
29291,normal
29292,normal
29293,normal
29294,normal
29295,normal
29296,normal
29297,normal
29298,normal
29299,normal
29300,normal
29301,normal
29302,normal
29303,normal
29304,normal
29305,normal
29306,normal
29307,normal
29308,normal
29309,normal
29310,normal
29311,normal
29312,normal
29313,normal
29314,normal
29315,normal
29316,normal
29317,normal
29318,normal
29319,normal
29320,normal
29321,normal
29322,normal
29323,normal
29324,normal
29325,normal
29326,normal
29327,normal
29328,normal
29329,normal
29330,normal
29331,normal
29332,normal
29333,normal
29334,normal
29335,normal
29336,normal
29337,normal
29338,normal
29339,normal
29340,normal
29341,normal
29342,normal
29343,normal
29344,normal
29345,normal
29346,normal
29347,normal
29348,normal
29349,normal
29350,normal
29351,normal
29352,normal
29353,normal
29354,normal
29355,normal
29356,normal
29357,normal
29358,normal
29359,normal
29360,normal
29361,normal
29362,normal
29363,normal
29364,normal
29365,normal
29366,normal
29367,normal
29368,normal
29369,normal
29370,normal
29371,normal
29372,normal
29373,normal
29374,normal
29375,normal
29376,normal
29377,normal
29378,normal
29379,normal
29380,normal
29381,normal
29382,normal
29383,normal
29384,normal
29385,normal
29386,normal
29387,normal
29388,normal
29389,normal
29390,normal
29391,normal
29392,normal
29393,normal
29394,normal
29395,normal
29396,normal
29397,normal
29398,normal
29399,normal
29400,normal
29401,normal
29402,normal
29403,normal
29404,normal
29405,normal
29406,normal
29407,normal
29408,normal
29409,normal
29410,normal
29411,normal
29412,normal
29413,normal
29414,normal
29415,normal
29416,normal
29417,normal
29418,normal
29419,normal
29420,normal
29421,normal
29422,normal
29423,normal
29424,normal
29425,normal
29426,normal
29427,normal
29428,normal
29429,normal
29430,normal
29431,normal
29432,normal
29433,normal
29434,normal
29435,normal
29436,normal
29437,normal
29438,normal
29439,normal
29440,normal
29441,normal
29442,normal
29443,normal
29444,normal
29445,normal
29446,normal
29447,normal
29448,normal
29449,normal
29450,normal
29451,normal
29452,normal
29453,normal
29454,normal
29455,normal
29456,normal
29457,normal
29458,normal
29459,normal
29460,impossible_travel
29461,normal
29462,impossible_travel
29463,normal
29464,normal
29465,normal
29466,normal
29467,normal
29468,normal
29469,normal
29470,normal
29471,normal
29472,normal
29473,normal
29474,normal
29475,normal
29476,normal
29477,normal
29478,normal
29479,normal
29480,normal
29481,normal
29482,normal
29483,normal
29484,normal
29485,normal
29486,normal
29487,normal
29488,normal
29489,normal
29490,normal
29491,normal
29492,normal
29493,normal
29494,normal
29495,normal
29496,normal
29497,normal
29498,normal
29499,normal
29500,normal
29501,normal
29502,normal
29503,normal
29504,normal
29505,normal
29506,normal
29507,normal
29508,normal
29509,normal
29510,normal
29511,normal
29512,normal
29513,normal
29514,normal
29515,normal
29516,normal
29517,normal
29518,normal
29519,normal
29520,insider_drift
29521,normal
29522,normal
29523,normal
29524,normal
29525,normal
29526,normal
29527,normal
29528,normal
29529,normal
29530,normal
29531,normal
29532,normal
29533,normal
29534,normal
29535,normal
29536,normal
29537,normal
29538,normal
29539,normal
29540,normal
29541,normal
29542,normal
29543,normal
29544,normal
29545,normal
29546,normal
29547,normal
29548,normal
29549,normal
29550,normal
29551,normal
29552,normal
29553,normal
29554,normal
29555,normal
29556,normal
29557,normal
29558,normal
29559,normal
29560,normal
29561,normal
29562,normal
29563,normal
29564,normal
29565,normal
29566,normal
29567,normal
29568,normal
29569,normal
29570,normal
29571,normal
29572,normal
29573,normal
29574,normal
29575,normal
29576,normal
29577,normal
29578,normal
29579,normal
29580,normal
29581,normal
29582,normal
29583,normal
29584,normal
29585,normal
29586,normal
29587,normal
29588,normal
29589,normal
29590,normal
29591,normal
29592,normal
29593,normal
29594,normal
29595,normal
29596,normal
29597,normal
29598,normal
29599,normal
29600,normal
29601,normal
29602,normal
29603,normal
29604,normal
29605,normal
29606,normal
29607,normal
29608,normal
29609,normal
29610,normal
29611,normal
29612,normal
29613,normal
29614,normal
29615,normal
29616,normal
29617,insider_drift
29618,normal
29619,normal
29620,normal
29621,normal
29622,normal
29623,normal
29624,normal
29625,normal
29626,normal
29627,normal
29628,normal
29629,normal
29630,normal
29631,normal
29632,normal
29633,normal
29634,normal
29635,normal
29636,normal
29637,normal
29638,normal
29639,normal
29640,normal
29641,normal
29642,normal
29643,normal
29644,normal
29645,normal
29646,normal
29647,normal
29648,normal
29649,normal
29650,normal
29651,normal
29652,normal
29653,normal
29654,normal
29655,normal
29656,normal
29657,normal
29658,normal
29659,insider_drift
29660,normal
29661,normal
29662,normal
29663,normal
29664,normal
29665,normal
29666,normal
29667,normal
29668,normal
29669,normal
29670,normal
29671,normal
29672,normal
29673,normal
29674,normal
29675,normal
29676,normal
29677,normal
29678,normal
29679,normal
29680,normal
29681,normal
29682,normal
29683,normal
29684,normal
29685,normal
29686,normal
29687,normal
29688,normal
29689,normal
29690,normal
29691,normal
29692,normal
29693,normal
29694,normal
29695,normal
29696,normal
29697,normal
29698,normal
29699,normal
29700,normal
29701,normal
29702,normal
29703,normal
29704,normal
29705,normal
29706,normal
29707,normal
29708,normal
29709,normal
29710,normal
29711,normal
29712,normal
29713,normal
29714,normal
29715,normal
29716,normal
29717,normal
29718,normal
29719,normal
29720,normal
29721,normal
29722,normal
29723,normal
29724,normal
29725,normal
29726,normal
29727,normal
29728,normal
29729,normal
29730,normal
29731,normal
29732,normal
29733,normal
29734,normal
29735,normal
29736,normal
29737,normal
29738,normal
29739,normal
29740,normal
29741,normal
29742,normal
29743,normal
29744,normal
29745,normal
29746,normal
29747,normal
29748,normal
29749,normal
29750,normal
29751,normal
29752,normal
29753,normal
29754,normal
29755,normal
29756,normal
29757,normal
29758,normal
29759,normal
29760,normal
29761,normal
29762,normal
29763,normal
29764,normal
29765,normal
29766,normal
29767,normal
29768,normal
29769,normal
29770,normal
29771,normal
29772,normal
29773,normal
29774,normal
29775,normal
29776,normal
29777,normal
29778,normal
29779,normal
29780,normal
29781,normal
29782,normal
29783,normal
29784,normal
29785,normal
29786,normal
29787,normal
29788,normal
29789,normal
29790,normal
29791,normal
29792,normal
29793,normal
29794,normal
29795,normal
29796,normal
29797,normal
29798,normal
29799,normal
29800,normal
29801,normal
29802,normal
29803,normal
29804,normal
29805,normal
29806,normal
29807,normal
29808,normal
29809,normal
29810,normal
29811,normal
29812,normal
29813,normal
29814,normal
29815,normal
29816,normal
29817,normal
29818,normal
29819,normal
29820,normal
29821,normal
29822,normal
29823,normal
29824,normal
29825,normal
29826,normal
29827,normal
29828,normal
29829,normal
29830,normal
29831,normal
29832,normal
29833,normal
29834,normal
29835,normal
29836,normal
29837,normal
29838,normal
29839,normal
29840,normal
29841,normal
29842,normal
29843,normal
29844,normal
29845,normal
29846,normal
29847,normal
29848,normal
29849,normal
29850,normal
29851,normal
29852,normal
29853,normal
29854,normal
29855,normal
29856,normal
29857,normal
29858,normal
29859,normal
29860,normal
29861,normal
29862,normal
29863,normal
29864,normal
29865,normal
29866,normal
29867,normal
29868,normal
29869,normal
29870,normal
29871,normal
29872,normal
29873,normal
29874,normal
29875,device_spoofing
29876,normal
29877,normal
29878,normal
29879,normal
29880,normal
29881,normal
29882,normal
29883,normal
29884,normal
29885,normal
29886,normal
29887,normal
29888,normal
29889,normal
29890,normal
29891,normal
29892,normal
29893,normal
29894,normal
29895,normal
29896,normal
29897,normal
29898,normal
29899,normal
29900,normal
29901,normal
29902,normal
29903,normal
29904,normal
29905,normal
29906,normal
29907,normal
29908,normal
29909,normal
29910,normal
29911,normal
29912,normal
29913,normal
29914,normal
29915,normal
29916,normal
29917,normal
29918,normal
29919,normal
29920,normal
29921,normal
29922,normal
29923,normal
29924,device_spoofing
29925,normal
29926,normal
29927,normal
29928,normal
29929,normal
29930,normal
29931,normal
29932,normal
29933,normal
29934,normal
29935,normal
29936,normal
29937,normal
29938,normal
29939,normal
29940,normal
29941,normal
29942,normal
29943,normal
29944,normal
29945,normal
29946,normal
29947,normal
29948,normal
29949,normal
29950,normal
29951,normal
29952,normal
29953,normal
29954,normal
29955,normal
29956,normal
29957,normal
29958,normal
29959,normal
29960,normal
29961,normal
29962,normal
29963,normal
29964,normal
29965,normal
29966,normal
29967,normal
29968,normal
29969,normal
29970,normal
29971,normal
29972,normal
29973,normal
29974,normal
29975,normal
29976,normal
29977,normal
29978,normal
29979,normal
29980,normal
29981,normal
29982,normal
29983,normal
29984,normal
29985,normal
29986,normal
29987,normal
29988,normal
29989,normal
29990,normal
29991,normal
29992,normal
29993,normal
29994,normal
29995,normal
29996,normal
29997,normal
29998,normal
29999,normal
30000,normal
30001,normal
30002,normal
30003,normal
30004,normal
30005,normal
30006,normal
30007,device_spoofing
30008,normal
30009,normal
30010,normal
30011,normal
30012,normal
30013,normal
30014,normal
30015,normal
30016,normal
30017,normal
30018,normal
30019,normal
30020,normal
30021,normal
30022,normal
30023,normal
30024,normal
30025,normal
30026,normal
30027,normal
30028,normal
30029,normal
30030,normal
30031,normal
30032,normal
30033,normal
30034,normal
30035,normal
30036,normal
30037,normal
30038,normal
30039,normal
30040,normal
30041,normal
30042,normal
30043,normal
30044,normal
30045,normal
30046,normal
30047,normal
30048,normal
30049,normal
30050,normal
30051,normal
30052,normal
30053,normal
30054,normal
30055,normal
30056,normal
30057,normal
30058,normal
30059,normal
30060,normal
30061,normal
30062,normal
30063,normal
30064,normal
30065,normal
30066,normal
30067,normal
30068,normal
30069,normal
30070,normal
30071,normal
30072,normal
30073,normal
30074,normal
30075,normal
30076,normal
30077,normal
30078,normal
30079,normal
30080,normal
30081,normal
30082,normal
30083,normal
30084,normal
30085,normal
30086,normal
30087,normal
30088,normal
30089,normal
30090,normal
30091,normal
30092,normal
30093,normal
30094,normal
30095,normal
30096,normal
30097,normal
30098,normal
30099,normal
30100,normal
30101,normal
30102,normal
30103,normal
30104,normal
30105,normal
30106,normal
30107,normal
30108,normal
30109,normal
30110,normal
30111,normal
30112,normal
30113,normal
30114,normal
30115,normal
30116,normal
30117,normal
30118,normal
30119,normal
30120,normal
30121,normal
30122,normal
30123,normal
30124,normal
30125,normal
30126,normal
30127,normal
30128,normal
30129,normal
30130,normal
30131,normal
30132,normal
30133,normal
30134,normal
30135,normal
30136,normal
30137,normal
30138,normal
30139,normal
30140,normal
30141,normal
30142,normal
30143,normal
30144,normal
30145,normal
30146,normal
30147,normal
30148,normal
30149,normal
30150,normal
30151,normal
30152,normal
30153,normal
30154,normal
30155,normal
30156,normal
30157,normal
30158,normal
30159,normal
30160,normal
30161,normal
30162,normal
30163,normal
30164,normal
30165,normal
30166,normal
30167,normal
30168,normal
30169,normal
30170,normal
30171,normal
30172,normal
30173,normal
30174,normal
30175,normal
30176,normal
30177,normal
30178,normal
30179,normal
30180,normal
30181,normal
30182,normal
30183,normal
30184,normal
30185,normal
30186,normal
30187,normal
30188,normal
30189,normal
30190,normal
30191,normal
30192,impossible_travel
30193,normal
30194,normal
30195,normal
30196,normal
30197,normal
30198,normal
30199,normal
30200,impossible_travel
30201,normal
30202,normal
30203,normal
30204,normal
30205,normal
30206,normal
30207,normal
30208,normal
30209,normal
30210,normal
30211,normal
30212,normal
30213,normal
30214,normal
30215,normal
30216,normal
30217,normal
30218,normal
30219,normal
30220,normal
30221,normal
30222,normal
30223,normal
30224,normal
30225,normal
30226,normal
30227,normal
30228,normal
30229,normal
30230,normal
30231,normal
30232,normal
30233,normal
30234,normal
30235,normal
30236,normal
30237,normal
30238,normal
30239,normal
30240,normal
30241,normal
30242,normal
30243,normal
30244,normal
30245,normal
30246,normal
30247,normal
30248,normal
30249,normal
30250,normal
30251,normal
30252,normal
30253,normal
30254,normal
30255,normal
30256,normal
30257,normal
30258,normal
30259,normal
30260,normal
30261,normal
30262,normal
30263,normal
30264,normal
30265,normal
30266,normal
30267,normal
30268,normal
30269,normal
30270,normal
30271,normal
30272,normal
30273,normal
30274,normal
30275,normal
30276,normal
30277,normal
30278,normal
30279,normal
30280,normal
30281,normal
30282,normal
30283,normal
30284,normal
30285,normal
30286,normal
30287,normal
30288,normal
30289,normal
30290,normal
30291,normal
30292,normal
30293,normal
30294,normal
30295,normal
30296,normal
30297,normal
30298,normal
30299,normal
30300,normal
30301,normal
30302,normal
30303,normal
30304,normal
30305,normal
30306,normal
30307,normal
30308,normal
30309,normal
30310,normal
30311,normal
30312,normal
30313,normal
30314,normal
30315,normal
30316,normal
30317,normal
30318,normal
30319,normal
30320,normal
30321,normal
30322,normal
30323,normal
30324,normal
30325,normal
30326,normal
30327,normal
30328,normal
30329,normal
30330,normal
30331,normal
30332,normal
30333,normal
30334,normal
30335,normal
30336,normal
30337,normal
30338,normal
30339,normal
30340,normal
30341,normal
30342,normal
30343,normal
30344,normal
30345,normal
30346,normal
30347,normal
30348,normal
30349,normal
30350,normal
30351,normal
30352,normal
30353,normal
30354,normal
30355,normal
30356,normal
30357,normal
30358,normal
30359,normal
30360,normal
30361,normal
30362,normal
30363,normal
30364,normal
30365,normal
30366,normal
30367,normal
30368,normal
30369,normal
30370,normal
30371,normal
30372,normal
30373,normal
30374,normal
30375,normal
30376,normal
30377,normal
30378,normal
30379,normal
30380,normal
30381,normal
30382,normal
30383,normal
30384,normal
30385,normal
30386,normal
30387,normal
30388,normal
30389,normal
30390,normal
30391,normal
30392,normal
30393,normal
30394,normal
30395,normal
30396,normal
30397,normal
30398,normal
30399,normal
30400,normal
30401,normal
30402,normal
30403,normal
30404,normal
30405,normal
30406,normal
30407,normal
30408,normal
30409,normal
30410,normal
30411,normal
30412,normal
30413,normal
30414,normal
30415,normal
30416,normal
30417,normal
30418,normal
30419,normal
30420,normal
30421,normal
30422,normal
30423,normal
30424,normal
30425,normal
30426,normal
30427,normal
30428,normal
30429,normal
30430,normal
30431,normal
30432,normal
30433,insider_drift
